person_x,kinsman,person_gender,kinsman_gender,ontology_kinship
"Aaron, brother of Alousianos","Alousianos, son of Ioannes/John Vladislav",Male,Male,FatherOf
Emperor Konstantinos VIII,Emperor Romanos II,Male,,SonOf
"Aaron, brother of Alousianos","John Vladislav, ruler of Bulgaria",Male,Male,SonOf
"Adrianos Komnenos, brother of Alexios I",Anna Dalassene,Male,Female,SonOf
"Akindynos, tax-payer at chorion of Dobrobikeia","Kaletza, mother of tax-payer at Dobrobikeia",Male,Female,SonOf
"'Allaf, son of Hassan ibn al-Mufarrij",Hassan ibn al-Mufarrij ibn al-Jarrah (Pinzarach),Male,Male,SonOf
Emperor Alexios I Komnenos,Anna Dalassene,Male,Female,SonOf
Emperor Alexios I Komnenos,"Ioannes Komnenos, father of Alexios I",Male,Male,SonOf
"Amer, son of the ruler of Aleppo",Arab ruler of Aleppo,Male,Male,SonOf
"Amer, son of the ruler of Aleppo",Arab ruler of Aleppo (Salih b. Mirdas?),Male,Male,SonOf
"Andronikos Doukas, son of the kaisar Ioannes","Ioannes Doukas, kaisar",Male,Male,SonOf
"Andronikos Doukas, brother of Michael VII",Emperor Konstantinos X Doukas,Male,Male,SonOf
"Andronikos Doukas, brother of Michael VII",Empress Eudokia Makrembolitissa,Male,Female,SonOf
"Niketas, synkellos and chartophylax, son of Koronis","Koronis, mother of Niketas chartophylax and synkellos",,,SonOf
"(Ioannes) Bryennios the patrikios, father of the kaisar",Nikephoros Bryennios usurper [1077],Male,Male,SonOf
child (son?) of Romanos IV,Emperor Romanos IV Diogenes,Male,Male,SonOf
Seljuk sultan (Malik-shah?),Seljuk sultan (Alp Arslan?),Male,Male,SonOf
"son of Aleim, the commander of the fort of Berkrin","Aleim, Arab commander of the fort of Berkri",Male,Male,SonOf
son of amir of Sicily Apolaphar Mouchoumet,"Ahmad al-Akhal, amir of Sicily",Male,Male,SonOf
"son of Amer, amir of Egypt","wife of Amer, amir of Egypt",Male,Female,SonOf
"son of Amer, amir of Egypt","Amer, amir of Egypt",Male,Male,SonOf
"Boioannes, katepano of Italy in 1040s","Basileios Boioannes, katepano of Italy in 1020s",Male,Male,SonOf
"son of Theodosios Monomachos, cousin of Konstantinos IX","Theodosios Monomachos, cousin of Konstantinos IX",Male,Male,SonOf
"Kekaumenos, author of the Strategikon",mother of Kekaumenos,Male,Female,SonOf
"Kekaumenos, author of the Strategikon",father of Kekaumenos (the author),Male,Male,SonOf
son of Voislav Stefan,"Voislav Stefan, ruler of the Serbians",Male,Male,SonOf
son of Katakalon Klazomenites,"Katakalon Klazomenites, strategos of Ragusa",Male,Male,SonOf
son of Kekaumenos,"Kekaumenos, author of the Strategikon",Male,Male,SonOf
"son of Dobronas, ruler of Zara and Salona","Dobronas, ruler of Zadar and Split",Male,Male,SonOf
"Artaseiras, nephew of Aplesphares of Dvin","Phatloum, brother of Aplesphares of Dvin",Male,Male,SonOf
"Asan the Deaf, nephew of Tughrul Beg",brother of Tughrul Beg (Baihnu Israil Arslan?),Male,Male,SonOf
"Bagrat IV, king of Georgia","Mariam, wife of Giorgi I of Abchasia/Georgia",Male,Female,SonOf
"Bagrat IV, king of Georgia",wife of Giorgi (I?) of Abchasia (Maria?),Male,Female,SonOf
"Bagrat IV, king of Georgia","Georgios/Giorgi I, king of Abchasia and Georgia",Male,Male,SonOf
"Baltzar, son of Kegen","Kegen, Pecheneg leader",Male,Male,SonOf
Bardas Phokas the younger,"Nikephoros Phokas, son of Bardas Phokas",Male,Male,SonOf
"Basileios Apokapes, doux of Edessa","Michael Apokapes, commander of Edessa",Male,Male,SonOf
"Basileios Skleros, son of Romanos Skleros","Romanos Skleros, father of Basileios",Male,Male,SonOf
"Basileios, son of Semne, a servant of Eustathios Boilas","Semne, servant of Eustathios Boilas",Male,Female,SonOf
"Basileios, tax-payer at chorion of Dobrobikeia","Demetrios, father of tax-payer at Dobrobikeia",Male,Male,SonOf
"Basileios Teknodotes, protokentarchos of the strategos of Serres","Teknodotes, father of protokentarchos Basileios",Male,Male,SonOf
"Basileios Psellos, donor to Iveron","Georgios/Gregorios Psellos, father of Iveron donor Basileios",Male,Male,SonOf
"Basileios Psellos, donor to Iveron","Kale, wife of Georgios/Gregorios Psellos",Male,Female,SonOf
Bohemond of Taranto,Robert Guiscard,Male,Male,SonOf
"Christophoros, chartoularios of the oikonomeion of Hagia Sophia","Disypatos, father of the chartoularios Christophoros",Male,Male,SonOf
"Demetrios, son of Giorgi I of Abchasia/Georgia","Alde, wife of Giorgi I of Abchasia/Georgia",Male,Female,SonOf
"Demetrios, paroikos of Iveron","Samuel, father of a paroikos of Iveron",Male,Male,SonOf
"Demetrios, donor to Iveron","Maria, sister of Basileios and Merotas Psellos",Male,Female,SonOf
"Demetrios, paroikos of the proasteion of Eunouchou (Strymon)","widow, mother of the paroikos of Eunouchou Demetrios",Male,Female,SonOf
Eustathios Boilas,father of Eustathios Boilas,Male,Male,SonOf
Eustathios Boilas,mother of Eustathios Boilas,Male,Female,SonOf
"Gagik II, king of Armenia","Ashot IV the Brave, king of Armenia",Male,Male,SonOf
Georgios Palaiologos,"Nikephoros Palaiologos, advisor to Romanos IV and Nikephoros III",Male,Male,SonOf
Georgios Maniakes,"Goudelios Maniakes, father of Georgios Maniakes",Male,Male,SonOf
"Georgios, in household of Eustathios Boilas","Abasgos, servant of Eustathios Boilas",Male,Male,SonOf
"Georgios, tax-payer at chorion of Dobrobikeia","Eirotas, father of tax-payer of Dobrobikeia",Male,Male,SonOf
"Georgios, tax-payer at chorion of Dobrobikeia","Staurakios, father of tax-payer at Dobrobikeia",Male,Male,SonOf
"Georgios, tax-payer at chorion of Dobrobikeia","Kaletza, mother of tax-payer at Dobrobikeia",Male,Female,SonOf
"Georgios, tax-payer at chorion of Dobrobikeia","Gostri..., father of tax-payer at Dobrobikeia",Male,Male,SonOf
"Georgios, witness of Iveron act","Ratzes, father of Iveron act witness Georgios",Male,Male,SonOf
"Gregoras Nikoulitzas, son of Nikoulitzas Delphinas","Nikoulitzas Delphinas, official at Larissa",Male,Male,SonOf
"Gregorios Pakourianos, megas domestikos",father of Gregorios Pakourianos,Male,Male,SonOf
"Gregorios Pakourianos, megas domestikos",mother of Gregorios Pakourianos,Male,Female,SonOf
"Gregorios, son of Streboulos (of Thessalonike?)","Streboulos, father of Iveron act witness",Male,Male,SonOf
Emperor Ioannes II Komnenos,Emperor Alexios I Komnenos,Male,Male,SonOf
Emperor Ioannes II Komnenos,"Eirene Doukaina, wife of Alexios I",Male,Female,SonOf
"Ioannes VIII Xiphilinos, patriarch of Constantinople",father of Ioannes Xiphilinos,Male,Male,SonOf
"Ioannes VIII Xiphilinos, patriarch of Constantinople",mother of Ioannes Xiphilinos,Male,Female,SonOf
"Ioannes Bryennios, brother of usurper Nikephoros","Anna the kouropalatissa, mother of Nikephoros Bryennios the usurper",Male,Female,SonOf
"Ioannes Komnenos, father of Alexios I","Maria (?), wife of Manuel Komnenos Erotikos",Male,Female,SonOf
"Ioannes Komnenos, father of Alexios I",Manuel Komnenos Erotikos,Male,Male,SonOf
"Barkyaruq, Seljuq sultan","Malik-Shah, Seljuk sultan",,Male,SonOf
"Barkyaruq, Seljuq sultan","freed concubine of sultan Malik-Shah, mother of sultans Muhammad and Sanjar",,,SonOf
"Ioannes Doukas, brother of Eirene Doukaina","Andronikos Doukas, son of the kaisar Ioannes",Male,Male,SonOf
"Ioannes Doukas, brother of Eirene Doukaina","Maria of Bulgaria, wife of Andronikos Doukas",Male,Female,SonOf
"Ioannes Taronites (Taronitopoulos), doux of Skopje","Maria Komnene, sister of Alexios I, wife of Michael Taronites",Male,Female,SonOf
"Ioannes Komnenos, son of the sebastokrator Isaakios","Isaakios Komnenos, elder brother of Alexios I",Male,Male,SonOf
"Ioannes, son of presbyter Chariton (of Thessalonike?)","Chariton, presbyter (at Thessalonike?)",Male,Male,SonOf
"Ioannes, son of Styliane, citizen of Hierissos","Styliane, mother of Ioannes, a citizen of Hierissos",Male,Female,SonOf
"Ioannes Koptocheilos, son of tax-payer at Obilos","Basileios Koptocheilos, tax-payer at chorion of Obilos",Male,Male,SonOf
"Ioannes, tax-payer at chorion of Dobrobikeia","Ivan, father of tax-payer at chorion of Dobrobikeia",Male,Male,SonOf
"Ioannes, tax-payer at chorion of Dobrobikeia","Kyriakos Belaites, father of tax-payer at Dobrobikeia",Male,Male,SonOf
"Ioannes Tzertitzas, priest from village of Melitziane","Tzertitzas, father of priest Ioannes of Melitziane",Male,Male,SonOf
"Ioannes, witness of Iveron act","Agathonikos, father of Iveron act witness Ioannes",Male,Male,SonOf
"Ioannes, paroikos of the proasteion of Eunouchou (Strymon)","Tzyrkos, father of paroikos of Eunouchou Ioannes",Male,Male,SonOf
"Ioannes, paroikos of the proasteion of Eunouchou (Strymon)","Zerbos, father of paroikos of Eunouchou Ioannes",Male,Male,SonOf
Emperor Isaakios I Komnenos,"Maria (?), wife of Manuel Komnenos Erotikos",Male,Female,SonOf
Emperor Isaakios I Komnenos,Manuel Komnenos Erotikos,Male,Male,SonOf
"Isaakios Komnenos, elder brother of Alexios I",Anna Dalassene,Male,Female,SonOf
"Kegen, Pecheneg leader","Baltzar, father of Pecheneg leader Kegen",Male,Male,SonOf
Emperor Konstantinos IX Monomachos,"Theodosios Monomachos, cousin of Konstantinos IX",Male,Male,SonOf
Emperor Konstantinos IX Monomachos,"Theodosios Monomachos, father of Konstantinos IX",Male,Male,SonOf
"Konstantinos III Leichoudes, patriarch of Constantinople",father of Konstantinos Leichoudes,Male,Male,SonOf
"Konstantinos Doukas, son of Kaisar Ioannes","Ioannes Doukas, kaisar",Male,Male,SonOf
son of Philaretos Brachamios,Philaretos Brachamios,,Male,SonOf
"Konstantinos Doukas porphyrogennetos, son of Michael VII",Emperor Michael VII Doukas,Male,Male,SonOf
"Konstantinos Doukas porphyrogennetos, son of Michael VII","Maria of Alania, empress",Male,Female,SonOf
"Konstantinos Bodin, king of Duklja","Michael/Mihailo (Michaelas), son of Voislav Stefan",Male,Male,SonOf
"Konstantinos, nephew of patriarch Michael I Keroularios",elder brother of Michael Keroularios,Male,Male,SonOf
"Konstantinos, nephew of patriarch Michael I Keroularios",wife of brother of Michael Keroularios,Male,Female,SonOf
"Konstantinos Doukas, nephew of Eirene Doukaina","Michael Doukas, brother of Eirene Doukaina",Male,,SonOf
"Konstantinos Komnenos, megas droungarios, doux of Berroia","Isaakios Komnenos, elder brother of Alexios I",Male,Male,SonOf
"Konstantinos, son of Kyriakos slave of Eustathios Boilas","Kyriakos, slave of Eustathios Boilas",Male,Male,SonOf
"Konstantinos, tax-payer at chorion of Dobrobikeia","Chotianos, father of tax-payer at Dobrobikeia",Male,Male,SonOf
"Konstantinos, presbyter at Daonion","David, father of priest Konstantinos of Daonion",Male,Male,SonOf
"Konstantinos, protopsaltes and donor to Iveron","Maria, sister of Basileios and Merotas Psellos",Male,Female,SonOf
"Konstantios Doukas, brother of Michael VII",Emperor Konstantinos X Doukas,Male,Male,SonOf
"Konstantios Doukas, brother of Michael VII",Empress Eudokia Makrembolitissa,Male,Female,SonOf
"Qutlumish, cousin of Tughrul Beg","Arslan-Israil b. Seljuk, father of Kutulmush",Male,Male,SonOf
"Leon, strategos of Melitene in 1043","Lampros, father of the strategos of Melitene Leon",Male,Male,SonOf
"Leon, witness of Iveron act","Konstantinos, father of Iveron act witness Demetrios",Male,Male,SonOf
"Leon, witness of Iveron act","nomikos and father of Leon, witness of Iveron act",Male,Male,SonOf
"Liparit IV, duke of Trialeti","Horatios Liparites, father of Liparit IV",Male,Male,SonOf
"Mahmud of Ghazni, prince of Khurasan","Imbrael, father of Mahmud of Ghazna",Male,,SonOf
"Manuel Komnenos, eldest brother of Alexios I",Anna Dalassene,Male,Female,SonOf
"Manuel Komnenos, son of Isaakios I",Emperor Isaakios I Komnenos,Male,Male,SonOf
"Melech, son of Ibrahim Yinal","Ibrahim Yinal, half-brother of Tughrul Beg",Male,Male,SonOf
"Merotas Psellos, donor to Iveron","Georgios/Gregorios Psellos, father of Iveron donor Basileios",Male,Male,SonOf
"Merotas Psellos, donor to Iveron","Kale, wife of Georgios/Gregorios Psellos",Male,Female,SonOf
Emperor Michael V Kalaphates,"Maria, sister of Michael IV, mother of Michael V",Male,Female,SonOf
Emperor Michael V Kalaphates,"Stephanos, father of Michael V",Male,Male,SonOf
Emperor Michael VII Doukas,Empress Eudokia Makrembolitissa,Male,Female,SonOf
Emperor Michael VII Doukas,Emperor Konstantinos X Doukas,Male,Male,SonOf
Michael Psellos (named Konstantinos till tonsure in 1054),"Theodote, mother of Michael Psellos",Male,Female,SonOf
Michael Psellos (named Konstantinos till tonsure in 1054),father of Michael Psellos,Male,Male,SonOf
"Michael/Mihailo (Michaelas), son of Voislav Stefan","Voislav Stefan, ruler of the Serbians",Male,Male,SonOf
"Michael, doux of Dyrrachion in 1042","Anastasios, logothetes",Male,Male,SonOf
"Michael, son of Euthymios, leader of alleged rebellion against Konstantinos IX","Euthymios, father of the alleged leaders of a rebellion",Male,Male,SonOf
"Michael Doukas, brother of Eirene Doukaina","Maria of Bulgaria, wife of Andronikos Doukas",,Female,SonOf
"Michael Doukas, brother of Eirene Doukaina","Andronikos Doukas, son of the kaisar Ioannes",,Male,SonOf
"Michael, logothetes of the sekreta and gambros of the Komnenoi","Konstantinos, nephew of patriarch Michael I Keroularios",,Male,SonOf
"Michael, strategos of Ohrid (?), son of Polyeuktos","Polyeuktos, father of Michael the strategos of Ohrid (?)",Male,Male,SonOf
"Anastasios Lizix, patrikios, krites and vestarches",mother of Anastasios Lizix,Male,Female,SonOf
"Michael, in household of Eustathios Boilas","Laskaris, servant of Eustathios Boilas",Male,Male,SonOf
"Michael, tax-payer at chorion of Dobrobikeia","Chotianos, father of tax-payer at Dobrobikeia",Male,Male,SonOf
"Michael, archon of Sklaboarchontia","Karseres, father of archon of Sklaboarchontia Michael",Male,Male,SonOf
"Mousilios, spatharokandidatos and tourmarches","Pankratios, father of spatharokandidatos and tourmarches Mouselios",Male,Male,SonOf
"Mouseses, slave of Eustathios Boilas","Garipios, slave of Eustathios Boilas",Male,Male,SonOf
"Nesnanos, tax-payer at chorion of Dobrobikeia","Damianos, father of a tax-payer of Dobrobikeia",Male,Male,SonOf
"Nesnastros, tax-payer at chorion of Dobrobikeia","Kyriakos, father of tax-payer at Dobrobikeia",Male,Male,SonOf
"Nikephoros Basilakes, usurper [1078]","Phloros, father of Nikephoros Basilakes",Male,Male,SonOf
Nikephoros Bryennios usurper [1077],"Anna the kouropalatissa, mother of Nikephoros Bryennios the usurper",Male,Female,SonOf
Nikephoros Bryennios usurper [1077],Bryennios the ethnarches,Male,Male,SonOf
"Nikephoros Diogenes, son of Romanos IV",Emperor Romanos IV Diogenes,Female,Male,SonOf
"Nikephoros Diogenes, son of Romanos IV",Empress Eudokia Makrembolitissa,Female,Female,SonOf
"Nikephoros, leader of alleged rebellion against Konstantinos IX","Euthymios, father of the alleged leaders of a rebellion",Male,Male,SonOf
"Nikephoros, nephew of patriarch Michael I Keroularios",elder brother of Michael Keroularios,Male,Male,SonOf
"Nikephoros Melissenos, kaisar","Bourtzes, father of Nikephoros Melissenos",Male,,SonOf
"Nikephoros Komnenos, brother of Alexios I",Anna Dalassene,Male,Female,SonOf
"Nikephoros Bryennios, kaisar, husband of Anna Komnene",Nikephoros Bryennios usurper [1077],Male,Male,SonOf
"Nikephoros, son of Melabas, citizen of Hierissos","Melabas, citizen of Hierissos (?)",Male,Male,SonOf
"Nikolaos, tax-payer at chorion of Dobrobikeia","Georgios, father of tax-payer at Dobrobikeia",Male,Male,SonOf
"Pankratios Nikoulitzas, son of Nikoulitzas Delphinas","Nikoulitzas Delphinas, official at Larissa",Male,Male,SonOf
"Petros (Peter) Deljan, Bulgarian rebel","Radomir, son of Samuel of Bulgaria",Male,Male,SonOf
"Petros (Peter) Deljan, Bulgarian rebel","daughter of the Hungarian kral, first wife of Radomir of Bulgaria",Male,Female,SonOf
"Petros III, patriarch of Antioch","mother of Petros II, patriarch of Antioch",Male,,SonOf
"Petros III, patriarch of Antioch","father of Petros III, patriarch of Antioch",Male,,SonOf
"Petros, tax-payer at chorion of Dobrobikeia","Ivan, father of tax-payer at Dobrobikeia",Male,Male,SonOf
"Petros, tax-payer at chorion of Dobrobikeia","Eirotas, father of tax-payer of Dobrobikeia",Male,Male,SonOf
"Photeinos, paroikos at proasteion of Eunouchou (Strymon)","Prodanos, father of Photeinos",Male,Male,SonOf
"Prousianos, son of John Vladislav of Bulgaria","Maria, wife of Ioannes Vladislav of Bulgaria",Male,Female,SonOf
"Radomir, son of Samuel of Bulgaria",Samuel of Bulgaria,Male,Male,SonOf
Emperor Romanos IV Diogenes,"Konstantinos Diogenes, father of Romanos IV",Male,Male,SonOf
"Romanos Skleros, brother of Maria Skleraina",father of Romanos Skleros (brother of Skleraina),Male,Male,SonOf
"Romanos, son of protonobelissimos Georgios Palaiologos","Georgios Palaiologos, protonobelissimos at 1094 synod",,,SonOf
"Romanos, son of Eustathios Boilas",Eustathios Boilas,Male,Male,SonOf
"Romanos, son of Eustathios Boilas","Anna, wife of Eustathios Boilas",Male,Female,SonOf
"Stephanos Leichoudes, patrikios, governor of Vaspurakan","Konstantinos III Leichoudes, patriarch of Constantinople",Male,Male,SonOf
"Stylianos, witness of Iveron act","Xeropistares, father of Iveron act witness Stylianos",Male,Male,SonOf
Tatikios,father of Tatikios,Male,Male,SonOf
Theodoros Dokeianos,"daughter of Manuel Komnenos Erotikos, wife of Michael Dokeianos (?)",Male,Female,SonOf
"Theodoros, tax-payer at chorion of Dobrobikeia","Georgios, father of tax-payer of Dobrobikeia",Male,Male,SonOf
"Theodoros tou Skrapou, villager from Politziane (Strymon)","Skrapos, father of Theodoros from Politziane (Strymon)",Male,Male,SonOf
"Theodoros Blachos, paroikos at proasteion of Eunouchou (Strymon)","Klemes, father of paroikos Theodoros Blachos of Eunouchou (Strymon)",Male,Male,SonOf
"Theodosios Monomachos, cousin of Konstantinos IX","uncle of Konstantinos IX, father of Theodosios Monomachos",Male,Male,SonOf
"Tornikios Kontoleon, katepano of Italy, strategos of Hellas",father of Tornikios Kontoleon,Male,Male,SonOf
"Tughrul Beg, Seljuk Sultan","Mikhail b. Seljuk, father of Tughrul Beg",Male,Male,SonOf
"Tyrach, Pecheneg leader","Bilter, father of Pecheneg leader Tyrach",Male,Male,SonOf
"Tzernes, witness of Iveron act","Tzaeinos, father of Iveron act witness Tzernes",Male,Male,SonOf
"Ali az-Zahir, Fatimid caliph","al-Hakim, Fatimid caliph",Male,Male,SonOf
"Ali az-Zahir, Fatimid caliph","wife of al-Hakim, mother of Fatimid caliph Zahir",Male,Female,SonOf
infant grandchild of Michael Psellos,"Euphemia, adopted daughter of Michael Psellos",Male,Female,SonOf
priest (in the household?) of Michael Psellos,father of priest in household (?) of Michael Psellos,Male,Male,SonOf
priest (in the household?) of Michael Psellos,mother of priest in household (?) of Michael Psellos,Male,Female,SonOf
son of tavern-keeper Gorgoploutos,"Gorgoploutos, tavern-keeper in Constantinople",Male,Male,SonOf
son of Basileios Kalokairos,"Basileios Kalokairos, mentioned in synodal decision",Male,Male,SonOf
"Basileios, mentioned in synodal decision","Helena, mentioned in synodal decision",Male,Female,SonOf
"Demetrios, mentioned in synodal decision","Theodote, mentioned in synodal decision",Male,Female,SonOf
"Konstantinos Diogenes, son of Romanos IV",Emperor Romanos IV Diogenes,Male,Male,SonOf
"Leon, mentioned in synodal decision","Anthimos, protospatharios mentioned in synodal decision",Male,Male,SonOf
Michael Attaleiates,"Eirenikos, father of Michael Attaleiates",Male,Male,SonOf
Michael Attaleiates,"Kale, mother of Michael Attaleiates",Male,Female,SonOf
"Niketas, witness in lawsuit","Ioannes, protospatharios, father of lawsuit witness Niketas",Male,Male,SonOf
"Pothos, vestarches and cousin of Michael Psellos","droungarios, father of Pothos",Male,Male,SonOf
"Pothos, vestarches and cousin of Michael Psellos","droungaria, mother of Pothos",Male,Female,SonOf
"Theodoros, son of Michael Attaleiates",Michael Attaleiates,Male,Male,SonOf
"Andronikos Komnenos, son of Alexios I",Emperor Alexios I Komnenos,Male,Male,SonOf
"Andronikos Komnenos, son of Alexios I","Eirene Doukaina, wife of Alexios I",Male,Female,SonOf
"Isaakios Komnenos, son of Alexios I",Emperor Alexios I Komnenos,Male,Male,SonOf
son of notary Georgios (teacher of Lazaros of Galesion),"Georgios, notary and teacher of Lazaros of Galesion",Male,,SonOf
young boy whose death was foretold by Lazaros of Galesion,sailor whose son's death Lazaros of Galesion foretold,Male,Male,SonOf
poor villager from Kepion near Ephesos,mother of layman working on Mount Galesion,Male,Female,SonOf
"Basileios tou Blattopolou, monk on Mount Galesion","Blattopoles, father of monk Basileios of Mount Galesion",Male,Male,SonOf
"Georgios, son of Ioannes Libanos","Ioannes Libanos, visitor to Mount Galesion",Male,Male,SonOf
"Gregorios the cellarer, author of Lazaros of Galesion vita",mother of Gregorios the Cellarer of Mount Galesion,Male,Female,SonOf
"Ioannes of Opsikion, ascetic on Mount Galesion","nun on Mount Galesion, mother of monk Ioannes of Opsikion",Male,Female,SonOf
"Konstantinos, son of priest Menas of Samakios","Menas, priest from Samakios (near Galesion)",Male,Male,SonOf
"Kosmas, son of Konidiares","Konidiares, father of Kosmas",Male,Male,SonOf
"Kyrillos, oikonomos on Mount Galesion","Gregorios, monk on Mount Galesion",Male,Male,SonOf
"Laurentios Halmyrenos, monk on Mount Galesion","mother of Laurentios Halmyrenos, monk on Mount Galesion",Male,Female,SonOf
Lazaros of Mount Galesion,"Eirene, mother of Lazaros of Galesion",Male,Female,SonOf
Lazaros of Mount Galesion,"Niketas, father of Lazaros of Galesion",Male,Male,SonOf
"Manuel Komnenos, son of Alexios I",Emperor Alexios I Komnenos,Male,Male,SonOf
"Manuel Komnenos, son of Alexios I","Eirene Doukaina, wife of Alexios I",Male,Female,SonOf
"Nikephoros, krites of Thrakesion","proteuon, father of krites of Thrakesion Nikephoros",Male,Male,SonOf
"Bryennios, son of Ioannes Bryennios","Ioannes Bryennios, brother of usurper Nikephoros",Male,Male,SonOf
"Katakalon Tarchaneiotes, doux of Antioch","Joseph Tarchaneiotes, proedros and doux of Antioch",Male,Male,SonOf
Mansur ibn Qutlumish,"Qutlumish, cousin of Tughrul Beg",Male,Male,SonOf
Sulayman ibn Qutlumish,"Qutlumish, cousin of Tughrul Beg",Male,Male,SonOf
"Gregorios Gabras, son of Theodoros Gabras","Theodoros Gabras, ruler of Trebizond",Male,Male,SonOf
"Michael Iasites, husband of Eudokia, daughter of Alexios I","Konstantinos Iasites, at 1094 synod",Male,,SonOf
second son of Konstantinos X and Eudokia,Emperor Konstantinos X Doukas,Male,Male,SonOf
"Agapetos, paroikos at Berboulidion (Meander valley)","Grammatikos, father of paroikos Agapetos at Berboulidion (Meander valley)",Male,Male,SonOf
"Georgios, son of epoikos Ioannes Bagianos of Patmos","Ioannes Bagianos, epoikos on Patmos",Male,Male,SonOf
cousin of Gregorios Pakourianos,"Chosrienes, uncle of Gregorios Pakourianos",Male,Male,SonOf
"Apasios, brother of Gregorios Pakourianos",mother of Gregorios Pakourianos,Male,Female,SonOf
son of Nasr ibn Musharraf,"Nasr ibn Musharraf, Arab opponent of Antioch",Male,Male,SonOf
Shibl al-Dawla Abu Kamil Nasr ibn Salih ibn Mirdas,Salih ibn Mirdas al-Kilabi,Male,Male,SonOf
"Abu Ja'far 'Abd al-Malik al-Qa'im bi-Amr Allah, caliph of Baghdad","al-Qadir bi-llah Ahmad ibn al-Muqtadir, caliph of Baghdad",Male,Male,SonOf
"protonotarios of genikon logothesion, son of Ioannes Kyparissiotes","Ioannes Kyparissiotes, vestes and imperial notarios",Male,Male,SonOf
"Bardas, paroikos at Baris (Meander valley)","Georgios Mizoteros, father of paroikos Bardas at Baris (Meander valley)",Male,Male,SonOf
"Basileios, son of paroikos Ioannes Skrinos at Berboulidion (Meander valley)","Ioannes Skrinos, paroikos at Berboulidion (Meander valley)",Male,Male,SonOf
"Basileios, son of paroikos at Galaides (Meander valley)",paroikos at Galaides (Meander valley),Male,Male,SonOf
"Gregorios Kamateros, logariastes of sekreton of genikon","Basileios Kamateros, magistros and krites of the velon",Male,Male,SonOf
"Basileios, son of epoikos Konstantinos Kalamiotes Persikoures on Patmos","Konstantinos Kalamiotes Persikoures, epoikos on Patmos",Male,Male,SonOf
"Ioannes, son of paroikos Georgios Tzibos at Baris (Meander valley)","Georgios Tzibos, paroikos at Baris (Meander valley)",Male,Male,SonOf
"Georgios, paroikos at Olynthos (Meander valley)","Ioannes Sapounas, husband of paroikos Maria at Olynthos (Meander valley)",Male,Male,SonOf
"Ioannes, paroikos at Olynthos (Meander valley)","Basileios, father of paroikos Ioannes at Olynthos (Meander valley)",Male,Male,SonOf
"Georgios, son of paroikos Kyriakos at Olynthos (Meander valley)","Kyriakos, paroikos at Olynthos (Meander valley)",Male,Male,SonOf
"Georgios, paroikos at Olynthos (Meander valley)","horophylax, father of paroikos Georgios at Olynthos (Meander valley)",Male,Male,SonOf
"Georgios, son of paroikos Stratego at Gamma (Meander region)","Stratego, paroikos at Gamma (Meander region)",Male,Female,SonOf
"Georgios, paroikos at Gamma (Meander region)","Eirene Katzaradene, mother of paroikos Georgios at Gamma (Meander region)",Male,Female,SonOf
"Georgios, son of paroikos Georgios Maurogeorgios at Galaides (Meander valley)","Georgios Maurogeorgios, paroikos at Galaides (Meander valley)",Male,Male,SonOf
"Georgios, paroikos at Galaides (Meander valley)","Charokopina, mother of paroikos Georgios at Galaides (Meander valley)",Male,Female,SonOf
"Georgios, paroikos at Melanoudion (Meander valley)",mother of paroikos Georgios at Melanoudion (Meander valley),Male,Female,SonOf
"Ioannes, son of paroikos Helena at Gamma (Meander region)","Helena, paroikos at Gamma (Meander region)",Male,Female,SonOf
"Ioannes, son of paroikos Petros at Galaides (Meander valley)","Petros, paroikos at Galaides (Meander valley)",Male,Male,SonOf
"Ioannes, son of paroikos Georgios Sideras at Galaides (Meander valley)","Georgios Sideras, paroikos at Galaides (Meander valley)",Male,Male,SonOf
"Ioannes, paroikos at Galaides (Meander valley)","Pezoules, father of paroikos Ioannes at Galaides (Meander valley)",Male,Male,SonOf
"Ioannes, son of paroikos Georgios at Melanoudion (Meander valley)","Georgios, paroikos at Melanoudion (Meander valley)",Male,Male,SonOf
son of Kyrillos Phileotes,wife of Kyrillos Phileotes,Male,Female,SonOf
son of Kyrillos Phileotes,"Kyrillos Phileotes, holy man at Derkos (Thrace)",Male,Male,SonOf
son of Kyrillos Phileotes,wife of Kyrillos Phileotes,Male,Female,SonOf
"Kalos, son of epoikos Niketas Kateas of Patmos","Niketas Kateas, epoikos on Patmos",Male,Male,SonOf
"Konstantinos, son of paroikos Ioannes Agouritzes at Galaides (Meander valley)","Ioannes Agouritzes, paroikos at Galaides (Meander valley)",Male,Male,SonOf
"Kyriakos, paroikos at Baris (Meander valley)","Theophano, mother of paroikos Kyriakos at Baris (Meander valley)",Male,Female,SonOf
"Kyriakos, son of paroikos Ioannes at Olynthos (Meander valley)","Ioannes, paroikos at Olynthos (Meander valley)",Male,Male,SonOf
"Kyriakos, epoikos on Patmos","Kalos Patmiotes, epoikos on Patmos",Male,Male,SonOf
"Kyriakos, son of epoikos Basileios Kateas of Patmos","Basileios Kateas, epoikos on Patmos",Male,Male,SonOf
"Kyriakos, son of epoikos Konstantinos Papadopolos of Patmos","Konstantinos Papadopolos, epoikos on Patmos",Male,Male,SonOf
"Leon, son of paroikos Ioannes Skrinos at Berboulidion (Meander valley)","Ioannes Skrinos, paroikos at Berboulidion (Meander valley)",Male,Male,SonOf
"Leon, son of paroikos Georgios Sideras at Galaides (Meander valley)","Georgios Sideras, paroikos at Galaides (Meander valley)",Male,Male,SonOf
"Leon, son of paroikos Georgios Maurogeorgios at Galaides (Meander valley)","Georgios Maurogeorgios, paroikos at Galaides (Meander valley)",Male,Male,SonOf
"Leon, son of epoikos Kalos of Patmos","Kalos Patmiotes, epoikos on Patmos",Male,Male,SonOf
"Leon, son of epoikos Kyriakos of Patmos","Kyriakos, epoikos on Patmos",Male,Male,SonOf
"Lykianos, son of epoikos Kalos of Patmos","Kalos Patmiotes, epoikos on Patmos",Male,Male,SonOf
"Michael, son of paroikos Maria at Olynthos (Meander valley)","Maria, paroikos at proasteion of Olynthos (Meander valley)",Male,Female,SonOf
"Michael, son of paroikos Maria Zemedena at Olynthos (Meander valley)","Maria Zemedena, paroikos at Olynthos (Meander valley)",Male,Female,SonOf
"Michael, son of paroikos Eirene Karamalina at Gamma (Meander region)","Eirene Karamalina, paroikos at Gamma (Meander region)",Male,Female,SonOf
"Michael, paroikos at Galaides (Meander valley)","Aspidena, mother of paroikos Michael at Galaides (Meander valley)",Male,Female,SonOf
"Michael, son of epoikos Konstantinos Papadopolos of Patmos","Konstantinos Papadopolos, epoikos on Patmos",Male,Male,SonOf
"Moschos, paroikos at Baris (Meander valley)","Marouladena, mother of paroikos Moschos at Baris (Meander valley)",Male,Female,SonOf
"Moschos, son of paroikos Strategos at Olynthos (Meander valley)","Strategos, paroikos at Olynthos (Meander valley)",Male,Male,SonOf
"Nikephoros, son of paroikos Theocharistine at Baris (Meander valley)","Theocharistine, paroikos at Baris (Meander valley)",Male,Female,SonOf
"Nikephoros, paroikos at Mantrakle (Meander valley)","Sarakinos, father of paroikos Nikephoros at Mantrakle (Meander valley)",Male,Male,SonOf
"Nikephoros, son of epoikos Kyriakos Tzimischis of Patmos","Kyriakos Tzimischis, epoikos on Patmos",Male,Male,SonOf
"Niketas Kateas, epoikos on Patmos","Basileios Kateas, epoikos on Patmos",Male,Male,SonOf
"Nikolaos, paroikos at Olynthos (Meander valley)","Samonas, father of paroikos Nikolaos at Olynthos (Meander valley)",Male,Male,SonOf
"Petros, paroikos at Galaides (Meander valley)","Phaus, father of paroikos Petros at Galaides (Meander valley)",Male,Male,SonOf
"Theodoros Romanikos, imperial notarios","Basileios Romanikos, patrikios",Male,Male,SonOf
"Theophanes, witness in codicil of Christodoulos of Patmos","Theodosios, father of Theophanes, witness in codicil of Christodoulos",Male,Male,SonOf
"Basileios Euripiotes, son of Moroiannes","Moroioannes, father of Basileios Euripiotes",Male,Male,SonOf
"Theodoros, furrier at Thessalonike","Christophoros, father of furrier Theodoros at Thessalonike",Male,Male,SonOf
"Theodoros ho tou Aichmalotou, landowner in dispute with Lavra","Aichmalotos, father of landowner Theodoros",Male,Male,SonOf
"Symeon, inhabitant of Adrameri in Chalkidike","Theognostos, father (?) of inhabitant of Adrameri Symeon",Male,Male,SonOf
"Nikolaos tou Starou, deacon at Thessalonike","Staros, father of deacon Nikolaos at Thessalonike",Male,Male,SonOf
"Nikephoros Kephalas, proedros and Lavra donor","Leon Kephalas, vestarches and primikerios of the vestiaritai",Male,Male,SonOf
"Nikephoros Kephalas, proedros and Lavra donor",mother of Nikephoros Kephalas (wife of Leon Kephalas),Male,Female,SonOf
"Manuel tou Boiou, witness of Lavra act","Boios (or Baias?), father of Manuel, witness of Lavra act",Male,Male,SonOf
"Leon Kephalas, vestarches and primikerios of the vestiaritai","servant of Ioannes Komnenos, father of Leon Kephalas",Male,Male,SonOf
"Konstantinos, inhabitant of Adrameri in Chalkidike","Sgouros, father of inhabitant of Adrameri Konstantinos",Male,Male,SonOf
"Kalos, inhabitant of Adrameri in Chalkidike","Petros, father of inhabitant of Adrameri Kalos",Male,Male,SonOf
"Ioannes, landowner at Thessalonike","Demetrios, priest and father of landowner Ioannes at Thessalonike",Male,Male,SonOf
"Ioannes, landowner at Thessalonike",mother of landowners Ioannes and Maria at Thessalonike,Male,Female,SonOf
"Georgios tou Christodoulou, witness of Lavra act (at Constantinople?)","Christodoulos, father of witness of Lavra act Georgios",Male,Male,SonOf
"Demetrios, priest and father of landowner Ioannes at Thessalonike","Photeinos, grandfather of landowner Ioannes at Thessalonike",Male,Male,SonOf
witness to Lavra act,"Ioannes, ostiarios and father (?) of Lavra act witness",Male,Male,SonOf
inhabitant of Adrameri in Chalkidike,"Kalotas, father of inhabitant of Adrameri (Nikolaos?)",Male,Male,SonOf
"István II, king of Hungary","László / Ladislas I, king of Hungary, father of Eirene Piroska",Male,Male,SonOf
"Álmos, brother of István II of Hungary","László / Ladislas I, king of Hungary, father of Eirene Piroska",Male,Male,SonOf
son of Robert Guiscard,Robert Guiscard,Male,Male,SonOf
adolescent son of Firuz of Antioch,"Firuz (or al-Zarrad or Ruzbah), betrayer of Antioch",Male,Male,SonOf
"Theophylaktos, grandson of Theodoros and son of Konstantinos","Konstantinos the Athenian, father of Theophylaktos",Male,Male,SonOf
"Theodoros, son of Thomas Gerontas",Thomas Gerontas,Male,Male,SonOf
"Theodoros, son of the spatharios","spatharios, father of Theodoros",Male,Male,SonOf
"Symeon, son of Gerontas, grandson of Gerontas protospatharios","Gerontas, father of Symeon",Male,Male,SonOf
"Symeon, son of Pothos spatharokandidatos","Pothos, spatharokandidatos",Male,Male,SonOf
"Staurakios, son of Theodoros spatharios from Athens","Theodoros, spatharios from Athens, father of Staurakios",Male,Male,SonOf
"Philippos, son of Agallianos","Agallianos, father of Philippos",Male,Male,SonOf
"Petros, son of Kosmas Garasdes Anemosphaktes",Kosmas Garasdes Anemosphaktes,Male,Male,SonOf
"Petros, son of Ioannes","Ioannes, father of Petros",Male,Male,SonOf
"Nikolaos, son of Andreas Troulos",Andreas Troulos,Male,Male,SonOf
"Nikolaos, son of Stephanos Kastelianos, proedros","Stephanos Kastelianos, proedros",Male,Male,SonOf
"Nikolaos, son of Demetrios Kampos",Demetrios Kampos,Male,Male,SonOf
"Nikolaos, son of Meletinos strator, heir of Theodoros komes","Meletinos, strator, father of Nikolaos and Ioannes",Male,Male,SonOf
"Nikolaos, son of Gerontas","Gerontas, father of Nikolaos",Male,Male,SonOf
"Niketas, son of Augoustinos","Augoustinos, father of Niketas",Male,Male,SonOf
"Marianos, son of Theodoros Psachnetes",Theodoros Psachnetes,Male,Male,SonOf
"Marianos, son of Leon","Leon, father of Marianos",Male,Male,SonOf
"Leon, son of Konstantinos","Konstantinos, father of Leon",Male,Male,SonOf
"Leon the Athenian, son of Hypatios Gerontas",Hypatios Gerontas,Male,Male,SonOf
"Leon, son of Gerontas","Gerontas, father of Leon",Male,Male,SonOf
"Leon, son of Sisinios","Sisinios, father of Leon",Male,Male,SonOf
"Kosmas, son of Theodoros","Theodoros, father of Kosmas",Male,Male,SonOf
Kosmas Anemosphaktes,"Euphemios, abbas",Male,Male,SonOf
"Nikephoros Katakalon Euphorbenos, son-in-law of Alexios I","Konstantinos Katakalon Euphorbenos, military man and diplomat",,,SonOf
"Konstantinos proedros, son of Andreas","Andreas (from) Anytos, father of Konstantinos proedros",Male,Male,SonOf
"Ioannes, son of Nikolaos Kalandes",Nikolaos Kalandes,Male,Male,SonOf
"Ioannes, son of Gerontas","Gerontas, father of Ioannes",Male,Male,SonOf
"Ioannes, son of Eustathios","Eustathios, father of Ioannes",Male,Male,SonOf
"Ioannes, son of Meletinos strator, heir of Theodoros komes","Meletinos, strator, father of Nikolaos and Ioannes",Male,Male,SonOf
"Georgios, son of Konstantinos","Konstantinos, father of Georgios",Male,Male,SonOf
"Georgios, son of Ioannes Kampos",Ioannes Kampos,Male,Male,SonOf
Demetrios Phalakros,Konstantinos Rendakios,Male,Male,SonOf
"Demetrios, son of the komes Ioannes Sklabotheodoros",Ioannes Sklabotheodoros,Male,Male,SonOf
"Basileios Chage, father of the widow Poletiane",Chage from Anysos,Male,Male,SonOf
son of Konstantinos Chabaron,Konstantinos Chabaron,,Male,SonOf
"Pithekos, protopapas","Ioannes, father of Pithekos protopapas",Male,Male,SonOf
"Rendakios, son of Gerontas","Gerontas, father of Rendakios",Male,Male,SonOf
"strator (?), son of Leon Hypatios",Leon Hypatios,,Male,SonOf
"Andreas, son of Kondos","Kondos, landowner in an early cadaster in Thebes",Male,Male,SonOf
"William of Hauteville, Bras de fer","Tancred, Lord of Hauteville in Normandy",Male,Male,SonOf
"Ranno, son of the lady Maria","The lady Maria, mother of Ranno",Male,Female,SonOf
"Maraldi, son of Ioannes Hikanatos",Ioannes Hikanatos,Male,Male,SonOf
"Geoffrey, count of Taranto","Petrone I, son of Amicus and father of Geoffrey of Taranto",Male,Male,SonOf
"Argyros, son of Melus","Melus, rebel in Southern Italy",Male,Male,SonOf
"Argyritzos, son of Ioannakes, supporter of surrender of Bari","Ioannakes, father of Argyritzos of Bari",Male,Male,SonOf
son of Adralestos,"Adralestos, prominent person in Bari",Male,Male,SonOf
"son of Capozzati, prominent citizen at Bari","Capozzati, prominent citizen at Bari",Male,Male,SonOf
"Asotes, protospatharios hypatos, son of the patrikios Chosrobios",Chosrobios patrikios,Male,Male,SonOf
"Basileios Chasanes, magistros krites of the velon, son of the philosopher",Chasanes (?),Male,Male,SonOf
"Georgios, son of the megas domestikos",megas domestikos,Male,Male,SonOf
"Gregorios, son of Bachanios",Bachanios,Male,Male,SonOf
"Ioannes Chalkoutzes, son of Basileios","Basileios Chalkoutzes (father of Ioannes), kensor and protonotarios of the sakelle",Male,Male,SonOf
Isaakios Komnenodoukas,daughter of a sebastokrator,Male,,SonOf
"Konstantinos, son of Alexios","Alexios, father of Konstantinos",Male,Male,SonOf
"Leon, son of the chartophylax",chartophylax,Male,Male,SonOf
"Manuel eldest son of Andronikos I, sebastokrator",Emperor Andronikos I Komnenos,Male,,SonOf
"Mensour son of Mousoutes, protospatharios and strategos",Mousoutes,Male,Male,SonOf
"Mûsa, son of Zeid",Zeid,Male,Male,SonOf
"Nikephoros, protospatharios",patrikios,Male,Male,SonOf
"Theodoros, son of He'‘toum",Het‘oum,Male,,SonOf
"Theoktistos, son of the prote",prote,Male,Female,SonOf
"Georgios tou Stylianou, witness of Xeropotamou act","Stylianos, father of witness of Xeropotamou act Georgios",Male,Male,SonOf
"Baldwin of Boulogne, Baldwin I, king of Jerusalem","Eustace II, count of Boulogne",Male,Male,SonOf
"Baldwin of Bourcq, Baldwin II, king of Jerusalem","Hugh, count of Rethel",Male,Male,SonOf
"Baldwin of Bourcq, Baldwin II, king of Jerusalem","Melisende, countess of Rethel",Male,,SonOf
"Bertrand of St Gilles, count of Tripoli","Raymond of Saint-Gilles, count of Toulouse",Male,Male,SonOf
"Dubays ibn Sadaka, emir of al-Hilla",Sadaqa ibn Mansur Sayf al-Dawla,Male,,SonOf
Engelrand of St Pol,"Hugh, count of Saint-Pol",Male,Male,SonOf
"Godfrey of Bouillon, duke of Lower Lorraine, first Latin ruler of Jerusalem","Eustace II, count of Boulogne",Male,Male,SonOf
"Godfrey of Bouillon, duke of Lower Lorraine, first Latin ruler of Jerusalem","Ida of Lorraine, mother of Godfrey of Bouillon",Male,Female,SonOf
Gozelo of Montaigu,"Cono, count of Montaigu",Male,Male,SonOf
Guy of Hauteville,Robert Guiscard,Male,Male,SonOf
Henry of Esch,"Fredelo of Esch, father of Henry and Godfrey",Male,Male,SonOf
"Hugh of Vermandois, brother of Philip I of France",Henri I of France,Male,,SonOf
"Joscelin I of Courtenay, count of Edessa","(Elizabeth), mother of Joscelin I, aunt of Baldwin II",Male,Female,SonOf
Lambert of Montaigu,"Cono, count of Montaigu",Male,Male,SonOf
Louis of Mousson,"Thierry, count of Montbéliard",Male,Female,SonOf
"Pons, count of Tripoli","Bertrand of St Gilles, count of Tripoli",Male,Male,SonOf
Richard of the Principate,William of the Principate,Male,,SonOf
"Fakhr al-Mulk Ridwan, ruler of Aleppo","Taj al-Dawla Tutush, brother of sultan Malik-Shah",Male,,SonOf
"Robert [Curthose], count [duke] of Normandy","William I the Conqueror, king of England",Male,Male,SonOf
Robert FitzGerard,"Gerard, father of Robert",Male,Male,SonOf
"Roger of Salerno, prince (regent?) of Antioch",Richard of the Principate,Male,Male,SonOf
"Roger of Salerno, prince (regent?) of Antioch",sister of Tancred,Male,Male,SonOf
"Ruthard, son of Godfrey","Godfrey, father of Ruthard",Male,Male,SonOf
"Stephen, count of Aumale","Odo, count of Champagne",Male,Male,SonOf
"Sven, son of king of Denmark",king of Denmark,Male,Male,SonOf
"Tancred of Hauteville, nephew of Bohemond of Taranto","Emma, sister of Bohemond of Taranto",Male,Female,SonOf
"Tancred of Hauteville, nephew of Bohemond of Taranto",female defender of Otranto,Male,,SonOf
"Tancred of Hauteville, nephew of Bohemond of Taranto","Odo the Good, margrave, father of Tancred",Male,,SonOf
"'Imad al-Din Zanki, atabeg of Mosul",Aksungur (Aqsunqur) of Aleppo,Male,Male,SonOf
Najm al-Din Ilghazi ibn Artuq,"Artuq, Turkish amir",Male,Male,SonOf
"son of Migidenos, soldier","Migidenos, military commander under Alexios I",Male,,SonOf
"Alakaseus, military commander",father of Alakaseus,Male,Male,SonOf
"Ishmael, son of sultan of Khorasan",sultan of Khorasan,Male,Male,SonOf
Qilij Arslan ibn Sulayman ibn Qutlumish,Sulayman ibn Qutlumish,Male,Male,SonOf
"Leon Diogenes, son of Romanos IV and Eudokia Makrembolitissa",Emperor Romanos IV Diogenes,Male,Male,SonOf
"Leon Diogenes, son of Romanos IV and Eudokia Makrembolitissa",Empress Eudokia Makrembolitissa,Male,Female,SonOf
"Marianos Maurokatakalon, military commander","Nikolaos Maurokatakalon, military commander",Male,Male,SonOf
"Raymond Berengar, son of count of Barcelona",count of Brachenon (count Raymond Berenger II of Barcelona?),Male,Male,SonOf
"Roger Borsa, Duke of Apulia, son of Robert Guiscard",Robert Guiscard,Male,Male,SonOf
"Roger, son of Dagobert, military commander and envoy","Dagobert, father of Roger",Male,Male,SonOf
"Siaous, Turkish envoy to Alexios I",mother of Turkish envoy Siaous,Male,Female,SonOf
"Siaous, Turkish envoy to Alexios I",father of Turkish envoy Siaous,Male,Male,SonOf
son of the seller of an estate to Marandos,seller of an estate to Marandos,Male,Male,SonOf
grandson of the seller of an estate to Marandos,son of the seller of an estate to Marandos,Male,Male,SonOf
"missing legatee, son of a dying man",dying man,Male,Male,SonOf
son of patrikios Baasakios,"Baasakios, patrikios",Male,Male,SonOf
son of David Saronites,David Saronites,Male,Male,SonOf
son of Arotras,"Arotras, who sued his son for marrying without permission",Male,Male,SonOf
first son of Kamelaukas,first wife of Kamelaukas,Male,Female,SonOf
son of Karandenos (Parandenos ?),"Karandenos (Parandenos ?), whose daughter-in-law did not declare a gift",Male,Male,SonOf
son of David the Iberian,"David the Iberian, patrikios",Male,Male,SonOf
son of David the Iberian,mother of the son of David the Iberian,Male,Female,SonOf
son of Bourtzes,"Bourtzes, testator",Male,Male,SonOf
son of Bourtzes,wife of Bourtzes,Male,Female,SonOf
"epi tou Pantheou, who was torured by a tax collector",father of an epi tou Pantheou,Male,Male,SonOf
son who promised his father would serve Basileios Skleros,father promised by his son to serve Basileios Skleros,Male,Male,SonOf
son of Hexamilites,Hexamilites (who made a bequest),Male,Male,SonOf
son of Andronikos Balantes,Andronikos Balantes,Male,Male,SonOf
son of protospatharios and strategos Melias,"Melias, protospatharios and strategos",Male,Male,SonOf
Himerios Solomon,Solomon,Male,Male,SonOf
"Kosmas, son of Kale","Kale, step-sister of Anna",Male,Female,SonOf
"Michael, protospatharios, son of patrikios Nikolaos","Nikolaos, patrikios and eparchos",Male,Male,SonOf
"Nikolaos, son of Anna","Anna, sister of Mitze",Male,Female,SonOf
"Pankratios Taronites, patrikios",Taronites,Male,,SonOf
"Theophilos, protospatharios, son of vestes Erotikos","Erotikos, vestes",Male,Male,SonOf
"Theophylaktos, son of Romanos Saronites","Romanos Saronites, patrikios",Male,Male,SonOf
"Theophylaktos, son of Romanos Saronites","Eirene, daughter of Gregorios Taronites",Male,Female,SonOf
son of Vahram Pahlavuni,"Vahram Pahlavuni, supporter of Gagik II of Armenia",Male,Male,SonOf
son of the amir of Persia Arsuban,"Arsuban, amir of Persia",Male,Male,SonOf
"Atom Arcruni, son of king of Vaspurakan Senek'erim","Senachereim/Senekerim Yovhannes Arcruni, king of Vaspurakan",Male,Male,SonOf
"David/Dawit' Arcruni, son of king of Vaspurakan Senek'erim","Senachereim/Senekerim Yovhannes Arcruni, king of Vaspurakan",Male,Male,SonOf
"Xach'ik I Anec'i, Armenian katholikos",sister of katholikos Peter Getadarj,Male,Female,SonOf
"Gregorios/Grigor Pahlawuni, magistros and Armenian prince","Vasak, father of Gregorios/Grigor Pahlawuni",Male,Male,SonOf
"Ivane, son of Liparit IV","Liparit IV, duke of Trialeti",Male,Male,SonOf
"Theodoros, governor of Taron, son of Aaron","Aaron, brother of Alousianos",Male,Male,SonOf
"Theodoros, nephew of Armenian archbishop Samuel",brother of Armenian archbishop Samuel,Male,Male,SonOf
"Demetrios, son of komes Konstantinos Serbiotes","Konstantinos Serbiotes, komes",Male,Male,SonOf
"Ioannes, presbyter of Hagia Sophia (of Thessalonike)","protopapas, father of Hagia Sophia presbyter Ioannes",Male,Male,SonOf
"Leon, priest and son of landowner Konstantinos Phasoulos","Konstantinos Phasoulos, landowner at Kassandra (Chalkidike)",Male,Male,SonOf
"Leon, son of komes Konstantinos Serbiotes","Konstantinos Serbiotes, komes",Male,Male,SonOf
"Nikolaos, priest and son of landowner Konstantinos Phasoulos","Konstantinos Phasoulos, landowner at Kassandra (Chalkidike)",Male,Male,SonOf
"Hikanatos, patrikios",Hikanatissa,Male,Female,SonOf
son from second marriage of Konstantinos (nephew of Michael Keroularios),"Konstantinos, nephew of patriarch Michael I Keroularios",Male,Male,SonOf
"Aristenos, protoasekretis","Aristenos, correspondent of Michael Psellos",Male,Male,SonOf
krites of Thrace and Macedonia,father of krites of Thrace and Macedonia,Male,Male,SonOf
poor young relative of Michael Psellos,father of poor young relative of Michael Psellos,Male,Male,SonOf
"pupil of Michael Psellos, son of Theophanes","Theophanes, friend of Michael Psellos",Male,Male,SonOf
neighbour of Medikion monastery,"father of minor, neighbour of Medikion",Male,Male,SonOf
son of deceased head of family,man who died leaving his family unprotected,Male,Male,SonOf
"Choirosphaktes, son of Michael",Michael Choirosphaktes,Male,Male,SonOf
student of Michael Psellos,father of a student of Michael Psellos,Male,Male,SonOf
"Basileios Pikrides, manglabites",father of Basileios Pikrides,Male,Male,SonOf
"Elias Krystalas, monk",mother of monk Elias Krystalas,Male,Female,SonOf
"Elpidios Kenchres, affianced son-in-law of Michael Psellos","Ioannes Kenchres, father of Elpidios (son-in-law of Michael Psellos)",Male,Male,SonOf
"Ioannes Iberitzes, protospatharios and vestiarites",father of Ioannes Iberitzes,Male,Male,SonOf
"Michael Radenos, proedros and praitor of Thrakesion",mother of Michael Radenos,Male,Female,SonOf
"Basileios Opos, son of Michael",Michael Opos,Male,Male,SonOf
"Konstantinos Bourtzes, patrikios","Michael Bourtzes, doux of Antioch",Male,Male,SonOf
"Ioannes protopapas, son of Pothos the oikonomos","Pothos, oikonomos (Athens)",,,SonOf
"Adam, son of Michael","Michael, father of Adam",Male,Male,SonOf
"Adalbero, son of Conrad, Count of Luxembourg","Conrad, count of Luxembourg",Male,Male,SonOf
"son of Pakrad, Armenian soldier",Pakrad the Armenian,Male,Male,SonOf
"Syrian Christian of Jerusalem, who hid a fragment of the Cross","father of Syrian in Jerusalem, who helped him hide a fragment of the Cross",Male,,SonOf
son of Ridwan of Aleppo,"Fakhr al-Mulk Ridwan, ruler of Aleppo",Male,Male,SonOf
"Bernard of St-Valery, son of Walter","Walter of St-Valery, viscount of Dom(ed)art-en-Penthieu",Male,Male,SonOf
"Bruno, nephew of Conrad, constable of the emperor Henry III","sister of Conrad, constable of the emperor Henry III",Male,Female,SonOf
"Buldagis, son of Yaghi Siyhan",Yaghi Siyan of Antioch  ,Male,Male,SonOf
"Smaragdos, translator for papal legates of 1054","Paulos, translator for papal legates of 1054",,,SonOf
"Muhammad, son of the Lord of 'Azaz",lord of 'Azaz,Male,Male,SonOf
"Otto Altaspata, nephew of Albert of Biandrate",sister of Albert of Biandrate,Male,Female,SonOf
Pisellus of Wissant,sister of Udelard of Wissant,Male,Female,SonOf
"Shams al-Dawla, son of Yaghi Siyan of Antioch",wife of Yaghi Siyan of Antioch,Male,Female,SonOf
"Shams al-Dawla, son of Yaghi Siyan of Antioch",Yaghi Siyan of Antioch  ,Male,Male,SonOf
"Suqman ibn Artuq, ex-ruler of Jerusalem","Artuq, Turkish amir",Male,Male,SonOf
"vestes, son of Argyros' brother-in-law","vestarches, brother-in-law of Argyros",,,SonOf
Walter of Breteuil,Waleran of Breteuil,Male,Male,SonOf
pseudo-Leon Diogenes,father of rebel pseudo-Diogenes,,Male,SonOf
pseudo-Leon Diogenes,Emperor Romanos IV Diogenes,,Male,SonOf
"Georgios Tornikes, man of letters and metropolitan of Ephesos",mother of Georgios Tornikes,,,SonOf
"Muhammad ibn Malik-Shah, Seljuq sultan","freed concubine of sultan Malik-Shah, mother of sultans Muhammad and Sanjar",,,SonOf
"Toros I, prince of Cilician Armenia",Roupen I of Cilician Armenia,,,SonOf
"Sultan-Shah, son of Ridwan of Aleppo","Fakhr al-Mulk Ridwan, ruler of Aleppo",,Male,SonOf
son of Ilghazi (perhaps Sulayman?),Najm al-Din Ilghazi ibn Artuq,,Male,SonOf
"Mu'izz al-Dawla Thimal, Mirdasid lord of Aleppo",Salih ibn Mirdas al-Kilabi,,Male,SonOf
son of viscount of Acre,viscount of Acre,,,SonOf
"son of the female defender of Otranto, himself a military commander",female defender of Otranto,,,SonOf
"Aaron, leader of a plot against Alexios I",mother of the Aaron who plotted to kill Alexios I,,,SonOf
"Gazes, son of Asan Katouch","Asan Katouch, Turkish commander killed by Melikshah",,,SonOf
"Michael the deacon, son of Matzo, associate of Ioannes Italos","Matzo, mother of Michael the deacon",,,SonOf
Amadeo of Savoy,"Adelaide, mother of Amadeo of Savoy",,,SonOf
"Gumushtakin ibn al-Danishmand, second ruler of Danishmend dynasty","Danishmend Taylu, amir and founder of Danishmendid dynasty",,Male,SonOf
"Louis VI the Fat, King of France","(Bertha, countess of Holland), first wife of Philip I of France",,,SonOf
"Louis VI the Fat, King of France","Philip I, king of France",,Male,SonOf
"Ioannes Tzetzes, illiterate grandfather of Ioannes, the man of letters",Constantinopolitan father of Tzetzes' grandfather,,,SonOf
Konstandin I of Cilicia,Roupen I of Cilician Armenia,,,SonOf
Ismail ibn al-Danishmend (a younger son of the founder of the dynasty),"Danishmend Taylu, amir and founder of Danishmendid dynasty",,Male,SonOf
"Abu Muhammad 'Ubayd Allah ibn Mansur, known as Ibn Sulayha","Mansur, headman and qadi of Jabala under Byzantines",,,SonOf
"Sanjar ibn Malik-Shah, Seljuq sultan, ruler of Khurasan","freed concubine of sultan Malik-Shah, mother of sultans Muhammad and Sanjar",,,SonOf
"Mu'ayyad al-Mulk 'Ubayd Allah, son of Nizam al-Mulk","Nizam al-Mulk, intellectual and all-powerful vizier",,,SonOf
"Al-Amir bi-Ahkam Allah, Fatimid caliph","Al-Musta'li bi-Allah, Fatimid caliph",,,SonOf
"Sharaf al-Ma'ali, son of Egyptian vizier al-Afdal","Al-Afdal ibn Badr al-Jamali, vizier of Egypt",,Male,SonOf
Emperor Romanos III Argyros,father of Romanos III Argyros,Male,Male,SonOf
Bolesław the Brave,Mieszko I,,,SonOf
Katholikos Grigor II Vkayasēr,"Gregorios/Grigor Pahlawuni, magistros and Armenian prince",,Male,SonOf
Emperor Konstantinos VIII,Emperor Basileios II Boulgaroktonos,Male,,BrotherOf
"Aaron, brother of Alousianos","Prousianos, son of John Vladislav of Bulgaria",Male,Male,BrotherOf
"Aaron, brother of Alousianos","Aikaterine of Bulgaria, wife of Isaakios I Komnenos",Male,Female,BrotherOf
"Abimelech, brother of Qutlumish","Qutlumish, cousin of Tughrul Beg",Male,Male,BrotherOf
"Adrianos Komnenos, brother of Alexios I",Emperor Alexios I Komnenos,Male,Male,BrotherOf
"Akindynos, tax-payer at chorion of Dobrobikeia","Georgios, tax-payer at chorion of Dobrobikeia",Male,Male,BrotherOf
Emperor Alexios I Komnenos,"Eudokia Komnene, sister of Alexios I, wife of Nikephoros Melissenos",Male,Female,BrotherOf
Emperor Alexios I Komnenos,"Maria Komnene, sister of Alexios I, wife of Michael Taronites",Male,Female,BrotherOf
Emperor Alexios I Komnenos,"Adrianos Komnenos, brother of Alexios I",Male,Male,BrotherOf
Emperor Alexios I Komnenos,"Isaakios Komnenos, elder brother of Alexios I",Male,Male,BrotherOf
Emperor Alexios I Komnenos,"Nikephoros Komnenos, brother of Alexios I",Male,Male,BrotherOf
Emperor Alexios I Komnenos,"Manuel Komnenos, eldest brother of Alexios I",Male,Male,BrotherOf
Emperor Alexios I Komnenos,"Theodora - Xene Komnene, sister of Alexios I Komnenos",Male,Female,BrotherOf
"Alexios Stoudites, patriarch of Constantinople","Kyriakos, metropolitan of Ephesos [1027, 1028, 1029, 1032, 1039]",Male,Male,BrotherOf
"Andronikos Doukas, son of the kaisar Ioannes","Konstantinos Doukas, son of Kaisar Ioannes",Male,Male,BrotherOf
"Andronikos Doukas, brother of Michael VII","Konstantios Doukas, brother of Michael VII",Male,Male,BrotherOf
"Andronikos Doukas, brother of Michael VII",Emperor Michael VII Doukas,Male,Male,BrotherOf
"Arslan-Israil b. Seljuk, father of Kutulmush","Mikhail b. Seljuk, father of Tughrul Beg",Male,Male,BrotherOf
brother of Theophylaktos of Ohrid,"Theophylaktos, archbishop of Ohrid",Male,Male,BrotherOf
"Chrysoberges, metropolitan of Naupaktos","Nikolaos Chrysoberges, brother of the metropolitan of Naupaktos",Male,Male,BrotherOf
monk at Triaditza persecuted by the local bishop in 1090s,"Bulgarian monk, brother of hegoumenos of Hagios Ioannes",Male,Male,BrotherOf
"Bulgarian monk, brother of hegoumenos of Hagios Ioannes",monk at Triaditza persecuted by the local bishop in 1090s,Male,Male,BrotherOf
"Tancred, brother of Richard of the Principate",Richard of the Principate,,Male,BrotherOf
"Psellos, brother of Michael Psellos",Michael Psellos (named Konstantinos till tonsure in 1054),Male,Male,BrotherOf
"strategos, brother of the wife of a krites",wife of prominent Constantinopolitan krites,Male,Female,BrotherOf
"Nikoulitzas Delphinas, official at Larissa","Demetrios Nikoulitzas, brother of Nikoulitzas Delphinas",Male,Male,BrotherOf
"Nikoulitzas Delphinas, official at Larissa","Theodoros Nikoulitzas, brother of Nikoulitzas Delphinas",Male,Male,BrotherOf
"Abu'l-Aswar, ruler of Dvin","Phatloum, brother of Aplesphares of Dvin",Male,Male,BrotherOf
"Abu Hafs, brother of amir of Sicily","Ahmad al-Akhal, amir of Sicily",Male,Male,BrotherOf
"Ahmad al-Akhal, amir of Sicily","Abu Hafs, brother of amir of Sicily",Male,Male,BrotherOf
"Baltzar, son of Kegen","Goulinos/Koulinos, son of Kegen",Male,Male,BrotherOf
"Bardas, brother (?) of patriarch Ioannes VIII Xiphilinos","Ioannes VIII Xiphilinos, patriarch of Constantinople",Male,Male,BrotherOf
"Basileios Apokapes, doux of Edessa","Pharasmanes Apokapes, Georgian commander at Hierapolis",Male,Male,BrotherOf
"Basileios Argyros, brother of Romanos III",Emperor Romanos III Argyros,Male,Male,BrotherOf
"Basileios, tax-payer at chorion of Dobrobikeia","Nesnanos,  brother of tax-payer at Dobrobikeia",Male,Male,BrotherOf
"Basileios Psellos, donor to Iveron","Merotas Psellos, donor to Iveron",Male,Male,BrotherOf
"Basileios Psellos, donor to Iveron","Maria, sister of Basileios and Merotas Psellos",Male,Female,BrotherOf
Bohemond of Taranto,sister of Bohemond of Taranto,Male,Female,BrotherOf
Bohemond of Taranto,second sister of Bohemond of Taranto,Male,Female,BrotherOf
Bohemond of Taranto,Guy of Hauteville,Male,Male,BrotherOf
Bohemond of Taranto,"Emma, sister of Bohemond of Taranto",Male,Female,BrotherOf
Bohemond of Taranto,female defender of Otranto,Male,,BrotherOf
"Christophoros, beneficiary in will of Eustathios Boilas","Georgios, beneficiary in will of Eustathios Boilas",Male,Male,BrotherOf
"David, priest and paroikos at proasteion of Eunouchou (Strymon)","Theodoros, paroikos at proasteion of Eunouchou (Strymon)",Male,Male,BrotherOf
"Demetrios Hephaistos, brother of Theophylaktos of Ohrid","Theophylaktos, archbishop of Ohrid",Male,Male,BrotherOf
"Demetrios Nikoulitzas, brother of Nikoulitzas Delphinas","Nikoulitzas Delphinas, official at Larissa",Male,Male,BrotherOf
Eustathios Boilas,"Eirene, sister of Eustathios Boilas",Male,Female,BrotherOf
"Georgios, brother of Michael IV","Ioannes the Orphanotrophos, brother of Michael IV",Eunuch,Eunuch,BrotherOf
"Georgios, brother of Michael IV",Emperor Michael IV Paphlagon,Eunuch,Male,BrotherOf
"Georgios, beneficiary in will of Eustathios Boilas","Christophoros, beneficiary in will of Eustathios Boilas",Male,Male,BrotherOf
"Georgios, tax-payer at chorion of Dobrobikeia","Akindynos, tax-payer at chorion of Dobrobikeia",Male,Male,BrotherOf
"Goulinos/Koulinos, son of Kegen","Baltzar, son of Kegen",Male,Male,BrotherOf
"Gregoras Nikoulitzas, son of Nikoulitzas Delphinas","Pankratios Nikoulitzas, son of Nikoulitzas Delphinas",Male,Male,BrotherOf
"Gregorios Pakourianos, megas domestikos","Apasios, brother of Gregorios Pakourianos",Male,Male,BrotherOf
Emperor Ioannes II Komnenos,"Isaakios Komnenos, son of Alexios I",Male,Male,BrotherOf
Emperor Ioannes II Komnenos,"Andronikos Komnenos, son of Alexios I",Male,Male,BrotherOf
Emperor Ioannes II Komnenos,"Anna Komnene, daughter of Alexios I and historian",Male,Female,BrotherOf
"Ioannes VIII Xiphilinos, patriarch of Constantinople","Bardas, brother (?) of patriarch Ioannes VIII Xiphilinos",Male,Male,BrotherOf
"Ioannes Bryennios, brother of usurper Nikephoros",Nikephoros Bryennios usurper [1077],Male,Male,BrotherOf
"Ioannes Doukas, kaisar",Emperor Konstantinos X Doukas,Male,Male,BrotherOf
"Ioannes Komnenos, father of Alexios I",Emperor Isaakios I Komnenos,Male,Male,BrotherOf
"Ioannes Komnenos, father of Alexios I","daughter of Manuel Komnenos Erotikos, wife of Michael Dokeianos (?)",Male,Female,BrotherOf
"Ioannes Doukas, brother of Eirene Doukaina","Michael Doukas, brother of Eirene Doukaina",Male,,BrotherOf
"Ioannes Doukas, brother of Eirene Doukaina","Anna Doukaina, sister of Eirene Doukaina and wife of Georgios Palaiologos",Male,Female,BrotherOf
"Ioannes Doukas, brother of Eirene Doukaina","Eirene Doukaina, wife of Alexios I",Male,Female,BrotherOf
"Ioannes the Orphanotrophos, brother of Michael IV",Emperor Michael IV Paphlagon,Eunuch,Male,BrotherOf
"Ioannes the Orphanotrophos, brother of Michael IV","Niketas, brother of Michael IV",Eunuch,Male,BrotherOf
"Ioannes the Orphanotrophos, brother of Michael IV","Konstantinos, brother of Michael IV",Eunuch,Eunuch,BrotherOf
"Ioannes the Orphanotrophos, brother of Michael IV","Georgios, brother of Michael IV",Eunuch,Eunuch,BrotherOf
"Ioannes the Orphanotrophos, brother of Michael IV","Maria, sister of Michael IV, mother of Michael V",Eunuch,Female,BrotherOf
"Ioannes the Orphanotrophos, brother of Michael IV","Stephanos, father of Michael V",Eunuch,Male,BrotherOf
"Ioannes Smbat, king of Armenia","Ashot IV the Brave, king of Armenia",Male,Male,BrotherOf
"Ioannes, monk at Iveron and chartoularios of the Great Church","Stephanos, hegoumenos of Iveron",Male,Male,BrotherOf
Emperor Isaakios I Komnenos,"Ioannes Komnenos, father of Alexios I",Male,Male,BrotherOf
"Isaakios Komnenos, elder brother of Alexios I",Emperor Alexios I Komnenos,Male,Male,BrotherOf
"Isaakios Komnenos, elder brother of Alexios I","Theodora - Xene Komnene, sister of Alexios I Komnenos",Male,Female,BrotherOf
"Isaakios Komnenos, elder brother of Alexios I","Eudokia Komnene, sister of Alexios I, wife of Nikephoros Melissenos",Male,Female,BrotherOf
"Isaakios Komnenos, elder brother of Alexios I","Manuel Komnenos, eldest brother of Alexios I",Male,Male,BrotherOf
"Isaakios Kontostephanos, protonobelissimos and megas doux","Stephanos Kontostephanos, nobelissimos, brother of Isaakios",,,BrotherOf
"Klemes, monk and priest (in service of Eustathios Boilas?)","wife of Kyriakos, a slave of Eustathios Boilas",Male,Female,BrotherOf
Emperor Konstantinos IX Monomachos,"Euprepeia, sister of Konstantinos IX",Male,Female,BrotherOf
Emperor Konstantinos IX Monomachos,"Helena, sister of Konstantinos IX",Male,Female,BrotherOf
Emperor Konstantinos IX Monomachos,"Maria, nun and sister of the emperor Konstantinos",Male,Female,BrotherOf
Emperor Konstantinos X Doukas,"Ioannes Doukas, kaisar",Male,Male,BrotherOf
Emperor Konstantinos X Doukas,"Maria, nun and sister of the emperor Konstantinos",Male,Female,BrotherOf
"Konstantinos Doukas, son of Kaisar Ioannes","Andronikos Doukas, son of the kaisar Ioannes",Male,Male,BrotherOf
Konstantinos Dalassenos,"Theophylaktos Dalassenos, anthypatos patrikios vestes and doux of Antioch",Male,Male,BrotherOf
Konstantinos Dalassenos,"Romanos Dalassenos, katepano of Iberia",Male,Male,BrotherOf
"Konstantinos, brother of Michael IV","Ioannes the Orphanotrophos, brother of Michael IV",Eunuch,Eunuch,BrotherOf
"Konstantinos, brother of Michael IV",Emperor Michael IV Paphlagon,Eunuch,Male,BrotherOf
"Konstantinos, nephew of patriarch Michael I Keroularios","Nikephoros, nephew of patriarch Michael I Keroularios",Male,Male,BrotherOf
"Konstantios Doukas, brother of Michael VII",Emperor Michael VII Doukas,Male,Male,BrotherOf
"Konstantios Doukas, brother of Michael VII","Andronikos Doukas, brother of Michael VII",Male,Male,BrotherOf
"Konstantios Doukas, brother of Michael VII","Zoe Doukaina, daughter of Konstantinos X",Male,Female,BrotherOf
"Qutlumish, cousin of Tughrul Beg","Abimelech, brother of Qutlumish",Male,Male,BrotherOf
"Kyriakos, metropolitan of Ephesos [1027, 1028, 1029, 1032, 1039]","Alexios Stoudites, patriarch of Constantinople",Male,Male,BrotherOf
"Manuel Komnenos, eldest brother of Alexios I","Isaakios Komnenos, elder brother of Alexios I",Male,Male,BrotherOf
"Manuel Komnenos, eldest brother of Alexios I",Emperor Alexios I Komnenos,Male,Male,BrotherOf
"Merotas Psellos, donor to Iveron","Basileios Psellos, donor to Iveron",Male,Male,BrotherOf
"Merotas Psellos, donor to Iveron","Maria, sister of Basileios and Merotas Psellos",Male,Female,BrotherOf
Emperor Michael IV Paphlagon,"Ioannes the Orphanotrophos, brother of Michael IV",Male,Eunuch,BrotherOf
Emperor Michael IV Paphlagon,"Konstantinos, brother of Michael IV",Male,Eunuch,BrotherOf
Emperor Michael IV Paphlagon,"Maria, sister of Michael IV, mother of Michael V",Male,Female,BrotherOf
Emperor Michael IV Paphlagon,"Georgios, brother of Michael IV",Male,Eunuch,BrotherOf
Emperor Michael IV Paphlagon,"Niketas, brother of Michael IV",Male,Male,BrotherOf
Emperor Michael IV Paphlagon,unidentified brother of Michael IV,Male,Male,BrotherOf
Emperor Michael VII Doukas,"Konstantios Doukas, brother of Michael VII",Male,Male,BrotherOf
Emperor Michael VII Doukas,"Andronikos Doukas, brother of Michael VII",Male,Male,BrotherOf
Emperor Michael VII Doukas,"Leon Diogenes, son of Romanos IV and Eudokia Makrembolitissa",Male,Male,BrotherOf
Emperor Michael VII Doukas,"Nikephoros Diogenes, son of Romanos IV",Male,Female,BrotherOf
"Michael I Keroularios, patriarch of Constantinople",elder brother of Michael Keroularios,Male,Male,BrotherOf
Michael Psellos (named Konstantinos till tonsure in 1054),"Psellos, brother of Michael Psellos",Male,Male,BrotherOf
Michael Psellos (named Konstantinos till tonsure in 1054),elder sister of Michael Psellos,Male,Female,BrotherOf
"Mikhail b. Seljuk, father of Tughrul Beg","Arslan-Israil b. Seljuk, father of Kutulmush",Male,Male,BrotherOf
"Michael Doukas, brother of Eirene Doukaina","Eirene Doukaina, wife of Alexios I",,Female,BrotherOf
"Michael Doukas, brother of Eirene Doukaina","Ioannes Doukas, brother of Eirene Doukaina",,Male,BrotherOf
"Michael Doukas, brother of Eirene Doukaina","Anna Doukaina, sister of Eirene Doukaina and wife of Georgios Palaiologos",,Female,BrotherOf
"Nesnanos,  brother of tax-payer at Dobrobikeia","Basileios, tax-payer at chorion of Dobrobikeia",Male,Male,BrotherOf
"Nikephoros Basilakes, usurper [1078]","Manuel Basilakes, brother of Nikephoros Basilakes",Male,Male,BrotherOf
Nikephoros Bryennios usurper [1077],"Ioannes Bryennios, brother of usurper Nikephoros",Male,Male,BrotherOf
Nikephoros Bryennios usurper [1077],Emperor Romanos IV Diogenes,Male,Male,BrotherOf
"Nikephoros Diogenes, son of Romanos IV","Leon Diogenes, son of Romanos IV and Eudokia Makrembolitissa",Female,Male,BrotherOf
"Nikephoros Diogenes, son of Romanos IV",Emperor Michael VII Doukas,Female,Male,BrotherOf
"Nikephoros, nephew of patriarch Michael I Keroularios","Konstantinos, nephew of patriarch Michael I Keroularios",Male,Male,BrotherOf
"Nikephoros Komnenos, brother of Alexios I",Emperor Alexios I Komnenos,Male,Male,BrotherOf
"Nikephoros Bryennios, kaisar, husband of Anna Komnene","sister of Nikephoros Bryennios, wife of Marianos Maurokatakalon",Male,,BrotherOf
"Niketas, brother of Michael IV","Ioannes the Orphanotrophos, brother of Michael IV",Male,Eunuch,BrotherOf
"Niketas, brother of Michael IV",Emperor Michael IV Paphlagon,Male,Male,BrotherOf
"Niketas, brother-in-law of Symbatios Pakourianos","Kale, wife of Symbatios Pakourianos",Male,Female,BrotherOf
"Nikolaos Chrysoberges, brother of the metropolitan of Naupaktos","Chrysoberges, metropolitan of Naupaktos",Male,Male,BrotherOf
"Pankratios Nikoulitzas, son of Nikoulitzas Delphinas","Gregoras Nikoulitzas, son of Nikoulitzas Delphinas",Male,Male,BrotherOf
"Paulos Smyrnaios, brother of Theodoros","Theodoros Smyrnaios, hypatos of the philosophers",Male,Male,BrotherOf
"Pharasmanes Apokapes, Georgian commander at Hierapolis","Basileios Apokapes, doux of Edessa",Male,Male,BrotherOf
"Phatloum, brother of Aplesphares of Dvin","Abu'l-Aswar, ruler of Dvin",Male,Male,BrotherOf
"Prousianos, son of John Vladislav of Bulgaria",daughter of Ioannes Vladislav of Bulgaria,Male,Female,BrotherOf
"Prousianos, son of John Vladislav of Bulgaria","Aaron, brother of Alousianos",Male,Male,BrotherOf
Robert Guiscard,Roger I of Sicily,Male,Male,BrotherOf
Robert Guiscard,"Humphrey of Hauteville, count of Apulia",Male,Male,BrotherOf
Robert Guiscard,"Robert, count of Loritello, brother [in fact nephew] of Robert Guiscard",Male,,BrotherOf
Emperor Romanos IV Diogenes,Nikephoros Bryennios usurper [1077],Male,Male,BrotherOf
"Romanos Dalassenos, katepano of Iberia",Konstantinos Dalassenos,Male,Male,BrotherOf
"Romanos Skleros, brother of Maria Skleraina","Maria Skleraina, mistress of Konstantinos IX",Male,Female,BrotherOf
"Samuel Alousianos, military commander","first wife of Romanos IV, sister of Samuel Alousianos",Male,Female,BrotherOf
"Sergios, brother of Symbatios Pakourianos","Symbatios Pakourianos, kouropalates and patron of Iveron",Male,Male,BrotherOf
"Stephanos, father of Michael V","Ioannes the Orphanotrophos, brother of Michael IV",Male,Eunuch,BrotherOf
"Stephanos Kontostephanos, nobelissimos, brother of Isaakios","Isaakios Kontostephanos, protonobelissimos and megas doux",,,BrotherOf
"Stephanos, hegoumenos of Iveron","Ioannes, monk at Iveron and chartoularios of the Great Church",Male,Male,BrotherOf
"Symbatios Pakourianos, kouropalates and patron of Iveron","Sergios, brother of Symbatios Pakourianos",Male,Male,BrotherOf
"Theodoros Smyrnaios, hypatos of the philosophers","Paulos Smyrnaios, brother of Theodoros",Male,Male,BrotherOf
"Theodoros Nikoulitzas, brother of Nikoulitzas Delphinas","Nikoulitzas Delphinas, official at Larissa",Male,Male,BrotherOf
"Theodoros, paroikos at proasteion of Eunouchou (Strymon)","David, priest and paroikos at proasteion of Eunouchou (Strymon)",Male,Male,BrotherOf
"Theophylaktos Dalassenos, anthypatos patrikios vestes and doux of Antioch",Konstantinos Dalassenos,Male,Male,BrotherOf
"Theophylaktos, archbishop of Ohrid","Demetrios Hephaistos, brother of Theophylaktos of Ohrid",Male,Male,BrotherOf
"Theophylaktos, archbishop of Ohrid",brother of Theophylaktos of Ohrid,Male,Male,BrotherOf
"Tughrul Beg, Seljuk Sultan",brother of Tughrul Beg (Baihnu Israil Arslan?),Male,Male,BrotherOf
Michael Anemas,"Anemas, one of conspirators against Alexios I",Male,Male,BrotherOf
Michael Anemas,"Anemas, another of conspirators against Alexios I",Male,Male,BrotherOf
Michael Anemas,"Leon Anemas, one of conspirators against Alexios I",Male,Male,BrotherOf
priest (in the household?) of Michael Psellos,brother of priest in household (?) of Michael Psellos,Male,Male,BrotherOf
brother of priest in household (?) of Michael Psellos,priest (in the household?) of Michael Psellos,Male,Male,BrotherOf
"Georgios, mentioned in synodal decision","Nikolaos, mentioned in synodal decision",Male,Male,BrotherOf
"Nikolaos, mentioned in synodal decision","Georgios, mentioned in synodal decision",Male,Male,BrotherOf
"Andronikos Komnenos, son of Alexios I",Emperor Ioannes II Komnenos,Male,Male,BrotherOf
"Ioannes Mauropous, metropolitan of Euchaita",brother of Ioannes Mauropous,Male,Male,BrotherOf
"Ioannes Mauropous, metropolitan of Euchaita",brother of Ioannes Mauropous,Male,Male,BrotherOf
"Ioannes Mauropous, metropolitan of Euchaita",krites of Kibyrraioton,Male,Male,BrotherOf
"Isaakios Komnenos, son of Alexios I",Emperor Ioannes II Komnenos,Male,Male,BrotherOf
brother of monk Theodoulos of Galesion,"Theodoulos Raphis/Arrostos, monk on Galesion",Male,Male,BrotherOf
brother of monk Neophytos of Galesion,"Neophytos, monk on Mount Galesion",Male,Male,BrotherOf
"Hilarios, monk on Mount Koumaron","Leontios, monk on Mount Koumaron",Male,Male,BrotherOf
"Ignatios, brother of Lazaros of Galesion",Lazaros of Mount Galesion,Male,Male,BrotherOf
Lazaros of Mount Galesion,"Ignatios, brother of Lazaros of Galesion",Male,Male,BrotherOf
"Lazaros Kontos, monk on Mount Galesion","Nikolaos, monk on Mount Galesion",Male,Male,BrotherOf
"Leontios, monk on Mount Koumaron","Hilarios, monk on Mount Koumaron",Male,Male,BrotherOf
"Neophytos, monk on Mount Galesion",brother of monk Neophytos of Galesion,Male,Male,BrotherOf
"Nikolaos, monk on Mount Galesion","Lazaros Kontos, monk on Mount Galesion",Male,Male,BrotherOf
"Theodoulos Raphis/Arrostos, monk on Galesion",brother of monk Theodoulos of Galesion,Male,Male,BrotherOf
"Katakalon Tarchaneiotes, doux of Antioch","Helena Tarchaniotissa, sister of katepano of Adrianople",Male,Female,BrotherOf
brother of Tughrul Beg (Baihnu Israil Arslan?),"Tughrul Beg, Seljuk Sultan",Male,Male,BrotherOf
"Taj al-Dawla Tutush, brother of sultan Malik-Shah","Malik-Shah, Seljuk sultan",,Male,BrotherOf
Mansur ibn Qutlumish,Sulayman ibn Qutlumish,Male,Male,BrotherOf
"Manuel Basilakes, brother of Nikephoros Basilakes","Nikephoros Basilakes, usurper [1078]",Male,Male,BrotherOf
Sulayman ibn Qutlumish,Mansur ibn Qutlumish,Male,Male,BrotherOf
"Achsartanes, governor of Peritheorion","Apasios, landowner at Peritheorion",Male,Male,BrotherOf
father of Gregorios Pakourianos,"Chosrienes, uncle of Gregorios Pakourianos",Male,Male,BrotherOf
"Apasios, brother of Gregorios Pakourianos","Gregorios Pakourianos, megas domestikos",Male,Male,BrotherOf
"Apasios, landowner at Peritheorion","Achsartanes, governor of Peritheorion",Male,Male,BrotherOf
"Chosrienes, uncle of Gregorios Pakourianos",father of Gregorios Pakourianos,Male,Male,BrotherOf
Shibl al-Dawla Abu Kamil Nasr ibn Salih ibn Mirdas,"Mu'izz al-Dawla Thimal, Mirdasid lord of Aleppo",Male,,BrotherOf
"Sinan ibn 'Ulyan, amir of Kalb Arabs",sister of Sinan ibn 'Ulyan,Male,,BrotherOf
"Georgios Sideras, paroikos at Galaides (Meander valley)","Leon, paroikos at Galaides (Meander valley)",Male,Male,BrotherOf
son of Kyrillos Phileotes,daughter of Kyrillos Phileotes,Male,Female,BrotherOf
"Kyrillos Phileotes, holy man at Derkos (Thrace)","Michael/Matthaios, brother of Kyrillos Phileotes",Male,Male,BrotherOf
"Michael/Matthaios, brother of Kyrillos Phileotes","Kyrillos Phileotes, holy man at Derkos (Thrace)",Male,Male,BrotherOf
"Konstantinos Kaballoures, vestarches and landowner at Strobilos","Maria Kaballourina, founder of Timios Prodromos at Strobilos",Male,Female,BrotherOf
"Leon, paroikos at Galaides (Meander valley)","Georgios Sideras, paroikos at Galaides (Meander valley)",Male,Male,BrotherOf
"Timotheos, monk at Iveron on Athos","Ignatios, monk at Iveron on Athos",Male,Male,BrotherOf
"Ioannes, landowner at Thessalonike","Maria, landowner at Thessalonike",Male,Female,BrotherOf
"Ignatios, monk at Iveron on Athos","Timotheos, monk at Iveron on Athos",Male,Male,BrotherOf
"István II, king of Hungary","Álmos, brother of István II of Hungary",Male,Male,BrotherOf
elder brother of Michael Keroularios,"Michael I Keroularios, patriarch of Constantinople",Male,Male,BrotherOf
brother of Ioannes Mauropous,"Ioannes Mauropous, metropolitan of Euchaita",Male,Male,BrotherOf
"brother of Theodote, mother of Michael Psellos","Theodote, mother of Michael Psellos",Female,Female,BrotherOf
younger brother of Firuz of Antioch,"Firuz (or al-Zarrad or Ruzbah), betrayer of Antioch",Male,Male,BrotherOf
brother of notarios of the eidikon Symeon,"Symeon, notarios of the eidikon",Male,Male,BrotherOf
Theodoros Leobachos,Nikolaos brother of Theodoros Leobachos,Male,Male,BrotherOf
Nikolaos brother of Theodoros Leobachos,Theodoros Leobachos,Male,Male,BrotherOf
"Leon abydikos, brother of Democharis","Democharis, droungarios",Male,Female,BrotherOf
Leon Kymas,brother of Leon Kymas,Male,Male,BrotherOf
"Democharis, droungarios","Leon abydikos, brother of Democharis",Female,Male,BrotherOf
brother of Leon Kymas,Leon Kymas,Male,Male,BrotherOf
"William of Hauteville, Bras de fer","Drogo of Hauteville, count of Apulia",Male,Male,BrotherOf
"Romuald, archbishop of Bari","Petros, brother of Romoaldus, Archbishop of Bari",Male,Male,BrotherOf
"Petros, brother of Romoaldus, Archbishop of Bari","Romuald, archbishop of Bari",Male,Male,BrotherOf
Ermengald of Rousillion,"Geoffrey, count of Rousillion",Male,Male,BrotherOf
Ermengald of Rousillion,"brother of Geoffrey, count of Rousillon",Male,Male,BrotherOf
"Humphrey of Hauteville, count of Apulia","Drogo of Hauteville, count of Apulia",Male,Male,BrotherOf
"Humphrey of Hauteville, count of Apulia",Robert Guiscard,Male,Male,BrotherOf
"Drogo of Hauteville, count of Apulia","William of Hauteville, Bras de fer",Male,Male,BrotherOf
"Drogo of Hauteville, count of Apulia","Humphrey of Hauteville, count of Apulia",Male,Male,BrotherOf
"brother of Geoffrey, count of Rousillon",Ermengald of Rousillion,Male,Male,BrotherOf
"brother of Geoffrey, count of Rousillon","Geoffrey, count of Rousillion",Male,Male,BrotherOf
"Bourtzes (Ioannes?), correspondent of Michael Psellos",brother of (Ioannes?) Bourtzes,Male,Male,BrotherOf
brother of (Ioannes?) Bourtzes,"Bourtzes (Ioannes?), correspondent of Michael Psellos",Male,Male,BrotherOf
"Manuel eldest son of Andronikos I, sebastokrator","Ioannes, second son of Andronikos I, co-emperor",Male,,BrotherOf
"Hugh, prominent baron in the army of Bohemond in Epiros","Richard, prominent baron in the army of Bohemond in Epiros",,,BrotherOf
"Geoffrey, count of Rousillion",Ermengald of Rousillion,Male,Male,BrotherOf
"Geoffrey, count of Rousillion","brother of Geoffrey, count of Rousillon",Male,Male,BrotherOf
Aubrey of Grandmesnil,William of Grandmesnil,Male,Male,BrotherOf
Aubrey of Grandmesnil,Ivo of Grandmesnil,Male,Male,BrotherOf
"Baldwin of Boulogne, Baldwin I, king of Jerusalem","Godfrey of Bouillon, duke of Lower Lorraine, first Latin ruler of Jerusalem",Male,Male,BrotherOf
"Baldwin of Boulogne, Baldwin I, king of Jerusalem","Eustace III, count of Boulogne",Male,Male,BrotherOf
"Baldwin of Bourcq, Baldwin II, king of Jerusalem","Cecilia of Bourcq, sister of Baldwin II, wife of Roger of Antioch",Male,,BrotherOf
"Bursuq ibn Bursuq, isbasalar of the Seljuq Sultan",Zanki b. Bursuq,Male,,BrotherOf
Engilbert of Tournai,Lethold of Tournai,Male,Male,BrotherOf
"Eustace III, count of Boulogne","Godfrey of Bouillon, duke of Lower Lorraine, first Latin ruler of Jerusalem",Male,Male,BrotherOf
"Eustace III, count of Boulogne","Baldwin of Boulogne, Baldwin I, king of Jerusalem",Male,Male,BrotherOf
"Firuz (or al-Zarrad or Ruzbah), betrayer of Antioch",younger brother of Firuz of Antioch,Male,Male,BrotherOf
"Godfrey of Bouillon, duke of Lower Lorraine, first Latin ruler of Jerusalem","Baldwin of Boulogne, Baldwin I, king of Jerusalem",Male,Male,BrotherOf
"Godfrey of Bouillon, duke of Lower Lorraine, first Latin ruler of Jerusalem","Eustace III, count of Boulogne",Male,Male,BrotherOf
"Godfrey of Bouillon, duke of Lower Lorraine, first Latin ruler of Jerusalem",(?) William of Boulogne (?),Male,Male,BrotherOf
Godfrey of Esch,Henry of Esch,Male,Male,BrotherOf
"Godfrey Struma (the Hunchback), duke of Lorraine","Ida of Lorraine, mother of Godfrey of Bouillon",Male,Female,BrotherOf
Gozelo of Montaigu,Lambert of Montaigu,Male,Male,BrotherOf
Guy of Hauteville,Bohemond of Taranto,Male,Male,BrotherOf
Guy of Hauteville,second sister of Bohemond of Taranto,Male,Female,BrotherOf
Henry of Esch,Godfrey of Esch,Male,Male,BrotherOf
"Henry, brother of Raymond of Poitiers","Raymond of Poitiers, prince of Antioch",Male,,BrotherOf
"Hugh of Vermandois, brother of Philip I of France","Philip I, king of France",Male,Male,BrotherOf
"Hugh of Fauquembergues (of St Omer), lord of Tiberias",Gerard of Fauquembergues,Male,Male,BrotherOf
Hugh of Lusignan,"Raymond of Saint-Gilles, count of Toulouse",Male,Male,BrotherOf
Ivo of Grandmesnil,William of Grandmesnil,Male,Male,BrotherOf
Ivo of Grandmesnil,Aubrey of Grandmesnil,Male,Male,BrotherOf
"Joscelin I of Courtenay, count of Edessa","Geoffrey Chatpalu, brother of Joscelin of Courtenay",Male,,BrotherOf
Kogh Vasil,Pakrad the Armenian,Male,Male,BrotherOf
"Konstantinos, ruler of Gargar","Taphnuz, father-in-law of Baldwin I of Jerusalem",Male,Male,BrotherOf
Lambert of Montaigu,Gozelo of Montaigu,Male,Male,BrotherOf
Lethold of Tournai,Engilbert of Tournai,Male,Male,BrotherOf
Pakrad the Armenian,Kogh Vasil,Male,Male,BrotherOf
"Peter, count of Astenois","Rainald III, count of Toul",Male,Male,BrotherOf
"Philip I, king of France","Hugh of Vermandois, brother of Philip I of France",Male,Male,BrotherOf
Rainald of the Principate,Richard of the Principate,Male,Male,BrotherOf
"Raymond of Saint-Gilles, count of Toulouse",Hugh of Lusignan,Male,Male,BrotherOf
"Rainald III, count of Toul","Peter, count of Astenois",Male,Male,BrotherOf
Richard of the Principate,Rainald of the Principate,Male,Male,BrotherOf
Richard of the Principate,"Tancred, brother of Richard of the Principate",Male,,BrotherOf
"Roger of Salerno, prince (regent?) of Antioch","(Maria), sister of Roger of Salerno, wife of Joscelin I of Edessa",Male,,BrotherOf
Roger I of Sicily,Robert Guiscard,Male,Male,BrotherOf
"Stephen, count of Burgundy","Rainald, count of Burgundy",Male,Male,BrotherOf
"Taphnuz, father-in-law of Baldwin I of Jerusalem","Konstantinos, ruler of Gargar",Male,Male,BrotherOf
"Tancred of Hauteville, nephew of Bohemond of Taranto","William, brother of Tancred of Hauteville",Male,Male,BrotherOf
"Tancred of Hauteville, nephew of Bohemond of Taranto",sister of Tancred,Male,Male,BrotherOf
"Tancred of Hauteville, nephew of Bohemond of Taranto","Robert, brother of Tancred of Hauteville",Male,,BrotherOf
(?) William of Boulogne (?),"Godfrey of Bouillon, duke of Lower Lorraine, first Latin ruler of Jerusalem",Male,Male,BrotherOf
"William of Bures, lord of Tiberias",Godfrey of Bures,Male,,BrotherOf
"William X, count of Poitou","Raymond of Poitiers, prince of Antioch",,,BrotherOf
"William, brother of Tancred of Hauteville","Tancred of Hauteville, nephew of Bohemond of Taranto",Male,Male,BrotherOf
William of Grandmesnil,Aubrey of Grandmesnil,Male,Male,BrotherOf
William of Grandmesnil,Ivo of Grandmesnil,Male,Male,BrotherOf
Najm al-Din Ilghazi ibn Artuq,"sister of Ilghazi ibn Artuq, wife of Yinal ibn Anushtakin",Male,,BrotherOf
brother of fleet commander and governor of Smyrna Kaspax,"Kaspax, fleet commander and governor of Smyrna",Male,Male,BrotherOf
"Robert, count of Loritello, brother [in fact nephew] of Robert Guiscard",Robert Guiscard,,Male,BrotherOf
"Anemas, one of conspirators against Alexios I","Anemas, another of conspirators against Alexios I",Male,Male,BrotherOf
"Anemas, one of conspirators against Alexios I","Leon Anemas, one of conspirators against Alexios I",Male,Male,BrotherOf
"Anemas, one of conspirators against Alexios I",Michael Anemas,Male,Male,BrotherOf
"Anemas, another of conspirators against Alexios I","Anemas, one of conspirators against Alexios I",Male,Male,BrotherOf
"Anemas, another of conspirators against Alexios I","Leon Anemas, one of conspirators against Alexios I",Male,Male,BrotherOf
"Anemas, another of conspirators against Alexios I",Michael Anemas,Male,Male,BrotherOf
"Kaspax, fleet commander and governor of Smyrna",brother of fleet commander and governor of Smyrna Kaspax,Male,Male,BrotherOf
"Abul-Kasim, Turkish amir of Nicaea","Poulchases, Turkish commander (perhaps Abul-Gazi), brother of Abul-Kasim",Male,Male,BrotherOf
Qilij Arslan ibn Sulayman ibn Qutlumish,sister of Seljuk sultan Kilic Arslan I,Male,Female,BrotherOf
"Leon Diogenes, son of Romanos IV and Eudokia Makrembolitissa","Nikephoros Diogenes, son of Romanos IV",Male,Female,BrotherOf
"Leon Diogenes, son of Romanos IV and Eudokia Makrembolitissa",Emperor Michael VII Doukas,Male,Male,BrotherOf
"Leon Anemas, one of conspirators against Alexios I","Anemas, one of conspirators against Alexios I",Male,Male,BrotherOf
"Leon Anemas, one of conspirators against Alexios I","Anemas, another of conspirators against Alexios I",Male,Male,BrotherOf
"Leon Anemas, one of conspirators against Alexios I",Michael Anemas,Male,Male,BrotherOf
"Malik-Shah, Seljuk sultan","Taj al-Dawla Tutush, brother of sultan Malik-Shah",Male,,BrotherOf
"Poulchases, Turkish commander (perhaps Abul-Gazi), brother of Abul-Kasim","Abul-Kasim, Turkish amir of Nicaea",Male,Male,BrotherOf
"Raoul, son of Dagobert, envoy of Robert Guiscard to Nikephoros III","Roger, son of Dagobert, military commander and envoy",Male,Male,BrotherOf
"Roger, son of Dagobert, military commander and envoy","Raoul, son of Dagobert, envoy of Robert Guiscard to Nikephoros III",Male,Male,BrotherOf
"Chaldos, patrikios","Gregorios, bishop and brother of the patrikios Chaldos",Male,Male,BrotherOf
Galatas,sister of Galatas (or Kampanarios ?),Male,Female,BrotherOf
"missing legatee, son of a dying man",sister of a missing legatee,Male,Female,BrotherOf
"Katananges, whose brother was accused of rape","Katananges' brother, accused of rape",Male,Male,BrotherOf
"Katananges' brother, accused of rape","Katananges, whose brother was accused of rape",Male,Male,BrotherOf
"Basileios, brother of Georgios","Georgios, brother of Basileios",Male,Male,BrotherOf
"Demetrios, brother of Ioannes and husband of Maria","Ioannes, brother of Demetrios",Male,Male,BrotherOf
"Georgios, brother of Basileios","Basileios, brother of Georgios",Male,Male,BrotherOf
"Gregorios, bishop and brother of the patrikios Chaldos","Chaldos, patrikios",Male,Male,BrotherOf
"Ioannes, brother of Demetrios","Demetrios, brother of Ioannes and husband of Maria",Male,Male,BrotherOf
unidentified brother of Michael IV,Emperor Michael IV Paphlagon,Male,Male,BrotherOf
brother of Armenian archbishop Samuel,"Samuel, Armenian archbishop",Male,Male,BrotherOf
brother of Armenian heretic Vrverhh,"Vrverh, Armenian leader and heretic",Male,Male,BrotherOf
"Ashot IV the Brave, king of Armenia","Ioannes Smbat, king of Armenia",Male,Male,BrotherOf
"David of Dvin, brother-in-law of Gagik II","wife of Gagik II, sister of David of Dvin",Male,Female,BrotherOf
"Xach'ik I Anec'i, Armenian katholikos","Ananias, brother of Armenian katholikos Gagik/Xac'ik I Anec'i",Male,Male,BrotherOf
"Petros/Peter Getadarj, katholikos of Armenia",sister of katholikos Peter Getadarj,Male,Female,BrotherOf
"Samuel, Armenian archbishop",brother of Armenian archbishop Samuel,Male,Male,BrotherOf
"Vrverh, Armenian leader and heretic",brother of Armenian heretic Vrverhh,Male,Male,BrotherOf
"Germanos, hegoumenos of Theotokos Katadaimonon on Athos","Petros, hegoumenos of Theotokos Katadaimonon on Athos",Male,Male,BrotherOf
"Petros, hegoumenos of Theotokos Katadaimonon on Athos","Germanos, hegoumenos of Theotokos Katadaimonon on Athos",Male,Male,BrotherOf
brother of Ioannes Mauropous,"Ioannes Mauropous, metropolitan of Euchaita",Male,Male,BrotherOf
"Radenos, brother of zoste Anna Radene","Anna Radene, patrikia zoste",Male,Female,BrotherOf
krites of Thrakesion whose brother later held the same post,krites of Thrakesion whose brother had held the same post,Male,Male,BrotherOf
krites of Thrakesion whose brother had held the same post,krites of Thrakesion whose brother later held the same post,Male,Male,BrotherOf
"Leon, kouboukleisios","Michael, brother of kouboukleisios Leon",Male,Male,BrotherOf
"Michael, brother of kouboukleisios Leon","Leon, kouboukleisios",Male,Male,BrotherOf
"Symeon, notarios of the eidikon",brother of notarios of the eidikon Symeon,Male,Male,BrotherOf
"Albert, count of Biandrate","Guy, brother of Albert of Biandrate",Male,Male,BrotherOf
"Albert, count of Biandrate",sister of Albert of Biandrate,Male,Female,BrotherOf
"amir of Damascus, brother of Suqman ibn Artuq (mythical)","Suqman ibn Artuq, ex-ruler of Jerusalem",Male,Male,BrotherOf
"Eystein Magnusson, King of Norway","Sigurd I Magnusson, King of Norway",Male,Male,BrotherOf
"Atenellus (Thoros?), brother of Leo","Leon, brother of Atenellus",Male,Male,BrotherOf
"Conrad, once constable of the western emperor Henry IV","sister of Conrad, constable of the emperor Henry III",Male,Female,BrotherOf
Gerard of Fauquembergues,"Hugh of Fauquembergues (of St Omer), lord of Tiberias",Male,Male,BrotherOf
"Guy, brother of Albert of Biandrate","Albert, count of Biandrate",Male,Male,BrotherOf
"Leon, brother of Atenellus","Atenellus (Thoros?), brother of Leo",Male,Male,BrotherOf
"Sigurd I Magnusson, King of Norway","Eystein Magnusson, King of Norway",Male,Male,BrotherOf
"Rainald, count of Burgundy","Stephen, count of Burgundy",Male,Male,BrotherOf
"Robert, brother of William of Nevers","William II, count of Nevers",Male,Male,BrotherOf
"Suqman ibn Artuq, ex-ruler of Jerusalem","amir of Damascus, brother of Suqman ibn Artuq (mythical)",Male,Male,BrotherOf
"Suqman ibn Artuq, ex-ruler of Jerusalem","Shams al-Dawla Chokurmish, Turkish ruler of Mosul",Male,Male,BrotherOf
Udelard of Wissant,sister of Udelard of Wissant,Male,Female,BrotherOf
"William II, count of Nevers","Robert, brother of William of Nevers",Male,Male,BrotherOf
maternal uncle of Nikephoros Basilakes,mother of Nikephoros Basilakios,,,BrotherOf
"brother of Scythian woman, mother of Bagoas","Scythian woman, mother of Bagoas",,,BrotherOf
brother of Nikephoros Basilakes,"Nikephoros Basilakios, writer involved in doctrinal disputes",,,BrotherOf
"Georgios Tornikes, man of letters and metropolitan of Ephesos","Demetrios Tornikes, sebastos and epi tou kanikleiou",,,BrotherOf
"Georgios Tornikes, man of letters and metropolitan of Ephesos","Leon Tornikes, brother of Georgios",,,BrotherOf
"Georgios Tornikes, man of letters and metropolitan of Ephesos",third brother of Georgios Tornikes,,,BrotherOf
"Konstantinos Doukas, sebastos, brother of Eirene Doukaina","Eirene Doukaina, wife of Alexios I",,Female,BrotherOf
"Stephanos Doukas, sebastos, brother of Eirene Doukaina","Eirene Doukaina, wife of Alexios I",,Female,BrotherOf
'Izz al-Din Abu l-'Asakir Sultan,"Majd al-Din Abu Salama Murshid, father of Usama",,,BrotherOf
"Mu'izz al-Dawla Thimal, Mirdasid lord of Aleppo",Shibl al-Dawla Abu Kamil Nasr ibn Salih ibn Mirdas,,Male,BrotherOf
"Aaron, leader of a plot against Alexios I","Theodoros, brother of Aaron, leader of a plot against Alexios I",,,BrotherOf
"Theodoros, brother of Aaron, leader of a plot against Alexios I","Aaron, leader of a plot against Alexios I",,,BrotherOf
"Richard, prominent baron in the army of Bohemond in Epiros","Hugh, prominent baron in the army of Bohemond in Epiros",,,BrotherOf
"Robert, brother of Tancred of Hauteville","Tancred of Hauteville, nephew of Bohemond of Taranto",,Male,BrotherOf
"Mawdud ibn Isma'il, ruler of part of Azerbayjan","Wife of caliph Muhammad, sister of Mawdud ibn Isma'il",,,BrotherOf
Emperor Romanos III Argyros,"Poulcheria (Argyropoulina), sister of Romanos III",Male,Female,BrotherOf
Emperor Romanos III Argyros,"Basileios Argyros, brother of Romanos III",Male,Male,BrotherOf
Emperor Romanos III Argyros,"sister of Romanos III, wife of Konstantinos Karantenos",Male,Female,BrotherOf
Boleslav III,"Jaromír, duke of Bohemia",,,BrotherOf
"Jaromír, duke of Bohemia",Boleslav III,,,BrotherOf
Emperor Konstantinos VIII,"Eudokia, daughter of Konstantinos VIII",Male,Female,FatherOf
Emperor Konstantinos VIII,Empress Theodora,Male,Female,FatherOf
Emperor Konstantinos VIII,Empress Zoe,Male,Female,FatherOf
"Aaron, brother of Alousianos","Theodoros, governor of Taron, son of Aaron",Male,Male,FatherOf
"Abasgos, servant of Eustathios Boilas","Georgios, in household of Eustathios Boilas",Male,Male,FatherOf
"Ibrahim Yinal, half-brother of Tughrul Beg","Melech, son of Ibrahim Yinal",Male,Male,FatherOf
"Agathonikos, father of Iveron act witness Ioannes","Ioannes, witness of Iveron act",Male,Male,FatherOf
"Aleim, Arab commander of the fort of Berkri","son of Aleim, the commander of the fort of Berkrin",Male,Male,FatherOf
Emperor Alexios I Komnenos,Emperor Ioannes II Komnenos,Male,Male,FatherOf
Emperor Alexios I Komnenos,"Anna Komnene, daughter of Alexios I and historian",Male,Female,FatherOf
Emperor Alexios I Komnenos,"Andronikos Komnenos, son of Alexios I",Male,Male,FatherOf
Emperor Alexios I Komnenos,"Isaakios Komnenos, son of Alexios I",Male,Male,FatherOf
Emperor Alexios I Komnenos,"Maria, daughter of Alexios I Komnenos",Male,Female,FatherOf
Emperor Alexios I Komnenos,"Eudokia, daughter of Alexios I Komnenos",Male,Female,FatherOf
Emperor Alexios I Komnenos,"Theodora, daughter of Alexios I Komnenos",Male,Female,FatherOf
Emperor Alexios I Komnenos,"Zoe, daughter of Alexios I Komnenos",Male,Female,FatherOf
Emperor Alexios I Komnenos,"Manuel Komnenos, son of Alexios I",Male,Male,FatherOf
"Alp Arslan, Seljuk Sultan",child (daughter?) of Alp Arslan,Male,Female,FatherOf
"Alypios, father-in-law of Konstantinos VIII","Helena, wife of Konstantinos VIII",Male,Female,FatherOf
"Amer, amir of Egypt","son of Amer, amir of Egypt",Male,Male,FatherOf
"Anastasios, logothetes","Michael, doux of Dyrrachion in 1042",Male,Male,FatherOf
"Andronikos Doukas, son of the kaisar Ioannes","Ioannes Doukas, brother of Eirene Doukaina",Male,Male,FatherOf
"Andronikos Doukas, son of the kaisar Ioannes","Michael Doukas, brother of Eirene Doukaina",Male,,FatherOf
"Andronikos Doukas, son of the kaisar Ioannes","Anna Doukaina, sister of Eirene Doukaina and wife of Georgios Palaiologos",Male,Female,FatherOf
"Andronikos Doukas, son of the kaisar Ioannes","Eirene Doukaina, wife of Alexios I",Male,Female,FatherOf
"Andronikos Doukas, son of the kaisar Ioannes","Theodora, sister of Eirene Doukaina",Male,Female,FatherOf
Armenian peasant who helped Joscelin of Edessa,noisy daughter of Armenian who helped Joscelin,,,FatherOf
"prince of Salerno, father-in-law of Robert Guiscard","Gaita/Sykelgaite, second wife of Robert Guiscard",Male,Female,FatherOf
Seljuk sultan (Alp Arslan?),Seljuk sultan (Malik-shah?),Male,Male,FatherOf
Arab ruler of Aleppo (Salih b. Mirdas?),"Amer, son of the ruler of Aleppo",Male,Male,FatherOf
Arab ruler of Aleppo,"Amer, son of the ruler of Aleppo",Male,Male,FatherOf
kral of Hungary,"daughter of the Hungarian kral, first wife of Radomir of Bulgaria",Male,Female,FatherOf
"Lampros, father of the strategos of Melitene Leon","Leon, strategos of Melitene in 1043",Male,Male,FatherOf
"Skleros, father of Maria Skleraina","Maria Skleraina, mistress of Konstantinos IX",Male,Female,FatherOf
"Arslan-Israil b. Seljuk, father of Kutulmush","Qutlumish, cousin of Tughrul Beg",Male,Male,FatherOf
Bryennios the ethnarches,Nikephoros Bryennios usurper [1077],Male,Male,FatherOf
"uncle of Konstantinos IX, father of Theodosios Monomachos","Theodosios Monomachos, cousin of Konstantinos IX",Male,Male,FatherOf
"Kekaumenos, author of the Strategikon",son of Kekaumenos,Male,Male,FatherOf
father of Kekaumenos (the author),"Kekaumenos, author of the Strategikon",Male,Male,FatherOf
"Nikoulitzas Delphinas, official at Larissa","Gregoras Nikoulitzas, son of Nikoulitzas Delphinas",Male,Male,FatherOf
"Nikoulitzas Delphinas, official at Larissa","Pankratios Nikoulitzas, son of Nikoulitzas Delphinas",Male,Male,FatherOf
father of Eustathios Boilas,Eustathios Boilas,Male,Male,FatherOf
father of Tornikios Kontoleon,"Tornikios Kontoleon, katepano of Italy, strategos of Hellas",Male,Male,FatherOf
"Teknodotes, father of protokentarchos Basileios","Basileios Teknodotes, protokentarchos of the strategos of Serres",Male,Male,FatherOf
"Karseres, father of archon of Sklaboarchontia Michael","Michael, archon of Sklaboarchontia",Male,Male,FatherOf
"Tzertitzas, father of priest Ioannes of Melitziane","Ioannes Tzertitzas, priest from village of Melitziane",Male,Male,FatherOf
"nomikos and father of Leon, witness of Iveron act","Leon, witness of Iveron act",Male,Male,FatherOf
"Xeropistares, father of Iveron act witness Stylianos","Stylianos, witness of Iveron act",Male,Male,FatherOf
"Ratzes, father of Iveron act witness Georgios","Georgios, witness of Iveron act",Male,Male,FatherOf
"Disypatos, father of the chartoularios Christophoros","Christophoros, chartoularios of the oikonomeion of Hagia Sophia",Male,Male,FatherOf
"Skrapos, father of Theodoros from Politziane (Strymon)","Theodoros tou Skrapou, villager from Politziane (Strymon)",Male,Male,FatherOf
"Prodanos, father of Photeinos","Photeinos, paroikos at proasteion of Eunouchou (Strymon)",Male,Male,FatherOf
"Tzyrkos, father of paroikos of Eunouchou Ioannes","Ioannes, paroikos of the proasteion of Eunouchou (Strymon)",Male,Male,FatherOf
"Zerbos, father of paroikos of Eunouchou Ioannes","Ioannes, paroikos of the proasteion of Eunouchou (Strymon)",Male,Male,FatherOf
"Basilakios, father of Kale (wife of Symbatios Pakourianos)","Kale, wife of Symbatios Pakourianos",Male,Female,FatherOf
"Tzaeinos, father of Iveron act witness Tzernes","Tzernes, witness of Iveron act",Male,Male,FatherOf
"Ahmad al-Akhal, amir of Sicily",son of amir of Sicily Apolaphar Mouchoumet,Male,Male,FatherOf
"Bagrat IV, king of Georgia","Maria of Alania, empress",Male,Female,FatherOf
"Baltzar, father of Pecheneg leader Kegen","Kegen, Pecheneg leader",Male,Male,FatherOf
"Basileios Skleros, son of Romanos Skleros","second wife of Konstantinos IX, aunt of Maria Skleraina",Male,Female,FatherOf
"Basileios Argyros, brother of Romanos III","niece of Romanos III, wife of Konstantinos Diogenes and mother of Romanos IV",Male,Female,FatherOf
"Basileios Argyros, brother of Romanos III","Helena, niece of Romanos III, wife of Bagrat IV of Georgia",Male,Female,FatherOf
"Basileios Boioannes, katepano of Italy in 1020s","Boioannes, katepano of Italy in 1040s",Male,Male,FatherOf
"Basileios Koptocheilos, tax-payer at chorion of Obilos","Ioannes Koptocheilos, son of tax-payer at Obilos",Male,Male,FatherOf
"Bilter, father of Pecheneg leader Tyrach","Tyrach, Pecheneg leader",Male,Male,FatherOf
Bohemond of Taranto,"Bohemond II Guiscard, prince of Antioch",Male,,FatherOf
Bohemond of Taranto,"Ioannes, son of Bohemond of Taranto",Male,,FatherOf
"Chariton, presbyter (at Thessalonike?)","Ioannes, son of presbyter Chariton (of Thessalonike?)",Male,Male,FatherOf
William of the Principate,Richard of the Principate,,Male,FatherOf
"Chotianos, father of tax-payer at Dobrobikeia","Konstantinos, tax-payer at chorion of Dobrobikeia",Male,Male,FatherOf
"Chotianos, father of tax-payer at Dobrobikeia","Michael, tax-payer at chorion of Dobrobikeia",Male,Male,FatherOf
"Damianos, father of a tax-payer of Dobrobikeia","Nesnanos, tax-payer at chorion of Dobrobikeia",Male,Male,FatherOf
"Danishmend Taylu, amir and founder of Danishmendid dynasty","Gumushtakin ibn al-Danishmand, second ruler of Danishmend dynasty",Male,,FatherOf
"Danishmend Taylu, amir and founder of Danishmendid dynasty",Ismail ibn al-Danishmend (a younger son of the founder of the dynasty),Male,,FatherOf
"David, father of priest Konstantinos of Daonion","Konstantinos, presbyter at Daonion",Male,Male,FatherOf
"Demetrios, father of tax-payer at Dobrobikeia","Basileios, tax-payer at chorion of Dobrobikeia",Male,Male,FatherOf
"Dobronas, ruler of Zadar and Split","son of Dobronas, ruler of Zara and Salona",Male,Male,FatherOf
"Eirotas, father of tax-payer of Dobrobikeia","Georgios, tax-payer at chorion of Dobrobikeia",Male,Male,FatherOf
"Eirotas, father of tax-payer of Dobrobikeia","Petros, tax-payer at chorion of Dobrobikeia",Male,Male,FatherOf
Eustathios Boilas,"Romanos, son of Eustathios Boilas",Male,Male,FatherOf
Eustathios Boilas,"Eirene, daughter of Eustathios Boilas",Male,Female,FatherOf
Eustathios Boilas,"Maria, daughter of Eustathios Boilas",Male,Female,FatherOf
"Euthymios, father of the alleged leaders of a rebellion","Nikephoros, leader of alleged rebellion against Konstantinos IX",Male,Male,FatherOf
"Euthymios, father of the alleged leaders of a rebellion","Michael, son of Euthymios, leader of alleged rebellion against Konstantinos IX",Male,Male,FatherOf
"Garipios, slave of Eustathios Boilas","Mouseses, slave of Eustathios Boilas",Male,Male,FatherOf
"Georgios/Giorgi I, king of Abchasia and Georgia","Bagrat IV, king of Georgia",Male,Male,FatherOf
"Georgios Palaiologos, protonobelissimos at 1094 synod","Romanos, son of protonobelissimos Georgios Palaiologos",,,FatherOf
"Georgios, father of tax-payer of Dobrobikeia","Theodoros, tax-payer at chorion of Dobrobikeia",Male,Male,FatherOf
"Georgios, father of tax-payer at Dobrobikeia","Nikolaos, tax-payer at chorion of Dobrobikeia",Male,Male,FatherOf
"Georgios/Gregorios Psellos, father of Iveron donor Basileios","Basileios Psellos, donor to Iveron",Male,Male,FatherOf
"Georgios/Gregorios Psellos, father of Iveron donor Basileios","Merotas Psellos, donor to Iveron",Male,Male,FatherOf
"Georgios/Gregorios Psellos, father of Iveron donor Basileios","Maria, sister of Basileios and Merotas Psellos",Male,Female,FatherOf
"Gostri..., father of tax-payer at Dobrobikeia","Georgios, tax-payer at chorion of Dobrobikeia",Male,Male,FatherOf
"Goudelios Maniakes, father of Georgios Maniakes",Georgios Maniakes,Male,Male,FatherOf
"Gregorios Kamateros, secretary of Alexios I and logothetes of Ioannes II","Ioannes Kamateros, logothetes of the dromos",Male,,FatherOf
"al-Hakim, Fatimid caliph","Ali az-Zahir, Fatimid caliph",Male,Male,FatherOf
"Horatios Liparites, father of Liparit IV","Liparit IV, duke of Trialeti",Male,Male,FatherOf
Emperor Ioannes II Komnenos,Emperor Manuel I Komnenos,Male,,FatherOf
Emperor Ioannes II Komnenos,"Alexios Komnenos porphyrogennetos, co-emperor, son of Ioannes II",Male,,FatherOf
Emperor Ioannes II Komnenos,"Andronikos Komnenos, son of Ioannes II",Male,,FatherOf
Emperor Ioannes II Komnenos,"Isaakios Komnenos sebastokrator, son of Ioannes II",Male,,FatherOf
Emperor Ioannes II Komnenos,"Maria Komnene (Tzousmene), daughter of Ioannes II",Male,,FatherOf
"Ioannes Bryennios, brother of usurper Nikephoros","Bryennios, son of Ioannes Bryennios",Male,Male,FatherOf
"Ioannes Doukas, kaisar","Konstantinos Doukas, son of Kaisar Ioannes",Male,Male,FatherOf
"Ioannes Doukas, kaisar","Andronikos Doukas, son of the kaisar Ioannes",Male,Male,FatherOf
"Ioannes Komnenos, father of Alexios I","Manuel Komnenos, eldest brother of Alexios I",Male,Male,FatherOf
"Ioannes Komnenos, father of Alexios I","Isaakios Komnenos, elder brother of Alexios I",Male,Male,FatherOf
"Ioannes Komnenos, father of Alexios I",Emperor Alexios I Komnenos,Male,Male,FatherOf
"Ioannes Komnenos, father of Alexios I","Adrianos Komnenos, brother of Alexios I",Male,Male,FatherOf
"Ioannes Komnenos, father of Alexios I","Nikephoros Komnenos, brother of Alexios I",Male,Male,FatherOf
"Ioannes Komnenos, father of Alexios I","Maria Komnene, sister of Alexios I, wife of Michael Taronites",Male,Female,FatherOf
"Ioannes Komnenos, father of Alexios I","Eudokia Komnene, sister of Alexios I, wife of Nikephoros Melissenos",Male,Female,FatherOf
"Ioannes Komnenos, father of Alexios I","Theodora - Xene Komnene, sister of Alexios I Komnenos",Male,Female,FatherOf
Emperor Isaakios I Komnenos,"Manuel Komnenos, son of Isaakios I",Male,Male,FatherOf
Emperor Isaakios I Komnenos,"Maria Komnene, daughter of Isaakios I Komnenos",Male,Female,FatherOf
"Isaakios Komnenos, elder brother of Alexios I","Ioannes Komnenos, son of the sebastokrator Isaakios",Male,Male,FatherOf
"Isaakios Komnenos, elder brother of Alexios I","Konstantinos Komnenos, megas droungarios, doux of Berroia",Male,Male,FatherOf
"Isaakios Komnenos, elder brother of Alexios I","Alexios Komnenos, sebastos and second son of Isaakios the sebastokrator",Male,,FatherOf
"Isaakios Komnenos, elder brother of Alexios I",daughter (Maria?) of Isaakios Komnenos (brother of Alexios I),Male,Female,FatherOf
"Isaakios Komnenos, elder brother of Alexios I","Adrianos Komnenos, later Ioannes, archbishop of Bulgaria [1141, 1157]",Male,,FatherOf
"Ivan, father of tax-payer at chorion of Dobrobikeia","Ioannes, tax-payer at chorion of Dobrobikeia",Male,Male,FatherOf
"Ivan, father of tax-payer at Dobrobikeia","Petros, tax-payer at chorion of Dobrobikeia",Male,Male,FatherOf
"Joseph Tarchaneiotes, proedros and doux of Antioch","Katakalon Tarchaneiotes, doux of Antioch",Male,Male,FatherOf
"Katakalon Klazomenites, strategos of Ragusa",son of Katakalon Klazomenites,Male,Male,FatherOf
"Kegen, Pecheneg leader","Baltzar, son of Kegen",Male,Male,FatherOf
"Klemes, father of paroikos Theodoros Blachos of Eunouchou (Strymon)","Theodoros Blachos, paroikos at proasteion of Eunouchou (Strymon)",Male,Male,FatherOf
Emperor Konstantinos X Doukas,Emperor Michael VII Doukas,Male,Male,FatherOf
Emperor Konstantinos X Doukas,"Andronikos Doukas, brother of Michael VII",Male,Male,FatherOf
Emperor Konstantinos X Doukas,"Konstantios Doukas, brother of Michael VII",Male,Male,FatherOf
Emperor Konstantinos X Doukas,"Anna, daughter of Konstantinos X",Male,Female,FatherOf
Emperor Konstantinos X Doukas,"Theodora, daughter of Konstantinos X",Male,Female,FatherOf
Emperor Konstantinos X Doukas,"Zoe Doukaina, daughter of Konstantinos X",Male,Female,FatherOf
Emperor Konstantinos X Doukas,second son of Konstantinos X and Eudokia,Male,Male,FatherOf
"Konstantinos III Leichoudes, patriarch of Constantinople","Stephanos Leichoudes, patrikios, governor of Vaspurakan",Male,Male,FatherOf
Konstantinos Dalassenos,"daughter of Konstantinos Dalassenos, first wife of Konstantinos X Doukas",Male,Female,FatherOf
"Konstantinos Diogenes, father of Romanos IV",Emperor Romanos IV Diogenes,Male,Male,FatherOf
"Konstantinos Bodin, king of Duklja","Georgius, son of king Bodin",Male,,FatherOf
"Konstantinos, nephew of patriarch Michael I Keroularios",son from second marriage of Konstantinos (nephew of Michael Keroularios),Male,Male,FatherOf
"Konstantinos, nephew of patriarch Michael I Keroularios","daughter of Konstantinos, nephew of Keroularios, and grandmother of Tzetzes",Male,,FatherOf
"Konstantinos, nephew of patriarch Michael I Keroularios","Michael, logothetes of the sekreta and gambros of the Komnenoi",Male,,FatherOf
"Konstantinos, nephew of patriarch Michael I Keroularios","beloved eldest daughter of Konstantinos, nephew of Keroularios, married to Iasites",Male,,FatherOf
"Konstantinos Katakalon Euphorbenos, military man and diplomat","Nikephoros Katakalon Euphorbenos, son-in-law of Alexios I",,,FatherOf
"Konstantinos Iasites, at 1094 synod","Michael Iasites, husband of Eudokia, daughter of Alexios I",,Male,FatherOf
"Konstantinos Komnenos, megas droungarios, doux of Berroia","Isaakios - Ioannes Komnenos, son of Konstantinos, megas droungarios",Male,,FatherOf
"Konstantinos, father of Iveron act witness Demetrios","Leon, witness of Iveron act",Male,Male,FatherOf
"Qutlumish, cousin of Tughrul Beg",Mansur ibn Qutlumish,Male,Male,FatherOf
"Qutlumish, cousin of Tughrul Beg",Sulayman ibn Qutlumish,Male,Male,FatherOf
"Kyriakos, slave of Eustathios Boilas","Konstantinos, son of Kyriakos slave of Eustathios Boilas",Male,Male,FatherOf
"Kyriakos Belaites, father of tax-payer at Dobrobikeia","Ioannes, tax-payer at chorion of Dobrobikeia",Male,Male,FatherOf
"Kyriakos, father of tax-payer at Dobrobikeia","Nesnastros, tax-payer at chorion of Dobrobikeia",Male,Male,FatherOf
"Laskaris, servant of Eustathios Boilas","Michael, in household of Eustathios Boilas",Male,Male,FatherOf
"Liparit IV, duke of Trialeti","Ivane, son of Liparit IV",Male,Male,FatherOf
"Manuel Komnenos, eldest brother of Alexios I","daughter (Anna?) of Manuel Komnenos, brother of Alexios I",Male,Female,FatherOf
"Melabas, citizen of Hierissos (?)","Nikephoros, son of Melabas, citizen of Hierissos",Male,Male,FatherOf
Emperor Michael VII Doukas,"Konstantinos Doukas porphyrogennetos, son of Michael VII",Male,Male,FatherOf
Michael Psellos (named Konstantinos till tonsure in 1054),"Styliane, daughter of Michael Psellos",Male,Female,FatherOf
Michael Psellos (named Konstantinos till tonsure in 1054),krites of Armeniakon,Male,Male,FatherOf
"Michael/Mihailo (Michaelas), son of Voislav Stefan","Konstantinos Bodin, king of Duklja",Male,Male,FatherOf
"Michael/Mihailo (Michaelas), son of Voislav Stefan","daughter of Michaelas, wife of Longibardopoulos",Male,Female,FatherOf
"Michael Bourtzes, doux of Antioch","Konstantinos Bourtzes, patrikios",Male,Male,FatherOf
"Mikhail b. Seljuk, father of Tughrul Beg","Tughrul Beg, Seljuk Sultan",Male,Male,FatherOf
"Michael Doukas, brother of Eirene Doukaina","Konstantinos Doukas, nephew of Eirene Doukaina",,Male,FatherOf
"Michael Apokapes, commander of Edessa","Basileios Apokapes, doux of Edessa",Male,Male,FatherOf
"Nasr ibn Musharraf, Arab opponent of Antioch",son of Nasr ibn Musharraf,Male,Male,FatherOf
Nikephoros Bryennios usurper [1077],"(Ioannes) Bryennios the patrikios, father of the kaisar",Male,Male,FatherOf
Nikephoros Bryennios usurper [1077],"Nikephoros Bryennios, kaisar, husband of Anna Komnene",Male,Male,FatherOf
"Nikephoros Palaiologos, advisor to Romanos IV and Nikephoros III",Georgios Palaiologos,Male,Male,FatherOf
"Nikephoros Komnenos, brother of Alexios I","Alexios Komnenos, sebastos, son of Nikephoros",Male,,FatherOf
"Paulos, translator for papal legates of 1054","Smaragdos, translator for papal legates of 1054",,,FatherOf
"Pankratios, father of spatharokandidatos and tourmarches Mouselios","Mousilios, spatharokandidatos and tourmarches",Male,Male,FatherOf
"Phatloum, brother of Aplesphares of Dvin","Artaseiras, nephew of Aplesphares of Dvin",Male,Male,FatherOf
Philaretos Brachamios,son of Philaretos Brachamios,Male,,FatherOf
Hassan ibn al-Mufarrij ibn al-Jarrah (Pinzarach),"'Allaf, son of Hassan ibn al-Mufarrij",Male,Male,FatherOf
"Polyeuktos, father of Michael the strategos of Ohrid (?)","Michael, strategos of Ohrid (?), son of Polyeuktos",Male,Male,FatherOf
"Radomir, son of Samuel of Bulgaria","Petros (Peter) Deljan, Bulgarian rebel",Male,Male,FatherOf
Robert Guiscard,"Helena-Olympias, daughter of Robert Guiscard",Male,Female,FatherOf
Robert Guiscard,Bohemond of Taranto,Male,Male,FatherOf
Robert Guiscard,"Roger Borsa, Duke of Apulia, son of Robert Guiscard",Male,Male,FatherOf
Robert Guiscard,son of Robert Guiscard,Male,Male,FatherOf
Robert Guiscard,"daughter of Robert Guiscard, wife of count Euboulos (Ebalus of Roucy?)",Male,Female,FatherOf
Robert Guiscard,"daughter of Robert Guiscard, married to Raymond of Barcelona",Male,Female,FatherOf
Robert Guiscard,Guy of Hauteville,Male,Male,FatherOf
Emperor Romanos IV Diogenes,child (son?) of Romanos IV,Male,Male,FatherOf
Emperor Romanos IV Diogenes,"Konstantinos Diogenes, son of Romanos IV",Male,Male,FatherOf
Emperor Romanos IV Diogenes,"Nikephoros Diogenes, son of Romanos IV",Male,Female,FatherOf
Emperor Romanos IV Diogenes,"Leon Diogenes, son of Romanos IV and Eudokia Makrembolitissa",Male,Male,FatherOf
Emperor Romanos IV Diogenes,pseudo-Leon Diogenes,Male,,FatherOf
"Romanos Skleros, father of Basileios","Basileios Skleros, son of Romanos Skleros",Male,Male,FatherOf
Samuel of Bulgaria,"Radomir, son of Samuel of Bulgaria",Male,Male,FatherOf
Samuel of Bulgaria,"Aikaterine of Bulgaria, wife of Isaakios I Komnenos",Male,Female,FatherOf
Samuel of Bulgaria,"Traianos/Trojan, son of John Vladislav of Bulgaria",Male,,FatherOf
"Samuel, father of a paroikos of Iveron","Demetrios, paroikos of Iveron",Male,Male,FatherOf
"Staurakios, father of tax-payer at Dobrobikeia","Georgios, tax-payer at chorion of Dobrobikeia",Male,Male,FatherOf
"Stephanos, father of Michael V",Emperor Michael V Kalaphates,Male,Male,FatherOf
Stephanos Sthlabotas,"Maria, daughter of Stephanos Sthlabotas",Male,Female,FatherOf
"Streboulos, father of Iveron act witness","Gregorios, son of Streboulos (of Thessalonike?)",Male,Male,FatherOf
"Theodosios Monomachos, cousin of Konstantinos IX","son of Theodosios Monomachos, cousin of Konstantinos IX",Male,Male,FatherOf
"Theodosios Monomachos, cousin of Konstantinos IX",Emperor Konstantinos IX Monomachos,Male,Male,FatherOf
"Theodoulos Synadenos, vestarches","Synadene, wife of kral of Hungary",Male,Female,FatherOf
"Artuq, Turkish amir","Suqman ibn Artuq, ex-ruler of Jerusalem",Male,Male,FatherOf
"Artuq, Turkish amir",Najm al-Din Ilghazi ibn Artuq,Male,Male,FatherOf
"Tzachas/Chaka, Turkish amir",wife of Qilij Arslan I,Male,Female,FatherOf
"John Vladislav, ruler of Bulgaria","Aaron, brother of Alousianos",Male,Male,FatherOf
"John Vladislav, ruler of Bulgaria","Aikaterine of Bulgaria, wife of Isaakios I Komnenos",Male,Female,FatherOf
"Voislav Stefan, ruler of the Serbians","Michael/Mihailo (Michaelas), son of Voislav Stefan",Male,Male,FatherOf
"Voislav Stefan, ruler of the Serbians",son of Voislav Stefan,Male,Male,FatherOf
"Gorgoploutos, tavern-keeper in Constantinople",son of tavern-keeper Gorgoploutos,Male,Male,FatherOf
father of priest in household (?) of Michael Psellos,priest (in the household?) of Michael Psellos,Male,Male,FatherOf
"Anthimos, protospatharios mentioned in synodal decision","Leon, mentioned in synodal decision",Male,Male,FatherOf
"Basileios Kalokairos, mentioned in synodal decision",son of Basileios Kalokairos,Male,Male,FatherOf
"Demetrios, mentioned in synodal decision","Theodote, mentioned in synodal decision",Male,Female,FatherOf
"Eirenikos, father of Michael Attaleiates",Michael Attaleiates,Male,Male,FatherOf
"Alexios Charon, father of Anna Dalassene",Anna Dalassene,Male,Female,FatherOf
"Georgios, mentioned in synodal decision","Theodote, mentioned in synodal decision",Male,Female,FatherOf
"Ioannes, protospatharios, father of lawsuit witness Niketas","Niketas, witness in lawsuit",Male,Male,FatherOf
Michael Attaleiates,"Theodoros, son of Michael Attaleiates",Male,Male,FatherOf
"Nikolaos, mentioned in synodal decision","Helena, mentioned in synodal decision",Male,Female,FatherOf
"Petros Bombylas, mentioned in synodal decision","Mitze, daughter of Petros Bombylas",Male,Female,FatherOf
"Theodoros Karmalikios, chartoularios (in Thessalonike?)",daughter of Theodoros Karmalikios,Male,Female,FatherOf
"Andronikos Komnenos, son of Alexios I","Maria, daughter of Andronikos the sebastokrator, son of Alexios I",Male,,FatherOf
"Andronikos Komnenos, son of Alexios I","Anna, daughter of Andronikos the sebastokrator, son of Alexios I",Male,,FatherOf
"Ioannes Axouch, megas domestikos","Alexios Axouchos, protostrator, son of megas domestikos Ioannes",Male,,FatherOf
"Isaakios Komnenos, son of Alexios I","Anna Komnene, daughter of Isaakios, brother of Ioannes II",Male,,FatherOf
monk from Anatolikon who slept with his daughter,daughter who slept with her father,Male,Female,FatherOf
sailor whose son's death Lazaros of Galesion foretold,young boy whose death was foretold by Lazaros of Galesion,Male,Male,FatherOf
"Konidiares, father of Kosmas","Kosmas, son of Konidiares",Male,Male,FatherOf
"Blattopoles, father of monk Basileios of Mount Galesion","Basileios tou Blattopolou, monk on Mount Galesion",Male,Male,FatherOf
"proteuon, father of krites of Thrakesion Nikephoros","Nikephoros, krites of Thrakesion",Male,Male,FatherOf
"Gregorios, monk on Mount Galesion","Kyrillos, oikonomos on Mount Galesion",Male,Male,FatherOf
"Ioannes Libanos, visitor to Mount Galesion","Georgios, son of Ioannes Libanos",Male,Male,FatherOf
"Menas, priest from Samakios (near Galesion)","Konstantinos, son of priest Menas of Samakios",Male,Male,FatherOf
"Niketas, father of Lazaros of Galesion",Lazaros of Mount Galesion,Male,Male,FatherOf
"Symeon, monk on Mount Galesion",daughter of monk Symeon of Mount Galesion,Male,Female,FatherOf
king (?) of Alania,"Eirene of Alania, wife of Isaakios Komnenos (brother of Alexios I)",Male,Female,FatherOf
"Argyros, father of first wife of Alexios I Komnenos","first wife of Alexios I Komnenos, daughter of an Argyros",Male,Female,FatherOf
brother of Tughrul Beg (Baihnu Israil Arslan?),"Asan the Deaf, nephew of Tughrul Beg",Male,Male,FatherOf
"Taj al-Dawla Tutush, brother of sultan Malik-Shah","Fakhr al-Mulk Ridwan, ruler of Aleppo",,Male,FatherOf
"Theodoros Gabras, ruler of Trebizond","Gregorios Gabras, son of Theodoros Gabras",Male,Male,FatherOf
Manuel Komnenos Erotikos,"Ioannes Komnenos, father of Alexios I",Male,Male,FatherOf
Manuel Komnenos Erotikos,Emperor Isaakios I Komnenos,Male,Male,FatherOf
"Phloros, father of Nikephoros Basilakes","Nikephoros Basilakes, usurper [1078]",Male,Male,FatherOf
Sulayman ibn Qutlumish,Qilij Arslan ibn Sulayman ibn Qutlumish,Male,Male,FatherOf
"László / Ladislas I, king of Hungary, father of Eirene Piroska","Eirene-Piroska, wife of Ioannes II Komnenos",Male,,FatherOf
"László / Ladislas I, king of Hungary, father of Eirene Piroska","Álmos, brother of István II of Hungary",Male,Male,FatherOf
"László / Ladislas I, king of Hungary, father of Eirene Piroska","István II, king of Hungary",Male,Male,FatherOf
"Alan leader, father of mistress of Konstantinos IX",Alan mistress of Konstantinos IX Monomachos,Male,Female,FatherOf
father of Eudokia Makrembolitissa,Empress Eudokia Makrembolitissa,Male,Female,FatherOf
father of Gregorios Pakourianos,"Gregorios Pakourianos, megas domestikos",Male,Male,FatherOf
"Chosrienes, uncle of Gregorios Pakourianos",cousin of Gregorios Pakourianos,Male,Male,FatherOf
"horophylax, father of paroikos Georgios at Olynthos (Meander valley)","Georgios, paroikos at Olynthos (Meander valley)",Male,Male,FatherOf
"Samonas, father of paroikos Nikolaos at Olynthos (Meander valley)","Nikolaos, paroikos at Olynthos (Meander valley)",Male,Male,FatherOf
father of Romanos III Argyros,Emperor Romanos III Argyros,Male,Male,FatherOf
"Nikephoros Phokas, son of Bardas Phokas",Bardas Phokas the younger,Male,Male,FatherOf
"al-Qadir bi-llah Ahmad ibn al-Muqtadir, caliph of Baghdad","Abu Ja'far 'Abd al-Malik al-Qa'im bi-Amr Allah, caliph of Baghdad",Male,Male,FatherOf
Salih ibn Mirdas al-Kilabi,"Mu'izz al-Dawla Thimal, Mirdasid lord of Aleppo",Male,,FatherOf
Salih ibn Mirdas al-Kilabi,Shibl al-Dawla Abu Kamil Nasr ibn Salih ibn Mirdas,Male,Male,FatherOf
"Grammatikos, father of paroikos Agapetos at Berboulidion (Meander valley)","Agapetos, paroikos at Berboulidion (Meander valley)",Male,Male,FatherOf
"Phaus, father of paroikos Petros at Galaides (Meander valley)","Petros, paroikos at Galaides (Meander valley)",Male,Male,FatherOf
"Pezoules, father of paroikos Ioannes at Galaides (Meander valley)","Ioannes, paroikos at Galaides (Meander valley)",Male,Male,FatherOf
paroikos at Galaides (Meander valley),"Basileios, son of paroikos at Galaides (Meander valley)",Male,Male,FatherOf
"Sarakinos, father of paroikos Nikephoros at Mantrakle (Meander valley)","Nikephoros, paroikos at Mantrakle (Meander valley)",Male,Male,FatherOf
"Basileios, father of paroikos Ioannes at Olynthos (Meander valley)","Ioannes, paroikos at Olynthos (Meander valley)",Male,Male,FatherOf
"Basileios Kateas, epoikos on Patmos","Niketas Kateas, epoikos on Patmos",Male,Male,FatherOf
"Basileios Kateas, epoikos on Patmos","Kyriakos, son of epoikos Basileios Kateas of Patmos",Male,Male,FatherOf
"Georgios, paroikos at Olynthos (Meander valley)","Maria, daughter of paroikos Georgios at Olynthos (Meander valley)",Male,Female,FatherOf
"Basileios Romanikos, patrikios","Theodoros Romanikos, imperial notarios",Male,Male,FatherOf
"Basileios Kamateros, magistros and krites of the velon","Gregorios Kamateros, logariastes of sekreton of genikon",Male,Male,FatherOf
"Georgios Tzibos, paroikos at Baris (Meander valley)","Ioannes, son of paroikos Georgios Tzibos at Baris (Meander valley)",Male,Male,FatherOf
"Georgios Mizoteros, father of paroikos Bardas at Baris (Meander valley)","Bardas, paroikos at Baris (Meander valley)",Male,Male,FatherOf
"Ioannes Marmaras, paroikos at Baris (Meander valley)","Anna, daughter of paroikos Ioannes Marmaras at Baris (Meander valley)",Male,Female,FatherOf
"Ioannes Sapounas, husband of paroikos Maria at Olynthos (Meander valley)","Georgios, paroikos at Olynthos (Meander valley)",Male,Male,FatherOf
"Ioannes, paroikos at Olynthos (Meander valley)","Kyriakos, son of paroikos Ioannes at Olynthos (Meander valley)",Male,Male,FatherOf
"Georgios Sideras, paroikos at Galaides (Meander valley)","Ioannes, son of paroikos Georgios Sideras at Galaides (Meander valley)",Male,Male,FatherOf
"Georgios Sideras, paroikos at Galaides (Meander valley)","Leon, son of paroikos Georgios Sideras at Galaides (Meander valley)",Male,Male,FatherOf
"Georgios Maurogeorgios, paroikos at Galaides (Meander valley)","Leon, son of paroikos Georgios Maurogeorgios at Galaides (Meander valley)",Male,Male,FatherOf
"Georgios Maurogeorgios, paroikos at Galaides (Meander valley)","Georgios, son of paroikos Georgios Maurogeorgios at Galaides (Meander valley)",Male,Male,FatherOf
"Georgios, paroikos at Melanoudion (Meander valley)","Ioannes, son of paroikos Georgios at Melanoudion (Meander valley)",Male,Male,FatherOf
"Ioannes Skrinos, paroikos at Berboulidion (Meander valley)","Basileios, son of paroikos Ioannes Skrinos at Berboulidion (Meander valley)",Male,Male,FatherOf
"Ioannes Skrinos, paroikos at Berboulidion (Meander valley)","Leon, son of paroikos Ioannes Skrinos at Berboulidion (Meander valley)",Male,Male,FatherOf
"Ioannes Agouritzes, paroikos at Galaides (Meander valley)","Konstantinos, son of paroikos Ioannes Agouritzes at Galaides (Meander valley)",Male,Male,FatherOf
"Ioannes Koundoumas, epoikos on Patmos","Margarito, daughter of epoikos Ioannes Koundoumas of Patmos",Male,Female,FatherOf
"Ioannes Koundoumas, epoikos on Patmos","Kale, daughter of epoikos Ioannes Koundoumas of Patmos",Male,Female,FatherOf
"Ioannes Bagianos, epoikos on Patmos","Eirene, daughter of epoikos Ioannes Bagianos of Patmos",Male,Female,FatherOf
"Ioannes Bagianos, epoikos on Patmos","Georgios, son of epoikos Ioannes Bagianos of Patmos",Male,Male,FatherOf
"Ioannes Psomozoules, epoikos on Patmos","Kale, daughter of epoikos Ioannes Psomozoules oof Patmos",Male,Female,FatherOf
"Kyrillos Phileotes, holy man at Derkos (Thrace)",daughter of Kyrillos Phileotes,Male,Female,FatherOf
"Kyrillos Phileotes, holy man at Derkos (Thrace)",son of Kyrillos Phileotes,Male,Male,FatherOf
"Ioannes Kyparissiotes, vestes and imperial notarios","protonotarios of genikon logothesion, son of Ioannes Kyparissiotes",Male,Male,FatherOf
"Ishmael, father of witness of Patmos document Michael","Michael, witness to Patmos doc.",Male,Male,FatherOf
"Kalos Patmiotes, epoikos on Patmos","Leon, son of epoikos Kalos of Patmos",Male,Male,FatherOf
"Kalos Patmiotes, epoikos on Patmos","Lykianos, son of epoikos Kalos of Patmos",Male,Male,FatherOf
"Kalos Patmiotes, epoikos on Patmos","Kyriakos, epoikos on Patmos",Male,Male,FatherOf
"Konstantinos Papadopolos, epoikos on Patmos","Plyto, daughter of epoikos Konstantinos Papadopolos of Patmos",Male,Female,FatherOf
"Konstantinos Papadopolos, epoikos on Patmos","Xenia, daughter of epoikos Konstantinos Papadopolos of Patmos",Male,Female,FatherOf
"Konstantinos Papadopolos, epoikos on Patmos","Kyriakos, son of epoikos Konstantinos Papadopolos of Patmos",Male,Male,FatherOf
"Konstantinos Papadopolos, epoikos on Patmos","Michael, son of epoikos Konstantinos Papadopolos of Patmos",Male,Male,FatherOf
"Konstantinos Kalamiotes Persikoures, epoikos on Patmos","Basileios, son of epoikos Konstantinos Kalamiotes Persikoures on Patmos",Male,Male,FatherOf
"Kyriakos, paroikos at Olynthos (Meander valley)","Georgios, son of paroikos Kyriakos at Olynthos (Meander valley)",Male,Male,FatherOf
"Kyriakos, epoikos on Patmos","Anna, daughter of epoikos Kyriakos of Patmos",Male,Female,FatherOf
"Kyriakos, epoikos on Patmos","Leon, son of epoikos Kyriakos of Patmos",Male,Male,FatherOf
"Kyriakos Tzimischis, epoikos on Patmos","Nikephoros, son of epoikos Kyriakos Tzimischis of Patmos",Male,Male,FatherOf
"Michael, witness to Patmos doc.","Ishmael, father of witness of Patmos document Michael",Male,Male,FatherOf
"Nikephoros, father (husband?) of paroikos Sophia at Galaides (Meander valley)","Sophia, paroikos at Galaides (Meander valley)",Male,Female,FatherOf
"Nikephoros, paroikos at Mantrakle (Meander valley)","Maria, daughter of paroikos Nikephoros at Mantrakle (Meander valley)",Male,Female,FatherOf
"Niketas Kateas, epoikos on Patmos","Kalos, son of epoikos Niketas Kateas of Patmos",Male,Male,FatherOf
"Petros, paroikos at Galaides (Meander valley)","Ioannes, son of paroikos Petros at Galaides (Meander valley)",Male,Male,FatherOf
"Petros Kalabros, paroikos at Melanoudion (Meander valley)","Anna, daughter of paroikos Petros Kalabros at Melanoudion (Meander valley)",Male,Female,FatherOf
"Strategos, paroikos at Olynthos (Meander valley)","Moschos, son of paroikos Strategos at Olynthos (Meander valley)",Male,Male,FatherOf
"Theodoulos, paroikos at Baris (Meander valley)","Anna, daughter of paroikos Theodoulos at Baris (Meander valley)",Male,Female,FatherOf
"Theodosios, father of Theophanes, witness in codicil of Christodoulos","Theophanes, witness in codicil of Christodoulos of Patmos",Male,Male,FatherOf
"Moroioannes, father of Basileios Euripiotes","Basileios Euripiotes, son of Moroiannes",Male,Male,FatherOf
"Theognostos, father (?) of inhabitant of Adrameri Symeon","Symeon, inhabitant of Adrameri in Chalkidike",Male,Male,FatherOf
"Staros, father of deacon Nikolaos at Thessalonike","Nikolaos tou Starou, deacon at Thessalonike",Male,Male,FatherOf
"Photeinos, grandfather of landowner Ioannes at Thessalonike","Demetrios, priest and father of landowner Ioannes at Thessalonike",Male,Male,FatherOf
"Petros, father of inhabitant of Adrameri Kalos","Kalos, inhabitant of Adrameri in Chalkidike",Male,Male,FatherOf
"Leon Kephalas, vestarches and primikerios of the vestiaritai","Nikephoros Kephalas, proedros and Lavra donor",Male,Male,FatherOf
"Kalotas, father of inhabitant of Adrameri (Nikolaos?)",inhabitant of Adrameri in Chalkidike,Male,Male,FatherOf
"Ioannes, ostiarios and father (?) of Lavra act witness",witness to Lavra act,Male,Male,FatherOf
"Demetrios, priest and father of landowner Ioannes at Thessalonike","Ioannes, landowner at Thessalonike",Male,Male,FatherOf
"Demetrios, priest and father of landowner Ioannes at Thessalonike","Maria, landowner at Thessalonike",Male,Female,FatherOf
"Christodoulos, father of witness of Lavra act Georgios","Georgios tou Christodoulou, witness of Lavra act (at Constantinople?)",Male,Male,FatherOf
"Christophoros, father of furrier Theodoros at Thessalonike","Theodoros, furrier at Thessalonike",Male,Male,FatherOf
"Aichmalotos, father of landowner Theodoros","Theodoros ho tou Aichmalotou, landowner in dispute with Lavra",Male,Male,FatherOf
"Boios (or Baias?), father of Manuel, witness of Lavra act","Manuel tou Boiou, witness of Lavra act",Male,Male,FatherOf
"Sgouros, father of inhabitant of Adrameri Konstantinos","Konstantinos, inhabitant of Adrameri in Chalkidike",Male,Male,FatherOf
"Roman of Le Puy, lord of Transjordan","Radulf, son of Roman of Le Puy",,,FatherOf
"Henry IV, king of Germany and western emperor","Henry V, king of Germany and western emperor",Male,,FatherOf
father of Michael Keroularios,"Michael I Keroularios, patriarch of Constantinople",Male,Male,FatherOf
elder brother of Michael Keroularios,"Konstantinos, nephew of patriarch Michael I Keroularios",Male,Male,FatherOf
elder brother of Michael Keroularios,"Nikephoros, nephew of patriarch Michael I Keroularios",Male,Male,FatherOf
Thomas Gerontas,"Theodoros, son of Thomas Gerontas",Male,Male,FatherOf
"Theodoros, spatharios from Athens, father of Staurakios","Staurakios, son of Theodoros spatharios from Athens",Male,Male,FatherOf
Theodoros Psachnetes,"Marianos, son of Theodoros Psachnetes",Male,Male,FatherOf
"Theodoros, father of Kosmas","Kosmas, son of Theodoros",Male,Male,FatherOf
"Stephanos Kastelianos, proedros","Nikolaos, son of Stephanos Kastelianos, proedros",Male,Male,FatherOf
"Sisinios, father of Leon","Leon, son of Sisinios",Male,Male,FatherOf
"Pothos, spatharokandidatos","Symeon, son of Pothos spatharokandidatos",Male,Male,FatherOf
Nikolaos Kalandes,"Ioannes, son of Nikolaos Kalandes",Male,Male,FatherOf
"Leon, father of Marianos","Marianos, son of Leon",Male,Male,FatherOf
Leon Hypatios,"strator (?), son of Leon Hypatios",Male,,FatherOf
Kosmas Garasdes Anemosphaktes,"Petros, son of Kosmas Garasdes Anemosphaktes",Male,Male,FatherOf
"Konstantinos, father of Georgios","Georgios, son of Konstantinos",Male,Male,FatherOf
Konstantinos Rendakios,Demetrios Phalakros,Male,Male,FatherOf
Konstantinos Chabaron,son of Konstantinos Chabaron,Male,,FatherOf
"Konstantinos, father of Leon","Leon, son of Konstantinos",Male,Male,FatherOf
"Konstantinos the Athenian, father of Theophylaktos","Theophylaktos, grandson of Theodoros and son of Konstantinos",Male,Male,FatherOf
Ioannes Sklabotheodoros,"Demetrios, son of the komes Ioannes Sklabotheodoros",Male,Male,FatherOf
Ioannes Kampos,"Georgios, son of Ioannes Kampos",Male,Male,FatherOf
Ioannes Leobachos protospatharios,daughter of Ioannes Leobachos protospatharios,Male,Female,FatherOf
"Ioannes, father of Pithekos protopapas","Pithekos, protopapas",Male,Male,FatherOf
"Ioannes, father of Petros","Petros, son of Ioannes",Male,Male,FatherOf
Hypatios Gerontas,"Leon the Athenian, son of Hypatios Gerontas",Male,Male,FatherOf
"Euphemios, abbas",Kosmas Anemosphaktes,Male,Male,FatherOf
"Eustathios, father of Ioannes","Ioannes, son of Eustathios",Male,Male,FatherOf
Demetrios Kampos,"Nikolaos, son of Demetrios Kampos",Male,Male,FatherOf
"Augoustinos, father of Niketas","Niketas, son of Augoustinos",Male,Male,FatherOf
"Meletinos, strator, father of Nikolaos and Ioannes","Nikolaos, son of Meletinos strator, heir of Theodoros komes",Male,Male,FatherOf
"Meletinos, strator, father of Nikolaos and Ioannes","Ioannes, son of Meletinos strator, heir of Theodoros komes",Male,Male,FatherOf
Chage from Anysos,"Basileios Chage, father of the widow Poletiane",Male,Male,FatherOf
"Pardos, father of Democharis droungarios","Democharis, droungarios",Male,Female,FatherOf
"Gerontas, father of Symeon","Symeon, son of Gerontas, grandson of Gerontas protospatharios",Male,Male,FatherOf
"Gerontas, father of Rendakios","Rendakios, son of Gerontas",Male,Male,FatherOf
"spatharios, father of Theodoros","Theodoros, son of the spatharios",Male,Male,FatherOf
"Gerontas, father of Leon","Leon, son of Gerontas",Male,Male,FatherOf
"Gerontas, father of Nikolaos","Nikolaos, son of Gerontas",Male,Male,FatherOf
"Gerontas, father of Ioannes","Ioannes, son of Gerontas",Male,Male,FatherOf
"Galaton (?), spatharios","Nikolaos, son of Galaton",Male,Male,FatherOf
"Kondos, landowner in an early cadaster in Thebes","Andreas, son of Kondos",Male,Male,FatherOf
Andreas Troulos,"Nikolaos, son of Andreas Troulos",Male,Male,FatherOf
"Andreas (from) Anytos, father of Konstantinos proedros","Konstantinos proedros, son of Andreas",Male,Male,FatherOf
"Agallianos, father of Philippos","Philippos, son of Agallianos",Male,Male,FatherOf
"William I the Conqueror, king of England","Robert [Curthose], count [duke] of Normandy",Male,Male,FatherOf
"Tancred, Lord of Hauteville in Normandy","William of Hauteville, Bras de fer",Male,Male,FatherOf
"Petrone I, son of Amicus and father of Geoffrey of Taranto","Geoffrey, count of Taranto",Male,Male,FatherOf
"Melus, rebel in Southern Italy","Argyros, son of Melus",Male,Male,FatherOf
Ioannes Hikanatos,"Maraldi, son of Ioannes Hikanatos",Male,Male,FatherOf
"Ioannakes, father of Argyritzos of Bari","Argyritzos, son of Ioannakes, supporter of surrender of Bari",Male,Male,FatherOf
"Capozzati, prominent citizen at Bari","son of Capozzati, prominent citizen at Bari",Male,Male,FatherOf
Aksungur (Aqsunqur) of Aleppo,"'Imad al-Din Zanki, atabeg of Mosul",Male,Male,FatherOf
"Al-Afdal ibn Badr al-Jamali, vizier of Egypt","Sharaf al-Ma'ali, son of Egyptian vizier al-Afdal",Male,,FatherOf
"Alexios, father of Konstantinos","Konstantinos, son of Alexios",Male,Male,FatherOf
patrikios,"Nikephoros, protospatharios",Male,Male,FatherOf
chartophylax,"Leon, son of the chartophylax",Male,Male,FatherOf
megas domestikos,"Georgios, son of the megas domestikos",Male,Male,FatherOf
Chasanes (?),"Basileios Chasanes, magistros krites of the velon, son of the philosopher",Male,Male,FatherOf
"Basileios Chalkoutzes (father of Ioannes), kensor and protonotarios of the sakelle","Ioannes Chalkoutzes, son of Basileios",Male,Male,FatherOf
Chosrobios patrikios,"Asotes, protospatharios hypatos, son of the patrikios Chosrobios",Male,Male,FatherOf
"Stylianos, father of witness of Xeropotamou act Georgios","Georgios tou Stylianou, witness of Xeropotamou act",Male,Male,FatherOf
Gagik (Kakikes) Aniotes (Gagik II of Ani?),"Maria, daughter of Kakikes Aniotes (Gagik II of Ani?)",Male,Female,FatherOf
Gagik (Kakikios) of Kars,Maria daughter of Kakikios (Gagik) of Kars,Male,Female,FatherOf
"Adralestos, prominent person in Bari",son of Adralestos,Male,Male,FatherOf
father of Michael Psellos,Michael Psellos (named Konstantinos till tonsure in 1054),Male,Male,FatherOf
paternal grandfather of Michael Psellos,"Theodote, mother of Michael Psellos",Male,Female,FatherOf
father of Ioannes Iberitzes,"Ioannes Iberitzes, protospatharios and vestiarites",Male,Male,FatherOf
father of Basileios Pikrides,"Basileios Pikrides, manglabites",Male,Male,FatherOf
father of Konstantinos Leichoudes,"Konstantinos III Leichoudes, patriarch of Constantinople",Male,Male,FatherOf
father of Ioannes Xiphilinos,"Ioannes VIII Xiphilinos, patriarch of Constantinople",Male,Male,FatherOf
"Koulepi(s), father of Bardas","Bardas, son of Koulepi(s)",Male,Male,FatherOf
"Michael, magistros, father of Sophia","Sophia, daughter of Michael magistros",Male,Male,FatherOf
Mousoutes,"Mensour son of Mousoutes, protospatharios and strategos",Male,Male,FatherOf
Oshin,Het‘oum,Male,,FatherOf
Zeid,"Mûsa, son of Zeid",Male,Male,FatherOf
"Baldwin of Bourcq, Baldwin II, king of Jerusalem","Melisende, daughter of Baldwin II, queen of Jerusalem",Male,,FatherOf
"Baldwin of Bourcq, Baldwin II, king of Jerusalem","Alice, daughter of Baldwin II of Jerusalem, princess of Antioch",Male,,FatherOf
"Baldwin of Bourcq, Baldwin II, king of Jerusalem","Hodierna, daughter of Baldwin II of Jerusalem, wife of Raymond II of Tripoli",Male,,FatherOf
"Baldwin of Bourcq, Baldwin II, king of Jerusalem","Iveta/Yvette, daughter of Baldwin II of Jerusalem",Male,,FatherOf
"Bertrand of St Gilles, count of Tripoli","Pons, count of Tripoli",Male,Male,FatherOf
"Cono, count of Montaigu",Gozelo of Montaigu,Male,Male,FatherOf
"Cono, count of Montaigu",Lambert of Montaigu,Male,Male,FatherOf
"Eustace II, count of Boulogne","Godfrey of Bouillon, duke of Lower Lorraine, first Latin ruler of Jerusalem",Male,Male,FatherOf
"Eustace II, count of Boulogne","Baldwin of Boulogne, Baldwin I, king of Jerusalem",Male,Male,FatherOf
"Eustace Garnier (Grenier), lord of Caesarea and Sidon","Eustace II Garnier, lord of Sidon",Male,,FatherOf
"Eustace Garnier (Grenier), lord of Caesarea and Sidon","Walter Garnier, lord of Caesarea",Male,,FatherOf
"Firuz (or al-Zarrad or Ruzbah), betrayer of Antioch",adolescent son of Firuz of Antioch,Male,Male,FatherOf
"Fulk IV, count of Touraine and Anjou, father of king Fulk","Fulk V, count of Anjou, king of Jerusalem",Male,,FatherOf
"Gabriel (Khoril), amir, doux of Melitene","Morphia, countess of Edessa, queen of Jerusalem",Male,Female,FatherOf
"Hugh, count of Saint-Pol",Engelrand of St Pol,Male,Male,FatherOf
"Hugh, count of Rethel","Baldwin of Bourcq, Baldwin II, king of Jerusalem",Male,Male,FatherOf
"Hugh of Le Puiset, count of Jaffa","Hugh, count of Jaffa",Male,,FatherOf
"Joscelin I of Courtenay, count of Edessa","Joscelin II, count of Edessa",Male,,FatherOf
Pakrad the Armenian,"son of Pakrad, Armenian soldier",Male,Male,FatherOf
"Philip I, king of France","Constance, daughter of Philip I of France, wife of Bohemond of Taranto",Male,Female,FatherOf
"Philip I, king of France","Cecilia of France, wife of Tancred of Hauteville, then of Pons of Tripoli",Male,Female,FatherOf
"Philip I, king of France","Louis VI the Fat, King of France",Male,,FatherOf
"Pons, count of Tripoli","Raymond II, count of Tripoli",Male,,FatherOf
"Raymond of Saint-Gilles, count of Toulouse","Alphonse of St Gilles, son of Raymond of Toulouse",Male,,FatherOf
"Raymond of Saint-Gilles, count of Toulouse","Bertrand of St Gilles, count of Tripoli",Male,Male,FatherOf
Richard of the Principate,"Roger of Salerno, prince (regent?) of Antioch",Male,Male,FatherOf
"Fakhr al-Mulk Ridwan, ruler of Aleppo",son of Ridwan of Aleppo,Male,Male,FatherOf
"Fakhr al-Mulk Ridwan, ruler of Aleppo","Sultan-Shah, son of Ridwan of Aleppo",Male,,FatherOf
"Robert [Curthose], count [duke] of Normandy","William, son of Robert of Normandy",Male,Male,FatherOf
Roger I of Sicily,"Roger II, king of Sicily",Male,,FatherOf
"Taphnuz, father-in-law of Baldwin I of Jerusalem",Armenian second wife [Arda?] of Baldwin I of Jerusalem,Male,Female,FatherOf
"Zahir al-Din Abu Mansur Tughtakin, atabeg of Damascus","Taj al-Mulk Buri, son of Tughtakin of Damascus",Male,,FatherOf
"Walter of St-Valery, viscount of Dom(ed)art-en-Penthieu","Bernard of St-Valery, son of Walter",Male,Male,FatherOf
"William IX of Poitou, duke of Aquitaine","Raymond of Poitiers, prince of Antioch",Male,,FatherOf
"William X, count of Poitou","Eleanor of Aquitaine, queen of Louis VII, then of Henry II",,,FatherOf
Yaghi Siyan of Antioch  ,"Shams al-Dawla, son of Yaghi Siyan of Antioch",Male,Male,FatherOf
Yaghi Siyan of Antioch  ,"Buldagis, son of Yaghi Siyhan",Male,Male,FatherOf
Yaghi Siyan of Antioch  ,"daughter of Yaghi Siyan, ruler of Antioch",Male,,FatherOf
"'Imad al-Din Zanki, atabeg of Mosul",Nur al-Din al-Malik al-'Adil of Aleppo,Male,,FatherOf
"'Imad al-Din Zanki, atabeg of Mosul",brother of Nur al-Din (Saif al-Din Ghazi),Male,,FatherOf
Najm al-Din Ilghazi ibn Artuq,son of Ilghazi (perhaps Sulayman?),Male,,FatherOf
Najm al-Din Ilghazi ibn Artuq,"Sulayman ibn Tawq, secretary of Salih ibn Mirdas",Male,,FatherOf
Najm al-Din Ilghazi ibn Artuq,"Timurtash b. Il-Ghazi, lord of Mardin",Male,,FatherOf
Pecheneg chieftain whose daughter married Traulos,"second wife of Traulos, daughter of Pecheneg leader",,Female,FatherOf
count of Brachenon (count Raymond Berenger II of Barcelona?),"Raymond Berengar, son of count of Barcelona",Male,Male,FatherOf
father of Tatikios,Tatikios,Male,Male,FatherOf
"servant of Ioannes Komnenos, father of Leon Kephalas","Leon Kephalas, vestarches and primikerios of the vestiaritai",Male,Male,FatherOf
father of Turkish envoy Siaous,"Siaous, Turkish envoy to Alexios I",Male,Male,FatherOf
father of Alakaseus,"Alakaseus, military commander",Male,Male,FatherOf
father of rebel pseudo-Diogenes,pseudo-Leon Diogenes,Male,,FatherOf
sultan of Khorasan,"Ishmael, son of sultan of Khorasan",Male,Male,FatherOf
"Migidenos, military commander under Alexios I","son of Migidenos, soldier",,Male,FatherOf
"Malik-Shah, Seljuk sultan","Barkyaruq, Seljuq sultan",Male,,FatherOf
"Nikolaos Maurokatakalon, military commander","Marianos Maurokatakalon, military commander",Male,Male,FatherOf
"Ouzas, Uze mercenary under Alexios I","soldier, son of the Byzantine commander Ouzas",Male,,FatherOf
Andronikos Balantes,son of Andronikos Balantes,Male,Male,FatherOf
Andronikos Balantes,daughter of Andronikos Balantes,Male,Female,FatherOf
seller of an estate to Marandos,son of the seller of an estate to Marandos,Male,Male,FatherOf
son of the seller of an estate to Marandos,grandson of the seller of an estate to Marandos,Male,Male,FatherOf
Romanised barbarian,daughter of first marriage of Romanised barbarian,Male,Eunuch,FatherOf
donor to monastery of Nea Kome,daughter of donor to monastery of Nea Kome,Male,Female,FatherOf
"Skleros, magistros",daughter of magistros Skleros,Male,Female,FatherOf
"Pothos, oikonomos (Athens)","Ioannes protopapas, son of Pothos the oikonomos",,,FatherOf
"Gorgoploutos, magistros",daughter of magistros Gorgoploutos,Male,Female,FatherOf
father who contested his daughter's dowry from his son-in-law,woman whose dowry was contested after her death,Male,Female,FatherOf
Diatimorites,daughter of Diatimorites,Male,Female,FatherOf
dying man,"missing legatee, son of a dying man",Male,Male,FatherOf
Mororeon (?),daughter of Mororeon,Male,Female,FatherOf
Teichiotes,daughter of Teichiotes,Male,Female,FatherOf
Solomon,Himerios Solomon,Male,Male,FatherOf
"Arotras, who sued his son for marrying without permission",son of Arotras,Male,Male,FatherOf
"Kamelaukas, protospatharios",first son of Kamelaukas,Male,Male,FatherOf
"Erotikos, vestes","Theophilos, protospatharios, son of vestes Erotikos",Male,Male,FatherOf
"Karandenos (Parandenos ?), whose daughter-in-law did not declare a gift",son of Karandenos (Parandenos ?),Male,Male,FatherOf
"Bourtzes, testator",son of Bourtzes,Male,Male,FatherOf
father of an epi tou Pantheou,"epi tou Pantheou, who was torured by a tax collector",Male,Male,FatherOf
"Atzokometes, who acted as guarantor for epitropoi",daughter of Dermokaïtes,Male,Female,FatherOf
father promised by his son to serve Basileios Skleros,son who promised his father would serve Basileios Skleros,Male,Male,FatherOf
"hypatos, whose daughter refused to take an oath",daughter of a hypatos,Male,Female,FatherOf
Hexamilites (who made a bequest),son of Hexamilites,Male,Male,FatherOf
"skribas, who sent a report","Pankratios Taronites, patrikios",Male,Male,FatherOf
Brachamios,daughter of Brachamios,Male,Female,FatherOf
"Melias, protospatharios and strategos",daughter of protospatharios and strategos Melias,Male,Female,FatherOf
"Melias, protospatharios and strategos",son of protospatharios and strategos Melias,Male,Male,FatherOf
"Baasakios, patrikios",son of patrikios Baasakios,Male,Male,FatherOf
Basileios Synadenos,daughter of Basileios Synadenos,Male,Female,FatherOf
"Basileios, brother of Georgios","Eirene, daughter of Basileios",Male,Female,FatherOf
David Saronites,son of David Saronites,Male,Male,FatherOf
"David the Iberian, patrikios",son of David the Iberian,Male,Male,FatherOf
"Elias, protospatharios",daughter of protospatharios Elias,Male,Female,FatherOf
"Georgios, brother of Basileios","Maria, daughter of Georgios",Male,Female,FatherOf
Gregorios Solomon,daughter of Gregorios Solomon,Male,Female,FatherOf
"Ioannes Parsakoutenos, protospatharios","Theophano, daughter of Ioannes Parsakoutenos",Male,Female,FatherOf
"Nikolaos, patrikios and eparchos","Michael, protospatharios, son of patrikios Nikolaos",Male,Male,FatherOf
"Romanos Saronites, patrikios","Theophylaktos, son of Romanos Saronites",Male,Male,FatherOf
brother of Armenian archbishop Samuel,"Theodoros, nephew of Armenian archbishop Samuel",Male,Male,FatherOf
"Arsuban, amir of Persia",son of the amir of Persia Arsuban,Male,Male,FatherOf
"Ashot IV the Brave, king of Armenia","Gagik II, king of Armenia",Male,Male,FatherOf
"David/Dawit' Arcruni, son of king of Vaspurakan Senek'erim","wife of Gagik II, daughter of Dawit' Arcruni",Male,Female,FatherOf
"Senachereim/Senekerim Yovhannes Arcruni, king of Vaspurakan","Mariam, wife of Giorgi I of Abchasia/Georgia",Male,Female,FatherOf
"Senachereim/Senekerim Yovhannes Arcruni, king of Vaspurakan","David/Dawit' Arcruni, son of king of Vaspurakan Senek'erim",Male,Male,FatherOf
"Senachereim/Senekerim Yovhannes Arcruni, king of Vaspurakan","Atom Arcruni, son of king of Vaspurakan Senek'erim",Male,Male,FatherOf
"Theodosios Monomachos, father of Konstantinos IX",Emperor Konstantinos IX Monomachos,Male,Male,FatherOf
"Vahram Pahlavuni, supporter of Gagik II of Armenia",son of Vahram Pahlavuni,Male,Male,FatherOf
"Vasak, father of Gregorios/Grigor Pahlawuni","Gregorios/Grigor Pahlawuni, magistros and Armenian prince",Male,Male,FatherOf
"protopapas, father of Hagia Sophia presbyter Ioannes","Ioannes, presbyter of Hagia Sophia (of Thessalonike)",Male,Male,FatherOf
"Konstantinos Phasoulos, landowner at Kassandra (Chalkidike)","Nikolaos, priest and son of landowner Konstantinos Phasoulos",Male,Male,FatherOf
"Konstantinos Phasoulos, landowner at Kassandra (Chalkidike)","Leon, priest and son of landowner Konstantinos Phasoulos",Male,Male,FatherOf
"Konstantinos Serbiotes, komes","Demetrios, son of komes Konstantinos Serbiotes",Male,Male,FatherOf
"Konstantinos Serbiotes, komes","Leon, son of komes Konstantinos Serbiotes",Male,Male,FatherOf
"Theodoros Gymnos, protospatharios","Maria, daughter of protospatharios Theodoros Gymnos",Male,Female,FatherOf
father-in-law of Theodoros Dokeianos,wife of Theodoros Dokeianos,Male,Female,FatherOf
father of krites of Thrace and Macedonia,krites of Thrace and Macedonia,Male,Male,FatherOf
father of poor young relative of Michael Psellos,poor young relative of Michael Psellos,Male,Male,FatherOf
"droungarios, father of Pothos","Pothos, vestarches and cousin of Michael Psellos",Male,Male,FatherOf
father of Romanos Skleros (brother of Skleraina),"Romanos Skleros, brother of Maria Skleraina",Male,Male,FatherOf
"father of minor, neighbour of Medikion",neighbour of Medikion monastery,Male,Male,FatherOf
man who died leaving his family unprotected,son of deceased head of family,Male,Male,FatherOf
"Aristenos, correspondent of Michael Psellos","Aristenos, protoasekretis",Male,Male,FatherOf
father of a student of Michael Psellos,student of Michael Psellos,Male,Male,FatherOf
"Ioannes Kenchres, father of Elpidios (son-in-law of Michael Psellos)","Elpidios Kenchres, affianced son-in-law of Michael Psellos",Male,Male,FatherOf
"Leon Pegonites, father-in-law of kaisar Ioannes Doukas","Eirene Pegonitissa, wife of Ioannes the kaisar",Male,Female,FatherOf
"Michael, brother of kouboukleisios Leon","Maria, daughter of Michael (brother of kouboukleisios Leon)",Male,Female,FatherOf
Michael Choirosphaktes,"Choirosphaktes, son of Michael",Male,Male,FatherOf
"Het'oum, father of Theodoros (doux of Melitine)","Theodoros, son of He'‘toum",,Male,FatherOf
"Theophanes, friend of Michael Psellos","pupil of Michael Psellos, son of Theophanes",Male,Male,FatherOf
"Dagobert, father of Roger","Roger, son of Dagobert, military commander and envoy",Male,Male,FatherOf
Michael Opos,"Basileios Opos, son of Michael",Male,Male,FatherOf
king of Denmark,"Sven, son of king of Denmark",Male,Male,FatherOf
duke of Burgundy,"Phlorina, daughter of the Duke of Burgundy",Male,Female,FatherOf
lord of 'Azaz,"Muhammad, son of the Lord of 'Azaz",Male,Male,FatherOf
"Conrad, count of Luxembourg","Adalbero, son of Conrad, Count of Luxembourg",Male,Male,FatherOf
"Fredelo of Esch, father of Henry and Godfrey",Henry of Esch,Male,Male,FatherOf
"Gerard, father of Robert",Robert FitzGerard,Male,Male,FatherOf
"Godfrey, father of Ruthard","Ruthard, son of Godfrey",Male,Male,FatherOf
"Michael, father of Adam","Adam, son of Michael",Male,Male,FatherOf
"Odo, count of Champagne","Stephen, count of Aumale",Male,Male,FatherOf
"father of Syrian in Jerusalem, who helped him hide a fragment of the Cross","Syrian Christian of Jerusalem, who hid a fragment of the Cross",,Male,FatherOf
"vestarches, brother-in-law of Argyros","vestes, son of Argyros' brother-in-law",,,FatherOf
"Thierry, count of Montbéliard",Louis of Mousson,Female,Male,FatherOf
Waleran of Breteuil,Walter of Breteuil,Male,Male,FatherOf
Roupen I of Cilician Armenia,"Leon/Lewon I, ruler of Cilician Armenia",,,FatherOf
Roupen I of Cilician Armenia,"Toros I, prince of Cilician Armenia",,,FatherOf
Roupen I of Cilician Armenia,Konstandin I of Cilicia,,,FatherOf
"fisherman, father of Bagoas",Bagoas (false name),,,FatherOf
priest in Athens,"son of a priest in Athens, recommended by Georgios Tornikes",,,FatherOf
"Joseph, castellan of Artah","son of Joseph, castellan of Artah, living in Antioch",,,FatherOf
viscount of Acre,son of viscount of Acre,,,FatherOf
"Asan Katouch, Turkish commander killed by Melikshah","Gazes, son of Asan Katouch",,,FatherOf
"father of Petros III, patriarch of Antioch","Petros III, patriarch of Antioch",,Male,FatherOf
"Louis VI the Fat, King of France","Louis VII, king of France",,,FatherOf
"Odo the Good, margrave, father of Tancred","Tancred of Hauteville, nephew of Bohemond of Taranto",,Male,FatherOf
Henri I of France,"Hugh of Vermandois, brother of Philip I of France",,Male,FatherOf
"Ioannes Tzetzes, illiterate grandfather of Ioannes, the man of letters","Michael Tzetzes, father of Ioannes",,,FatherOf
Constantinopolitan father of Tzetzes' grandfather,"Ioannes Tzetzes, illiterate grandfather of Ioannes, the man of letters",,,FatherOf
"Georgios exaktor, son-in-law of Konstantinos (nephew of Keroularios), and grandfather of Tzetzes","Eudokia, mother of Ioannes Tzetzes",,,FatherOf
"Mansur, headman and qadi of Jabala under Byzantines","Abu Muhammad 'Ubayd Allah ibn Mansur, known as Ibn Sulayha",,,FatherOf
"Nizam al-Mulk, intellectual and all-powerful vizier","Mu'ayyad al-Mulk 'Ubayd Allah, son of Nizam al-Mulk",,,FatherOf
"Al-Musta'li bi-Allah, Fatimid caliph","Al-Amir bi-Ahkam Allah, Fatimid caliph",,,FatherOf
Sadaqa ibn Mansur Sayf al-Dawla,"Dubays ibn Sadaka, emir of al-Hilla",,Male,FatherOf
Sadaqa ibn Mansur Sayf al-Dawla,Mansur ibn Sadaqa,,,FatherOf
"Ibrahim Yinal, half-brother of Tughrul Beg","Tughrul Beg, Seljuk Sultan",Male,Male,HalfBrotherOf
"Ibrahim Yinal, half-brother of Tughrul Beg","Aspan Salarios, Turkish commander under Ibrahim Yinal",Male,Male,HalfBrotherOf
"Aspan Salarios, Turkish commander under Ibrahim Yinal","Ibrahim Yinal, half-brother of Tughrul Beg",Male,Male,HalfBrotherOf
"Barkyaruq, Seljuq sultan","Muhammad ibn Malik-Shah, Seljuq sultan",,,HalfBrotherOf
"Nikephoros Diogenes, son of Romanos IV","Zoe Doukaina, daughter of Konstantinos X",Female,Female,HalfBrotherOf
"Tughrul Beg, Seljuk Sultan","Ibrahim Yinal, half-brother of Tughrul Beg",Male,Male,HalfBrotherOf
"Muhammad ibn Malik-Shah, Seljuq sultan","Barkyaruq, Seljuq sultan",,,HalfBrotherOf
"Melikshah, Seljuk sultan of Rum","Mas'ud, sultan of Ikonion",,,HalfBrotherOf
"Ibrahim Yinal, half-brother of Tughrul Beg","Qutlumish, cousin of Tughrul Beg",Male,Male,UncleOf
"Adrianos, nephew of the Dalassenoi",Konstantinos Dalassenos,Male,Male,NephewOf
"Adrianos, nephew of the Dalassenoi","Theophylaktos Dalassenos, anthypatos patrikios vestes and doux of Antioch",Male,Male,NephewOf
"Adrianos, nephew of the Dalassenoi","Romanos Dalassenos, katepano of Iberia",Male,Male,NephewOf
Emperor Alexios I Komnenos,Emperor Isaakios I Komnenos,Male,Male,NephewOf
"Andronikos Doukas, brother of Michael VII","Ioannes Doukas, kaisar",Male,Male,NephewOf
nephew of Nasr ibn Musharraf,"Nasr ibn Musharraf, Arab opponent of Antioch",Male,Male,NephewOf
nephew of Liparit IV,"Liparit IV, duke of Trialeti",Male,Male,NephewOf
"Tornikios, relative of Theophylaktos of Ohrid","Theophylaktos, archbishop of Ohrid",Male,Male,NephewOf
"Asan the Deaf, nephew of Tughrul Beg","Tughrul Beg, Seljuk Sultan",Male,Male,NephewOf
"Bardas, brother (?) of patriarch Ioannes VIII Xiphilinos","Ioannes VIII Xiphilinos, patriarch of Constantinople",Male,Male,NephewOf
Georgios Palaiologos,uncle of Georgios (correspondent of Michael Psellos),Male,Male,NephewOf
"Gregorios Taronites, rebel under Alexios I","Michael Taronites, panhypersebastos",Male,Male,NephewOf
"Gregorios Pakourianos (the younger), correspondent of Theophylaktos of Ohrid","Nikephoros Komnenos, brother of Alexios I",Male,Male,NephewOf
"Gregorios Pakourianos (the younger), correspondent of Theophylaktos of Ohrid","Adrianos Komnenos, brother of Alexios I",Male,Male,NephewOf
"Barkyaruq, Seljuq sultan","Mawdud ibn Isma'il, ruler of part of Azerbayjan",,,NephewOf
"Ioannes Taronites (Taronitopoulos), doux of Skopje",Emperor Alexios I Komnenos,Male,Male,NephewOf
"Ioannes Komnenos, son of the sebastokrator Isaakios",Emperor Alexios I Komnenos,Male,Male,NephewOf
"Isaakios Komnenos, elder brother of Alexios I",Emperor Isaakios I Komnenos,Male,Male,NephewOf
Emperor Konstantinos IX Monomachos,"uncle of Konstantinos IX, father of Theodosios Monomachos",Male,Male,NephewOf
"Konstantinos, nephew of Michael IV",Emperor Michael IV Paphlagon,Male,Male,NephewOf
"Konstantinos, nephew of patriarch Michael I Keroularios","Michael I Keroularios, patriarch of Constantinople",Male,Male,NephewOf
"Konstantinos, protospatharios and synkellos",bishop of Ezoba,Male,Male,NephewOf
"Konstantios Doukas, brother of Michael VII","Ioannes Doukas, kaisar",Male,Male,NephewOf
"Qutlumish, cousin of Tughrul Beg","Tughrul Beg, Seljuk Sultan",Male,Male,NephewOf
"Manuel Komnenos, eldest brother of Alexios I",Emperor Isaakios I Komnenos,Male,Male,NephewOf
Emperor Michael V Kalaphates,Emperor Michael IV Paphlagon,Male,Male,NephewOf
Emperor Michael V Kalaphates,"Konstantinos, brother of Michael IV",Male,Eunuch,NephewOf
Emperor Michael V Kalaphates,"Ioannes the Orphanotrophos, brother of Michael IV",Male,Eunuch,NephewOf
Emperor Michael VII Doukas,"Ioannes Doukas, kaisar",Male,Male,NephewOf
"Michael Ouranos, doux of Antioch",Emperor Michael VI Stratiotikos,Male,Male,NephewOf
"Anastasios Lizix, patrikios, krites and vestarches",Nikolaos Skleros,Male,Male,NephewOf
"Nikephoros, nephew of patriarch Michael I Keroularios","Michael I Keroularios, patriarch of Constantinople",Male,Male,NephewOf
Robert Guiscard,"Arduin, Lombard commander of Normans",Male,Male,NephewOf
Theodoros Dokeianos,Emperor Isaakios I Komnenos,Male,Male,NephewOf
"Tughrul Beg, Seljuk Sultan","Arslan-Israil b. Seljuk, father of Kutulmush",Male,Male,NephewOf
"Pothos, vestarches and cousin of Michael Psellos",uncle of Pothos (son of the droungarios),Male,Male,NephewOf
"Ioannes Mauropous, metropolitan of Euchaita","metropolitan of Klaudioupolis, uncle of Ioannes Mauropous",Male,Male,NephewOf
"Ioannes Mauropous, metropolitan of Euchaita",missionary to Bulgaria (Leon?),Male,Male,NephewOf
"Damianos Dalassenos, impostor on Mount Galesion",Konstantinos Dalassenos,Male,Male,NephewOf
"Ignatios, monk on Mount Galesion","Matthaios, monk on Mount Galesion",Male,Male,NephewOf
"Ioannes Mitas, official in Thrakesion","Eustathios Mitas, benefactor of Lazaros of Galesion",Male,Male,NephewOf
"Ioannes, monk on Galesion and nephew of Ioannes Ardagastenos","Ioannes Ardagastenos, monk on Mount Galesion",Male,Male,NephewOf
Lazaros of Mount Galesion,"Elias, uncle of Lazaros of Galesion",Male,,NephewOf
Lazaros of Mount Galesion,hegoumenos of monastery at Oroboi,Male,Male,NephewOf
"Nikon, stylite on Mount Galesion",uncle of stylite Nikon on Mount Galesion,Male,Male,NephewOf
Sulayman ibn Qutlumish,"Gumushtakin ibn al-Danishmand, second ruler of Danishmend dynasty",Male,,NephewOf
"Ioannes IX Agapetos, patriarch of Constantinople",bishop of Chalcedon in 1111,Male,,NephewOf
nephew of Isaakios I (Manuel Komnenos? Theodoros Dokeianos?),Emperor Isaakios I Komnenos,Male,Male,NephewOf
Rafi' ibn Abi al-Layl ibn 'Ulyan,"Sinan ibn 'Ulyan, amir of Kalb Arabs",Male,Male,NephewOf
"monk, nephew of Kyrillos Phileotes","Kyrillos Phileotes, holy man at Derkos (Thrace)",Male,Male,NephewOf
"Ioannes, sebastos and nephew of Alexios I Komnenos",Emperor Alexios I Komnenos,Male,Male,NephewOf
"Theophanes, monk and assistant steward of Stoudios",Christodoulos of Patmos,Male,Male,NephewOf
"Theodosios, chartoularios and patriarchal notarios, nephew of kastresios Basileios","Basileios, kastresios, uncle of chartoularios Theodosios",Male,Male,NephewOf
"Ioannes, nephew of Christodoulos of Patmos",Christodoulos of Patmos,Male,Male,NephewOf
"Epiphanios, scribe of Christodoulos of Patmos' codicil","uncle of Epiphanios, scribe of codicil of Christodoulos of Patmos",Male,Male,NephewOf
"Epiphanios, nephew of Christodoulos of Patmos",Christodoulos of Patmos,Male,Male,NephewOf
"Konstantinos, anagrapheus of Boleron, Strymon and Thessalonike",megas primikerios,Male,Male,NephewOf
"Gerasimos, monk and nephew of Nikolaos Larditzes","Nikolaos Larditzes, hegoumenos of Hagios Nikolaos of Roudaba (Chalkidike)",Male,Male,NephewOf
"Athanasios, hegoumenos of Bouleuteria on Athos","Eustratios, hegoumenos of Lavra on Athos",Male,Male,NephewOf
krites of Armeniakon,metropolitan of Amaseia,Male,Male,NephewOf
"Theodoros, oikonomos, nephew of bishop Auxentios","Auxentios, bishop, uncle of Theodoros oikonomos",Male,Male,NephewOf
Gregorios ho tou Nikaias (nephew of the metropolitan of Nicaea),metropolitan of Nicaea,Male,Male,NephewOf
"Ioannes, vestarches and nephew of the phylax",phylax,Male,Male,NephewOf
"Ioannes, (nephew ?) of Maleses","Maleses, imperial notarios",Male,Male,NephewOf
Ioannes ho tou Madyton (nephew of the bishop or metropolitan of Madyta),bishop of Madyta,Male,Male,NephewOf
Ioannes ho tou Methymnes,metropolitan of Methymna,Male,Male,NephewOf
Ioannes ho tou Methymnes,metropolitan of Methymna,Male,Male,NephewOf
"Leon, nephew of the praipositos",praipositos,Male,Male,NephewOf
"Leontios, kathegoumenos of the Nea church and nephew of the parakoimomenos",parakoimomenos,Male,Male,NephewOf
"Ioannikios, hegoumenos of Xylourgou on Athos","Theodoulos, hegoumenos of Xylourgou on Athos",Male,Male,NephewOf
"Nikolaos, chartoularios, nephew of Proteuon (the proteuon ?)",Proteuon (proteuon ?),Male,Male,NephewOf
"Nikolaos ho tou Nikomedeias (man, or nephew of the metropolitan of Nikomedeia)",metropolitan of Nikomedeia,Male,Male,NephewOf
Balak ibn Bahram ibn Artuq,Najm al-Din Ilghazi ibn Artuq,Male,Male,NephewOf
"Baldwin of Bourcq, Baldwin II, king of Jerusalem","(Elizabeth), mother of Joscelin I, aunt of Baldwin II",Male,Female,NephewOf
Duqaq ibn Tutush of Damascus,Abu-l-fath (compilation of Alp Arslan and Malik Shah),Male,Male,NephewOf
"Godfrey of Bouillon, duke of Lower Lorraine, first Latin ruler of Jerusalem","Godfrey Struma (the Hunchback), duke of Lorraine",Male,Male,NephewOf
Richard of the Principate,Robert Guiscard,Male,Male,NephewOf
Richard of the Principate,Bohemond of Taranto,Male,Male,NephewOf
"Stephen, count of Aumale","Robert [Curthose], count [duke] of Normandy",Male,Male,NephewOf
"Tancred of Hauteville, nephew of Bohemond of Taranto",Bohemond of Taranto,Male,Male,NephewOf
"William Jordan, count of Cerdagne","Raymond of Saint-Gilles, count of Toulouse",Male,Male,NephewOf
nephew of Bohemond of Taranto,Bohemond of Taranto,Male,Male,NephewOf
"Galabatzes, nephew of Chaka","Tzachas/Chaka, Turkish amir",Male,Male,NephewOf
Qilij Arslan ibn Sulayman ibn Qutlumish,Abu-l-fath (compilation of Alp Arslan and Malik Shah),Male,Male,NephewOf
"Ouresis, Dalmatian hostage of Alexios I Komnenos","Bolkan, Dalmatian leader",Male,Male,NephewOf
"Stephanos Bolkan, Dalmatian hostage of Alexios Komnenos","Bolkan, Dalmatian leader",Male,Male,NephewOf
nephew of Gorgoploutos,Gorgoploutos,Male,Male,NephewOf
nephew of koiaistor Anthimos,"Anthimos, primikerios",Male,Eunuch,NephewOf
nephew of Ophrydas,"Ophrydas, jurist",Male,Male,NephewOf
nephew of a droungarios,droungarios,Male,Male,NephewOf
nephew of man who bought a ruin from Promytes monastery,man who bought a ruin from Promytes monastery,Male,Male,NephewOf
"Ioannes, epitropos in the will of stratiotikos Paulos","Paulos, stratiotikos",Male,Male,NephewOf
"Georgios, nephew of bishop Georgios of Hierissos","Georgios, bishop of Hierissos",Male,Male,NephewOf
"Xach'ik I Anec'i, Armenian katholikos","Petros/Peter Getadarj, katholikos of Armenia",Male,Male,NephewOf
"Theodoros, monk at Galeagra on Athos","Eustratios, hegoumenos of Galeagra on Athos",Male,Male,NephewOf
"magistros and megas doux, nephew (Kontostephanos?) of Isaakios I",Emperor Isaakios I Komnenos,Male,Male,NephewOf
nephew of Ioannes Mauropous,"Ioannes Mauropous, metropolitan of Euchaita",Male,Male,NephewOf
nephew of Ioannes Xiphilinos,"Ioannes VIII Xiphilinos, patriarch of Constantinople",Male,Male,NephewOf
"Niketas, maistor of the school of Hagios Petros",bishop of Skamandros (?),Male,Male,NephewOf
"Nikolaos, founder of monastery of Horaia Pege","uncle of Nikolaos, founder of Horaia Pege",Male,,NephewOf
nephew of Bakchenos,"Bakchenos, prominent person in Trebizond",,,NephewOf
"Simon, nephew of Baldwin I","Baldwin of Boulogne, Baldwin I, king of Jerusalem",,Male,NephewOf
"Katarodon, nephew of Eustathios Kamytzes","Eustathios Kamytzes, military leader under Alexios I",,,NephewOf
"Gumushtakin ibn al-Danishmand, second ruler of Danishmend dynasty",Sulayman ibn Qutlumish,,Male,NephewOf
"Yaquti, besieged by Fatimids in Jerusalem",Najm al-Din Ilghazi ibn Artuq,,Male,NephewOf
"Yaquti, besieged by Fatimids in Jerusalem","Suqman ibn Artuq, ex-ruler of Jerusalem",,Male,NephewOf
"nephew of Suqman ibn Artuq, killed by Chokurmish","Suqman ibn Artuq, ex-ruler of Jerusalem",,Male,NephewOf
"daughter of Konstantinos, nephew of Keroularios, and grandmother of Tzetzes","Ioannes Tzetzes, man of letters",,,GrandMotherOf
"daughter of Konstantinos, nephew of Keroularios, and grandmother of Tzetzes","Konstantinos, nephew of patriarch Michael I Keroularios",,Male,DaughterOf
"Aikaterine of Bulgaria, wife of Isaakios I Komnenos","John Vladislav, ruler of Bulgaria",Female,Male,DaughterOf
Anna Dalassene,"Alexios Charon, father of Anna Dalassene",Female,Male,DaughterOf
Anna Dalassene,"mother of Anna Dalassene, wife of Alexios Charon",Female,Female,DaughterOf
"Anna Komnene, daughter of Alexios I and historian",Emperor Alexios I Komnenos,Female,Male,DaughterOf
"Anna Komnene, daughter of Alexios I and historian","Eirene Doukaina, wife of Alexios I",Female,Female,DaughterOf
"Anna, daughter of Konstantinos X",Emperor Konstantinos X Doukas,Female,Male,DaughterOf
"Anna, daughter of Konstantinos X",Empress Eudokia Makrembolitissa,Female,Female,DaughterOf
child (daughter?) of Alp Arslan,"Alp Arslan, Seljuk Sultan",Female,Male,DaughterOf
"daughter of Michaelas, wife of Longibardopoulos","Michael/Mihailo (Michaelas), son of Voislav Stefan",Female,Male,DaughterOf
"Synadene, wife of kral of Hungary","Theodoulos Synadenos, vestarches",Female,Male,DaughterOf
"niece of Romanos III, wife of Konstantinos Diogenes and mother of Romanos IV","Basileios Argyros, brother of Romanos III",Female,Male,DaughterOf
"daughter of Konstantinos Dalassenos, first wife of Konstantinos X Doukas",Konstantinos Dalassenos,Female,Male,DaughterOf
"daughter of the Hungarian kral, first wife of Radomir of Bulgaria",kral of Hungary,Female,Male,DaughterOf
daughters of Nikoulitzas Delphinas,"Nikoulitzas Delphinas, official at Larissa",Female,Male,DaughterOf
"Eirene Doukaina, wife of Alexios I","Maria of Bulgaria, wife of Andronikos Doukas",Female,Female,DaughterOf
"Eirene Doukaina, wife of Alexios I","Andronikos Doukas, son of the kaisar Ioannes",Female,Male,DaughterOf
Empress Eudokia Makrembolitissa,father of Eudokia Makrembolitissa,Female,Male,DaughterOf
"Eudokia, daughter of Konstantinos VIII","Helena, wife of Konstantinos VIII",Female,Female,DaughterOf
"Eudokia, daughter of Konstantinos VIII",Emperor Konstantinos VIII,Female,Male,DaughterOf
"Gaita/Sykelgaite, second wife of Robert Guiscard","prince of Salerno, father-in-law of Robert Guiscard",Female,Male,DaughterOf
"Helena-Olympias, daughter of Robert Guiscard",Robert Guiscard,Female,Male,DaughterOf
"Helena, wife of Konstantinos VIII","Alypios, father-in-law of Konstantinos VIII",Female,Male,DaughterOf
"Helena, niece of Romanos III, wife of Bagrat IV of Georgia","Basileios Argyros, brother of Romanos III",Female,Male,DaughterOf
"Helena, donor to Iveron","Maria, sister of Basileios and Merotas Psellos",Female,Female,DaughterOf
"Kale, wife of Symbatios Pakourianos","Basilakios, father of Kale (wife of Symbatios Pakourianos)",Female,Male,DaughterOf
"Kale, wife of Symbatios Pakourianos","Zoe Diabatene, kouropalatissa, wife of Basilakios",Female,Female,DaughterOf
"Maria of Alania, empress","Bagrat IV, king of Georgia",Female,Male,DaughterOf
"Maria of Bulgaria, wife of Andronikos Doukas","mother of Maria of Bulgaria, wife of Trojan/Traianos of Bulgaria",Female,Female,DaughterOf
"Maria of Bulgaria, wife of Andronikos Doukas","Traianos/Trojan, son of John Vladislav of Bulgaria",Female,,DaughterOf
"Maria Skleraina, mistress of Konstantinos IX","Skleros, father of Maria Skleraina",Female,Male,DaughterOf
"Maria Skleraina, mistress of Konstantinos IX",mother of Maria Skleraina,Female,Female,DaughterOf
"Maria Komnene, daughter of Isaakios I Komnenos","Aikaterine of Bulgaria, wife of Isaakios I Komnenos",Female,Female,DaughterOf
"Maria Komnene, daughter of Isaakios I Komnenos",Emperor Isaakios I Komnenos,Female,Male,DaughterOf
"Mariam, wife of Giorgi I of Abchasia/Georgia","Senachereim/Senekerim Yovhannes Arcruni, king of Vaspurakan",Female,Male,DaughterOf
"Maria Komnene, sister of Alexios I, wife of Michael Taronites",Anna Dalassene,Female,Female,DaughterOf
"Maria, daughter of Stephanos Sthlabotas",Stephanos Sthlabotas,Female,Male,DaughterOf
"Maria, sister of Basileios and Merotas Psellos","Georgios/Gregorios Psellos, father of Iveron donor Basileios",Female,Male,DaughterOf
"Maria, sister of Basileios and Merotas Psellos","Kale, wife of Georgios/Gregorios Psellos",Female,Female,DaughterOf
Empress Theodora,Emperor Konstantinos VIII,Female,Male,DaughterOf
Empress Theodora,"Helena, wife of Konstantinos VIII",Female,Female,DaughterOf
"Theodora, daughter of Konstantinos X",Emperor Konstantinos X Doukas,Female,Male,DaughterOf
"Theodora, daughter of Konstantinos X",Empress Eudokia Makrembolitissa,Female,Female,DaughterOf
Empress Zoe,Emperor Konstantinos VIII,Female,Male,DaughterOf
Empress Zoe,"Helena, wife of Konstantinos VIII",Female,Female,DaughterOf
"Zoe Doukaina, daughter of Konstantinos X",Emperor Konstantinos X Doukas,Female,Male,DaughterOf
"Zoe Doukaina, daughter of Konstantinos X",Empress Eudokia Makrembolitissa,Female,Female,DaughterOf
"Eudokia Komnene, sister of Alexios I, wife of Nikephoros Melissenos",Anna Dalassene,Female,Female,DaughterOf
daughter of Theodoros Karmalikios,"Theodoros Karmalikios, chartoularios (in Thessalonike?)",Female,Male,DaughterOf
"Helena, mentioned in synodal decision","Nikolaos, mentioned in synodal decision",Female,Male,DaughterOf
"Mitze, daughter of Petros Bombylas","Petros Bombylas, mentioned in synodal decision",Female,Male,DaughterOf
"Sophia, first wife of Michael Attaleiates",mother-in-law of Michael Attaleiates,Female,Female,DaughterOf
"Theodora - Xene Komnene, sister of Alexios I Komnenos",Anna Dalassene,Female,Female,DaughterOf
"Theodote, young girl whose marriage was annulled","Maria, involved in lawsuit about validity of marriage",Female,Female,DaughterOf
"Theodote, mentioned in synodal decision","Georgios, mentioned in synodal decision",Female,Male,DaughterOf
"Theodote, mentioned in synodal decision","Demetrios, mentioned in synodal decision",Female,Male,DaughterOf
"Eudokia, daughter of Alexios I Komnenos",Emperor Alexios I Komnenos,Female,Male,DaughterOf
"Eudokia, daughter of Alexios I Komnenos","Eirene Doukaina, wife of Alexios I",Female,Female,DaughterOf
"Maria, daughter of Alexios I Komnenos",Emperor Alexios I Komnenos,Female,Male,DaughterOf
"Maria, daughter of Alexios I Komnenos","Eirene Doukaina, wife of Alexios I",Female,Female,DaughterOf
"Theodora, daughter of Alexios I Komnenos",Emperor Alexios I Komnenos,Female,Male,DaughterOf
"Theodora, daughter of Alexios I Komnenos","Eirene Doukaina, wife of Alexios I",Female,Female,DaughterOf
"Zoe, daughter of Alexios I Komnenos",Emperor Alexios I Komnenos,Female,Male,DaughterOf
"Zoe, daughter of Alexios I Komnenos","Eirene Doukaina, wife of Alexios I",Female,Female,DaughterOf
daughter who slept with her father,monk from Anatolikon who slept with his daughter,Female,Male,DaughterOf
daughter who slept with her father,wife of monk who slept with his daughter,Female,Female,DaughterOf
daughter of monk Symeon of Mount Galesion,"Symeon, monk on Mount Galesion",Female,Male,DaughterOf
"first wife of Alexios I Komnenos, daughter of an Argyros","Argyros, father of first wife of Alexios I Komnenos",Female,Male,DaughterOf
sisters of Michael VII Doukas,Empress Eudokia Makrembolitissa,Female,Female,DaughterOf
"Eirene of Alania, wife of Isaakios Komnenos (brother of Alexios I)",king (?) of Alania,Female,Male,DaughterOf
"second wife of Konstantinos IX, aunt of Maria Skleraina","Basileios Skleros, son of Romanos Skleros",Female,Male,DaughterOf
"second wife of Konstantinos IX, aunt of Maria Skleraina","Poulcheria (Argyropoulina), sister of Romanos III",Female,Female,DaughterOf
sisters of Gregorios and Apasios Pakourianos,mother of Gregorios Pakourianos,Female,Female,DaughterOf
four daughters of Nasr ibn Musharraf al-Rawadifi,"Nasr ibn Musharraf, Arab opponent of Antioch",Female,Male,DaughterOf
"Eirene, daughter of epoikos Ioannes Bagianos of Patmos","Ioannes Bagianos, epoikos on Patmos",Female,Male,DaughterOf
"Anna, daughter of paroikos Stratego at Gamma (Meander region)","Stratego, paroikos at Gamma (Meander region)",Female,Female,DaughterOf
"Anna, daughter of paroikos Petros Kalabros at Melanoudion (Meander valley)","Petros Kalabros, paroikos at Melanoudion (Meander valley)",Female,Male,DaughterOf
"Anna, daughter of epoikos Kyriakos of Patmos","Kyriakos, epoikos on Patmos",Female,Male,DaughterOf
"Anna, daughter of paroikos Theodoulos at Baris (Meander valley)","Theodoulos, paroikos at Baris (Meander valley)",Female,Male,DaughterOf
"Anna, daughter of paroikos Ioannes Marmaras at Baris (Meander valley)","Ioannes Marmaras, paroikos at Baris (Meander valley)",Female,Male,DaughterOf
daughter of bed-ridden woman visited by Kyrillos Phileotes,old bed-ridden woman visited by Kyrillos Phileotes,Female,Female,DaughterOf
dying daughter of bed-ridden woman visited by Kyrillos Phileotes,old bed-ridden woman visited by Kyrillos Phileotes,Female,Female,DaughterOf
daughter of Kyrillos Phileotes,"Kyrillos Phileotes, holy man at Derkos (Thrace)",Female,Male,DaughterOf
daughter of Kyrillos Phileotes,wife of Kyrillos Phileotes,Female,Female,DaughterOf
"Kale, daughter of epoikos Ioannes Koundoumas of Patmos","Ioannes Koundoumas, epoikos on Patmos",Female,Male,DaughterOf
"Kale, daughter of epoikos Ioannes Psomozoules oof Patmos","Ioannes Psomozoules, epoikos on Patmos",Female,Male,DaughterOf
"Margarito, daughter of epoikos Ioannes Koundoumas of Patmos","Ioannes Koundoumas, epoikos on Patmos",Female,Male,DaughterOf
"Maria, daughter of paroikos Anna at Baris (Meander valley)","Anna, paroikos at Baris (Meander valley)",Female,Female,DaughterOf
"Maria, daughter of paroikos Theophano Spanagoudena at Baris (Meander valley)","Theophano Spanagoudena, paroikos at Baris (Meander valley)",Female,Female,DaughterOf
"Maria, daughter of paroikos Georgios at Olynthos (Meander valley)","Georgios, paroikos at Olynthos (Meander valley)",Female,Male,DaughterOf
"Maria, daughter of paroikos Nikephoros at Mantrakle (Meander valley)","Nikephoros, paroikos at Mantrakle (Meander valley)",Female,Male,DaughterOf
"Plyto, daughter of epoikos Konstantinos Papadopolos of Patmos","Konstantinos Papadopolos, epoikos on Patmos",Female,Male,DaughterOf
"Sophia, paroikos at Galaides (Meander valley)","Nikephoros, father (husband?) of paroikos Sophia at Galaides (Meander valley)",Female,Male,DaughterOf
"Xenia, daughter of epoikos Konstantinos Papadopolos of Patmos","Konstantinos Papadopolos, epoikos on Patmos",Female,Male,DaughterOf
"Maria, landowner at Thessalonike","Demetrios, priest and father of landowner Ioannes at Thessalonike",Female,Male,DaughterOf
"Maria, landowner at Thessalonike",mother of landowners Ioannes and Maria at Thessalonike,Female,Female,DaughterOf
elder sister of Michael Psellos,"Theodote, mother of Michael Psellos",Female,Female,DaughterOf
younger sister of Michael Psellos,"Theodote, mother of Michael Psellos",Female,Female,DaughterOf
child (daughter?) of elder sister of Michael Psellos,elder sister of Michael Psellos,Female,Female,DaughterOf
daughters of Robert Guiscard,Robert Guiscard,Female,Male,DaughterOf
Alan mistress of Konstantinos IX Monomachos,"Alan leader, father of mistress of Konstantinos IX",Female,Male,DaughterOf
"daughter (Anna?) of Manuel Komnenos, brother of Alexios I","Manuel Komnenos, eldest brother of Alexios I",Female,Male,DaughterOf
wife of Qilij Arslan I,"Tzachas/Chaka, Turkish amir",Female,Male,DaughterOf
Armenian second wife [Arda?] of Baldwin I of Jerusalem,"Taphnuz, father-in-law of Baldwin I of Jerusalem",Female,Male,DaughterOf
two daughters from first marriage of wife of epi ton deeseon Nikolaos,first husband of wife of epi ton deeseon Nikolaos,Female,Male,DaughterOf
two daughters from first marriage of wife of epi ton deeseon Nikolaos,wife of epi ton deeseon Nikolaos,Female,Female,DaughterOf
"Maria, daughter of Kakikes Aniotes (Gagik II of Ani?)",Gagik (Kakikes) Aniotes (Gagik II of Ani?),Female,Male,DaughterOf
Maria daughter of Kakikios (Gagik) of Kars,Gagik (Kakikios) of Kars,Female,Male,DaughterOf
wife of Theodoros Dokeianos,father-in-law of Theodoros Dokeianos,Female,Male,DaughterOf
wife of Theodoros Dokeianos,mother-in-law of Theodoros Dokeianos,Female,Female,DaughterOf
daughter of Stephanos Iberitzes,"Stephanos Iberitzes, protospatharios",Female,,DaughterOf
"Sophia, daughter of Michael magistros","Michael, magistros, father of Sophia",Male,Male,DaughterOf
"Cecilia of France, wife of Tancred of Hauteville, then of Pons of Tripoli","Bertrade de Montfort, mother of king Fulk of Jerusalem",Female,Female,DaughterOf
"Cecilia of France, wife of Tancred of Hauteville, then of Pons of Tripoli","Philip I, king of France",Female,Male,DaughterOf
"Constance, daughter of Philip I of France, wife of Bohemond of Taranto","Philip I, king of France",Female,Male,DaughterOf
"Constance, daughter of Philip I of France, wife of Bohemond of Taranto","(Bertha, countess of Holland), first wife of Philip I of France",Female,,DaughterOf
"Joscelin I of Courtenay, count of Edessa","Stephania, daughter of Joscelin I of Edessa, abbess in Jerusalem",Male,,DaughterOf
"Morphia, countess of Edessa, queen of Jerusalem","Gabriel (Khoril), amir, doux of Melitene",Female,Male,DaughterOf
"daughter of Robert Guiscard, married to Raymond of Barcelona",Robert Guiscard,Female,Male,DaughterOf
"daughter of Robert Guiscard, wife of count Euboulos (Ebalus of Roucy?)",Robert Guiscard,Female,Male,DaughterOf
"second wife of Traulos, daughter of Pecheneg leader",Pecheneg chieftain whose daughter married Traulos,Female,,DaughterOf
daughter (Maria?) of Isaakios Komnenos (brother of Alexios I),"Isaakios Komnenos, elder brother of Alexios I",Female,Male,DaughterOf
"Agathe, daughter of Pankratios Taronites and Helene","Helena, daughter of magistros and raiktor Michael",Female,,DaughterOf
"Anna, step-sister of Kale","Eudokia, daughter of Anna",Female,Female,DaughterOf
"Anna, daughter of Konstantinos Radenos and Sophia","Sophia, daughter of magistros and raiktor Michael",Female,Female,DaughterOf
daughter of Basileios Synadenos,Basileios Synadenos,Female,Male,DaughterOf
daughter of first marriage of Romanised barbarian,Romanised barbarian,Eunuch,Male,DaughterOf
daughter of donor to monastery of Nea Kome,donor to monastery of Nea Kome,Female,Male,DaughterOf
daughter of magistros Gorgoploutos,"Gorgoploutos, magistros",Female,Male,DaughterOf
woman whose dowry was contested after her death,father who contested his daughter's dowry from his son-in-law,Female,Male,DaughterOf
daughter of protospatharios Elias,"Elias, protospatharios",Female,Male,DaughterOf
daughter of Diatimorites,Diatimorites,Female,Male,DaughterOf
daughter of Mororeon,Mororeon (?),Female,Male,DaughterOf
granddaughter of Mororeon,daughter of Mororeon,Female,Female,DaughterOf
daughter of Teichiotes,Teichiotes,Female,Male,DaughterOf
daughter of Gregorios Solomon,Gregorios Solomon,Female,Male,DaughterOf
daughter of freed slave and wife of Kamelaukas,"slave, mistress then wife of Kamelaukas",Female,Female,DaughterOf
daughter of magistros Skleros,"Skleros, magistros",Female,Male,DaughterOf
daughter of Dermokaïtes,"Dermokaites, involved in a trial over financial guarantees",Female,Male,DaughterOf
daughter of a hypatos,"hypatos, whose daughter refused to take an oath",Female,Male,DaughterOf
daughter of Brachamios,Brachamios,Female,Male,DaughterOf
daughter of protospatharios and strategos Melias,"Melias, protospatharios and strategos",Female,Male,DaughterOf
daughter of Andronikos Balantes,Andronikos Balantes,Female,Male,DaughterOf
"Eirene, daughter of Basileios","Basileios, brother of Georgios",Female,Male,DaughterOf
"Eirene, daughter of Gregorios Taronites","Gregorios, magistros, brother of Pankratios Taronites",Female,,DaughterOf
"Eudokia, daughter of Anna","Anna, step-sister of Kale",Female,Female,DaughterOf
"Maria, daughter of Mitze","Mitze, sister of Anna",Female,Female,DaughterOf
"Maria, daughter of Georgios","Georgios, brother of Basileios",Female,Male,DaughterOf
"Maria, daughter of Eirene","Eirene, daughter of Basileios",Female,Female,DaughterOf
"Sophia, daughter of magistros and raiktor Michael","Michael, magistros and raiktor",Female,,DaughterOf
"Theophano, daughter of Romanos Argyros (probably the future Romanos III)",Emperor Romanos III Argyros,Female,Male,DaughterOf
"Theophano, daughter of Ioannes Parsakoutenos","Ioannes Parsakoutenos, protospatharios",Female,Male,DaughterOf
"Theophano, daughter of Agathe","Agathe, daughter of Pankratios Taronites and Helene",Female,Female,DaughterOf
"wife of Gagik II, daughter of Dawit' Arcruni","David/Dawit' Arcruni, son of king of Vaspurakan Senek'erim",Female,Male,DaughterOf
"Maria, daughter of protospatharios Theodoros Gymnos","Theodoros Gymnos, protospatharios",Female,Male,DaughterOf
"Maria, daughter of Michael (brother of kouboukleisios Leon)","Michael, brother of kouboukleisios Leon",Female,Male,DaughterOf
"Styliane, daughter of Michael Psellos",Michael Psellos (named Konstantinos till tonsure in 1054),Female,Male,DaughterOf
"Styliane, daughter of Michael Psellos",wife of Michael Psellos,Female,Female,DaughterOf
"Theodote, mother of Michael Psellos",maternal grandmother of Michael Psellos,Female,Female,DaughterOf
"Phlorina, daughter of the Duke of Burgundy",duke of Burgundy,Female,Male,DaughterOf
"Eudokia, mother of Ioannes Tzetzes","Georgios exaktor, son-in-law of Konstantinos (nephew of Keroularios), and grandfather of Tzetzes",,,DaughterOf
"Matilda, duchess of Tuscany","Beatrice, countess of Tuscany",,,DaughterOf
"daughter of Yaghi Siyan, ruler of Antioch",Yaghi Siyan of Antioch  ,,Male,DaughterOf
"daughter of Konstantinos, nephew of Keroularios, and grandmother of Tzetzes","second wife of Konstantinos, nephew of Michael Keroularios",,Female,MotherOf
"Aikaterine of Bulgaria, wife of Isaakios I Komnenos","Maria Komnene, daughter of Isaakios I Komnenos",Female,Female,MotherOf
"Alde, wife of Giorgi I of Abchasia/Georgia","Demetrios, son of Giorgi I of Abchasia/Georgia",Female,Male,MotherOf
Anna Dalassene,Emperor Alexios I Komnenos,Female,Male,MotherOf
Anna Dalassene,"Isaakios Komnenos, elder brother of Alexios I",Female,Male,MotherOf
Anna Dalassene,"Eudokia Komnene, sister of Alexios I, wife of Nikephoros Melissenos",Female,Female,MotherOf
Anna Dalassene,"Manuel Komnenos, eldest brother of Alexios I",Female,Male,MotherOf
Anna Dalassene,"Maria Komnene, sister of Alexios I, wife of Michael Taronites",Female,Female,MotherOf
Anna Dalassene,"Nikephoros Komnenos, brother of Alexios I",Female,Male,MotherOf
Anna Dalassene,"Theodora - Xene Komnene, sister of Alexios I Komnenos",Female,Female,MotherOf
Anna Dalassene,"Adrianos Komnenos, brother of Alexios I",Female,Male,MotherOf
"Anna Komnene, daughter of Alexios I and historian","Alexios Komnenos Bryennios, son of Anna Komnene",Female,,MotherOf
"Anna Komnene, daughter of Alexios I and historian","Eirene Doukaina, daughter of Anna Komnene",Female,,MotherOf
"Anna Komnene, daughter of Alexios I and historian","Andronikos, son of Anna Komnene (the historian)",Female,,MotherOf
"Anna Komnene, daughter of Alexios I and historian","Konstantinos, son of Anna Komnene (the historian)",Female,,MotherOf
"Anna Komnene, daughter of Alexios I and historian","Maria, daughter of Anna Komnene (the historian)",Female,,MotherOf
"Anna, wife of Eustathios Boilas","Romanos, son of Eustathios Boilas",Female,Male,MotherOf
"wife of al-Hakim, mother of Fatimid caliph Zahir","Ali az-Zahir, Fatimid caliph",Female,Male,MotherOf
"wife of Amer, amir of Egypt","son of Amer, amir of Egypt",Female,Male,MotherOf
"daughter of the Hungarian kral, first wife of Radomir of Bulgaria","Petros (Peter) Deljan, Bulgarian rebel",Female,Male,MotherOf
mother of Kekaumenos,"Kekaumenos, author of the Strategikon",Female,Male,MotherOf
mother of Eustathios Boilas,Eustathios Boilas,Female,Male,MotherOf
"widow, mother of the paroikos of Eunouchou Demetrios","Demetrios, paroikos of the proasteion of Eunouchou (Strymon)",Female,Male,MotherOf
"Eirene Doukaina, wife of Alexios I",Emperor Ioannes II Komnenos,Female,Male,MotherOf
"Eirene Doukaina, wife of Alexios I","Anna Komnene, daughter of Alexios I and historian",Female,Female,MotherOf
"Eirene Doukaina, wife of Alexios I","Eudokia, daughter of Alexios I Komnenos",Female,Female,MotherOf
"Eirene Doukaina, wife of Alexios I","Maria, daughter of Alexios I Komnenos",Female,Female,MotherOf
"Eirene Doukaina, wife of Alexios I","Zoe, daughter of Alexios I Komnenos",Female,Female,MotherOf
"Eirene Doukaina, wife of Alexios I","Manuel Komnenos, son of Alexios I",Female,Male,MotherOf
"Eirene Doukaina, wife of Alexios I","Andronikos Komnenos, son of Alexios I",Female,Male,MotherOf
"Eirene Doukaina, wife of Alexios I","Theodora, daughter of Alexios I Komnenos",Female,Female,MotherOf
Empress Eudokia Makrembolitissa,Emperor Michael VII Doukas,Female,Male,MotherOf
Empress Eudokia Makrembolitissa,"Andronikos Doukas, brother of Michael VII",Female,Male,MotherOf
Empress Eudokia Makrembolitissa,"Konstantios Doukas, brother of Michael VII",Female,Male,MotherOf
Empress Eudokia Makrembolitissa,"Anna, daughter of Konstantinos X",Female,Female,MotherOf
Empress Eudokia Makrembolitissa,"Theodora, daughter of Konstantinos X",Female,Female,MotherOf
Empress Eudokia Makrembolitissa,"Zoe Doukaina, daughter of Konstantinos X",Female,Female,MotherOf
Empress Eudokia Makrembolitissa,"Leon Diogenes, son of Romanos IV and Eudokia Makrembolitissa",Female,Male,MotherOf
Empress Eudokia Makrembolitissa,"Nikephoros Diogenes, son of Romanos IV",Female,Female,MotherOf
"Helena, wife of Konstantinos VIII","Eudokia, daughter of Konstantinos VIII",Female,Female,MotherOf
"Helena, wife of Konstantinos VIII",Empress Zoe,Female,Female,MotherOf
"Helena, wife of Konstantinos VIII",Empress Theodora,Female,Female,MotherOf
"Kale, wife of Georgios/Gregorios Psellos","Basileios Psellos, donor to Iveron",Female,Male,MotherOf
"Kale, wife of Georgios/Gregorios Psellos","Merotas Psellos, donor to Iveron",Female,Male,MotherOf
"Kale, wife of Georgios/Gregorios Psellos","Maria, sister of Basileios and Merotas Psellos",Female,Female,MotherOf
"Kaletza, mother of tax-payer at Dobrobikeia","Akindynos, tax-payer at chorion of Dobrobikeia",Female,Male,MotherOf
"Kaletza, mother of tax-payer at Dobrobikeia","Georgios, tax-payer at chorion of Dobrobikeia",Female,Male,MotherOf
"Maria of Alania, empress","Konstantinos Doukas porphyrogennetos, son of Michael VII",Female,Male,MotherOf
"Maria of Bulgaria, wife of Andronikos Doukas","Eirene Doukaina, wife of Alexios I",Female,Female,MotherOf
"Maria of Bulgaria, wife of Andronikos Doukas","Michael Doukas, brother of Eirene Doukaina",Female,,MotherOf
"Maria of Bulgaria, wife of Andronikos Doukas","Anna Doukaina, sister of Eirene Doukaina and wife of Georgios Palaiologos",Female,Female,MotherOf
"Maria of Bulgaria, wife of Andronikos Doukas","Theodora, sister of Eirene Doukaina",Female,Female,MotherOf
"Maria of Bulgaria, wife of Andronikos Doukas","Ioannes Doukas, brother of Eirene Doukaina",Female,Male,MotherOf
"Maria, wife of Ioannes Vladislav of Bulgaria","Prousianos, son of John Vladislav of Bulgaria",Female,Male,MotherOf
"Mariam, wife of Giorgi I of Abchasia/Georgia","Bagrat IV, king of Georgia",Female,Male,MotherOf
"Maria, sister of Michael IV, mother of Michael V",Emperor Michael V Kalaphates,Female,Male,MotherOf
"Maria Komnene, sister of Alexios I, wife of Michael Taronites","Ioannes Taronites (Taronitopoulos), doux of Skopje",Female,Male,MotherOf
"Maria, sister of Basileios and Merotas Psellos","Helena, donor to Iveron",Female,Female,MotherOf
"Maria, sister of Basileios and Merotas Psellos","Demetrios, donor to Iveron",Female,Male,MotherOf
"Maria, sister of Basileios and Merotas Psellos","Konstantinos, protopsaltes and donor to Iveron",Female,Male,MotherOf
"Koronis, mother of Niketas chartophylax and synkellos","Niketas, synkellos and chartophylax, son of Koronis",,,MotherOf
"Poulcheria (Argyropoulina), sister of Romanos III","second wife of Konstantinos IX, aunt of Maria Skleraina",Female,Female,MotherOf
"Semne, servant of Eustathios Boilas","Basileios, son of Semne, a servant of Eustathios Boilas",Female,Male,MotherOf
"Styliane, mother of Ioannes, a citizen of Hierissos","Ioannes, son of Styliane, citizen of Hierissos",Female,Male,MotherOf
"Zoe Diabatene, kouropalatissa, wife of Basilakios","Kale, wife of Symbatios Pakourianos",Female,Female,MotherOf
mother-in-law of Michael Attaleiates,"Sophia, first wife of Michael Attaleiates",Female,Female,MotherOf
"Helena, mentioned in synodal decision","Basileios, mentioned in synodal decision",Female,Male,MotherOf
"Kale, mother of Michael Attaleiates",Michael Attaleiates,Female,Male,MotherOf
"Maria, involved in lawsuit about validity of marriage","Theodote, young girl whose marriage was annulled",Female,Female,MotherOf
"Theodote, mentioned in synodal decision","Demetrios, mentioned in synodal decision",Female,Male,MotherOf
"Eudokia, daughter of Alexios I Komnenos","Alexios, son of Eudokia, daughter of Alexios I",Female,,MotherOf
"Maria, daughter of Alexios I Komnenos","child of Maria (daughter of Alexios I), parent of Maria's deceased granddaughter",Female,,MotherOf
"Maria, daughter of Alexios I Komnenos","daughter of Maria (daughter of Alexios I), who died before her mother",Female,,MotherOf
"Maria, daughter of Alexios I Komnenos","Ioannes, son of Maria porphyrogennetos, daughter of Alexios I",Female,,MotherOf
"Theodora, daughter of Alexios I Komnenos","Alexios Komnenos, son of Theodora, daughter of Alexios I",Female,,MotherOf
wife of monk who slept with his daughter,daughter who slept with her father,Female,Female,MotherOf
"mother of Laurentios Halmyrenos, monk on Mount Galesion","Laurentios Halmyrenos, monk on Mount Galesion",Female,Male,MotherOf
mother of Gregorios the Cellarer of Mount Galesion,"Gregorios the cellarer, author of Lazaros of Galesion vita",Female,Male,MotherOf
"nun on Mount Galesion, mother of monk Ioannes of Opsikion","Ioannes of Opsikion, ascetic on Mount Galesion",Female,Male,MotherOf
mother of layman working on Mount Galesion,poor villager from Kepion near Ephesos,Female,Male,MotherOf
"Eirene, mother of Lazaros of Galesion",Lazaros of Mount Galesion,Female,Male,MotherOf
"Euphemia, adopted daughter of Michael Psellos",infant grandchild of Michael Psellos,Female,Male,MotherOf
mother of priest in household (?) of Michael Psellos,priest (in the household?) of Michael Psellos,Female,Male,MotherOf
"Anna the kouropalatissa, mother of Nikephoros Bryennios the usurper","Ioannes Bryennios, brother of usurper Nikephoros",Female,Male,MotherOf
"Anna the kouropalatissa, mother of Nikephoros Bryennios the usurper",Nikephoros Bryennios usurper [1077],Female,Male,MotherOf
"Maria (?), wife of Manuel Komnenos Erotikos",Emperor Isaakios I Komnenos,Female,Male,MotherOf
"Maria (?), wife of Manuel Komnenos Erotikos","Ioannes Komnenos, father of Alexios I",Female,Male,MotherOf
"mother of Anna Dalassene, wife of Alexios Charon",Anna Dalassene,Female,Female,MotherOf
"daughter of Manuel Komnenos Erotikos, wife of Michael Dokeianos (?)",Theodoros Dokeianos,Female,Male,MotherOf
"mother of Maria of Bulgaria, wife of Trojan/Traianos of Bulgaria","Maria of Bulgaria, wife of Andronikos Doukas",Female,Female,MotherOf
"Eirene of Alania, wife of Isaakios Komnenos (brother of Alexios I)","Adrianos Komnenos, later Ioannes, archbishop of Bulgaria [1141, 1157]",Female,,MotherOf
mother of Gregorios Pakourianos,"Gregorios Pakourianos, megas domestikos",Female,Male,MotherOf
mother of Gregorios Pakourianos,"Apasios, brother of Gregorios Pakourianos",Female,Male,MotherOf
wife of Giorgi (I?) of Abchasia (Maria?),"Bagrat IV, king of Georgia",Female,Male,MotherOf
wife of Giorgi (I?) of Abchasia (Maria?),Isaakios Komnenodoukas,Female,Male,MotherOf
"Helena, paroikos at Gamma (Meander region)","Ioannes, son of paroikos Helena at Gamma (Meander region)",Female,Male,MotherOf
"Eirene Karamalina, paroikos at Gamma (Meander region)","Michael, son of paroikos Eirene Karamalina at Gamma (Meander region)",Female,Male,MotherOf
"Eirene Katzaradene, mother of paroikos Georgios at Gamma (Meander region)","Georgios, paroikos at Gamma (Meander region)",Female,Male,MotherOf
"Marouladena, mother of paroikos Moschos at Baris (Meander valley)","Moschos, paroikos at Baris (Meander valley)",Female,Male,MotherOf
"Charokopina, mother of paroikos Georgios at Galaides (Meander valley)","Georgios, paroikos at Galaides (Meander valley)",Female,Male,MotherOf
"Aspidena, mother of paroikos Michael at Galaides (Meander valley)","Michael, paroikos at Galaides (Meander valley)",Female,Male,MotherOf
mother of paroikos Georgios at Melanoudion (Meander valley),"Georgios, paroikos at Melanoudion (Meander valley)",Female,Male,MotherOf
"Anna, paroikos at Baris (Meander valley)","Maria, daughter of paroikos Anna at Baris (Meander valley)",Female,Female,MotherOf
wife of Kyrillos Phileotes,son of Kyrillos Phileotes,Female,Male,MotherOf
wife of Kyrillos Phileotes,daughter of Kyrillos Phileotes,Female,Female,MotherOf
wife of Kyrillos Phileotes,son of Kyrillos Phileotes,Female,Male,MotherOf
old bed-ridden woman visited by Kyrillos Phileotes,daughter of bed-ridden woman visited by Kyrillos Phileotes,Female,Female,MotherOf
old bed-ridden woman visited by Kyrillos Phileotes,dying daughter of bed-ridden woman visited by Kyrillos Phileotes,Female,Female,MotherOf
"Maria, paroikos at proasteion of Olynthos (Meander valley)","Michael, son of paroikos Maria at Olynthos (Meander valley)",Female,Male,MotherOf
"Maria Zemedena, paroikos at Olynthos (Meander valley)","Michael, son of paroikos Maria Zemedena at Olynthos (Meander valley)",Female,Male,MotherOf
"Stratego, paroikos at Gamma (Meander region)","Georgios, son of paroikos Stratego at Gamma (Meander region)",Female,Male,MotherOf
"Stratego, paroikos at Gamma (Meander region)","Anna, daughter of paroikos Stratego at Gamma (Meander region)",Female,Female,MotherOf
"Theocharistine, paroikos at Baris (Meander valley)","Nikephoros, son of paroikos Theocharistine at Baris (Meander valley)",Female,Male,MotherOf
"Theophano, mother of paroikos Kyriakos at Baris (Meander valley)","Kyriakos, paroikos at Baris (Meander valley)",Female,Male,MotherOf
"Theophano Spanagoudena, paroikos at Baris (Meander valley)","Maria, daughter of paroikos Theophano Spanagoudena at Baris (Meander valley)",Female,Female,MotherOf
mother of Nikephoros Kephalas (wife of Leon Kephalas),"Nikephoros Kephalas, proedros and Lavra donor",Female,Male,MotherOf
mother of landowners Ioannes and Maria at Thessalonike,"Maria, landowner at Thessalonike",Female,Female,MotherOf
mother of landowners Ioannes and Maria at Thessalonike,"Ioannes, landowner at Thessalonike",Female,Male,MotherOf
"Adelaide of Salona, countess of Sicily, queen of Jerusalem","Roger II, king of Sicily",Female,,MotherOf
mother of the sultan of Ikonion,"Mas'ud, sultan of Ikonion",Female,,MotherOf
elder sister of Michael Psellos,child (daughter?) of elder sister of Michael Psellos,Female,Female,MotherOf
mother of Ioannes Xiphilinos,"Ioannes VIII Xiphilinos, patriarch of Constantinople",Female,Male,MotherOf
mother of Maria Skleraina,"Maria Skleraina, mistress of Konstantinos IX",Female,Female,MotherOf
maternal grandmother of Michael Psellos,"Theodote, mother of Michael Psellos",Female,Female,MotherOf
mother-in-law of Theodoros Dokeianos,wife of Theodoros Dokeianos,Female,Female,MotherOf
"wife of Konstantinos, nephew of Michael Keroularios","beloved eldest daughter of Konstantinos, nephew of Keroularios, married to Iasites",Female,,MotherOf
"droungaria, mother of Pothos","Pothos, vestarches and cousin of Michael Psellos",Female,Male,MotherOf
mother of Michael Radenos,"Michael Radenos, proedros and praitor of Thrakesion",Female,Male,MotherOf
"The lady Maria, mother of Ranno","Ranno, son of the lady Maria",Female,Male,MotherOf
Armenian mother of Joscelin II of Edessa,"Joscelin II, count of Edessa",Female,,MotherOf
wife of Yaghi Siyan of Antioch,"Shams al-Dawla, son of Yaghi Siyan of Antioch",Female,Male,MotherOf
"Elvira of Leon-Castile, wife of Raymond of Toulouse","Alphonse of St Gilles, son of Raymond of Toulouse",Female,,MotherOf
prote,"Theoktistos, son of the prote",Female,Male,MotherOf
mother of Anastasios Lizix,"Anastasios Lizix, patrikios, krites and vestarches",Female,Male,MotherOf
mother of monk Elias Krystalas,"Elias Krystalas, monk",Female,Male,MotherOf
Hikanatissa,"Hikanatos, patrikios",Female,Male,MotherOf
wife of Michael Psellos,"Styliane, daughter of Michael Psellos",Female,Female,MotherOf
"second wife of Konstantinos, nephew of Michael Keroularios","daughter of Konstantinos, nephew of Keroularios, and grandmother of Tzetzes",Female,,MotherOf
mother of Michael Keroularios,"Michael I Keroularios, patriarch of Constantinople",Female,Male,MotherOf
wife of brother of Michael Keroularios,"Konstantinos, nephew of patriarch Michael I Keroularios",Female,Male,MotherOf
"Bertrade de Montfort, mother of king Fulk of Jerusalem","Cecilia of France, wife of Tancred of Hauteville, then of Pons of Tripoli",Female,Female,MotherOf
"Bertrade de Montfort, mother of king Fulk of Jerusalem","Fulk V, count of Anjou, king of Jerusalem",Female,,MotherOf
"Cecilia of France, wife of Tancred of Hauteville, then of Pons of Tripoli","Raymond II, count of Tripoli",Female,,MotherOf
"Constance, daughter of Philip I of France, wife of Bohemond of Taranto","Bohemond II Guiscard, prince of Antioch",Female,,MotherOf
"Constance, daughter of Philip I of France, wife of Bohemond of Taranto","Ioannes, son of Bohemond of Taranto",Female,,MotherOf
"Ida of Lorraine, mother of Godfrey of Bouillon","Godfrey of Bouillon, duke of Lower Lorraine, first Latin ruler of Jerusalem",Female,Male,MotherOf
"Mabel of Roucy, wife of count Hugh of Jaffa","Hugh, count of Jaffa",Female,,MotherOf
"Morphia, countess of Edessa, queen of Jerusalem","Melisende, daughter of Baldwin II, queen of Jerusalem",Female,,MotherOf
"Morphia, countess of Edessa, queen of Jerusalem","Alice, daughter of Baldwin II of Jerusalem, princess of Antioch",Female,,MotherOf
"Morphia, countess of Edessa, queen of Jerusalem","Hodierna, daughter of Baldwin II of Jerusalem, wife of Raymond II of Tripoli",Female,,MotherOf
"Morphia, countess of Edessa, queen of Jerusalem","Iveta/Yvette, daughter of Baldwin II of Jerusalem",Female,,MotherOf
mother of Turkish envoy Siaous,"Siaous, Turkish envoy to Alexios I",Female,Male,MotherOf
"Agathe, daughter of Pankratios Taronites and Helene","Theophano, daughter of Agathe",Female,Female,MotherOf
"Anna, sister of Mitze","Nikolaos, son of Anna",Female,Male,MotherOf
wife of donor to monastery of Nea Kome,daughter of donor to monastery of Nea Kome,Female,Female,MotherOf
daughter of Mororeon,granddaughter of Mororeon,Female,Female,MotherOf
first wife of Kamelaukas,first son of Kamelaukas,Female,Male,MotherOf
"slave, mistress then wife of Kamelaukas",daughter of freed slave and wife of Kamelaukas,Female,Female,MotherOf
mother of the son of David the Iberian,son of David the Iberian,Female,Male,MotherOf
wife of Bourtzes,son of Bourtzes,Female,Male,MotherOf
"Eirene, daughter of Basileios","Maria, daughter of Eirene",Female,Female,MotherOf
"Eirene, daughter of Gregorios Taronites","Theophylaktos, son of Romanos Saronites",Female,Male,MotherOf
"Kale, step-sister of Anna","Kosmas, son of Kale",Female,Male,MotherOf
"Mitze, sister of Anna","Maria, daughter of Mitze",Female,Female,MotherOf
"Sophia, daughter of magistros and raiktor Michael","Anna, daughter of Konstantinos Radenos and Sophia",Female,Female,MotherOf
sister of katholikos Peter Getadarj,"Xach'ik I Anec'i, Armenian katholikos",Female,Male,MotherOf
"Theodote, mother of Michael Psellos",Michael Psellos (named Konstantinos till tonsure in 1054),Female,Male,MotherOf
"Theodote, mother of Michael Psellos",elder sister of Michael Psellos,Female,Female,MotherOf
"Theodote, mother of Michael Psellos",younger sister of Michael Psellos,Female,Female,MotherOf
"Eirene Pegonitissa, wife of Ioannes the kaisar","Andronikos Doukas, son of the kaisar Ioannes",Female,Male,MotherOf
"Eirene Pegonitissa, wife of Ioannes the kaisar","Konstantinos Doukas, son of Kaisar Ioannes",Female,Male,MotherOf
"Emma, sister of Bohemond of Taranto","Tancred of Hauteville, nephew of Bohemond of Taranto",Female,Male,MotherOf
sister of Udelard of Wissant,Pisellus of Wissant,Female,Male,MotherOf
sister of Albert of Biandrate,"Otto Altaspata, nephew of Albert of Biandrate",Female,Male,MotherOf
"sister of Conrad, constable of the emperor Henry III","Bruno, nephew of Conrad, constable of the emperor Henry III",Female,Male,MotherOf
sister of Tancred,"Roger of Salerno, prince (regent?) of Antioch",Male,Male,MotherOf
"(Elizabeth), mother of Joscelin I, aunt of Baldwin II","Joscelin I of Courtenay, count of Edessa",Female,Male,MotherOf
mother of Nikephoros Basilakios,"Nikephoros Basilakios, writer involved in doctrinal disputes",,,MotherOf
"Scythian woman, mother of Bagoas",Bagoas (false name),,,MotherOf
mother of Georgios Tornikes,"Georgios Tornikes, man of letters and metropolitan of Ephesos",,,MotherOf
female defender of Otranto,"son of the female defender of Otranto, himself a military commander",,,MotherOf
female defender of Otranto,"Tancred of Hauteville, nephew of Bohemond of Taranto",,Male,MotherOf
mother of the Aaron who plotted to kill Alexios I,"Aaron, leader of a plot against Alexios I",,,MotherOf
"Matzo, mother of Michael the deacon","Michael the deacon, son of Matzo, associate of Ioannes Italos",,,MotherOf
"Beatrice, countess of Tuscany","Matilda, duchess of Tuscany",,,MotherOf
"Adelaide, mother of Amadeo of Savoy",Amadeo of Savoy,,,MotherOf
"mother of Petros II, patriarch of Antioch","Petros III, patriarch of Antioch",,Male,MotherOf
"freed concubine of sultan Malik-Shah, mother of sultans Muhammad and Sanjar","Muhammad ibn Malik-Shah, Seljuq sultan",,,MotherOf
"freed concubine of sultan Malik-Shah, mother of sultans Muhammad and Sanjar","Sanjar ibn Malik-Shah, Seljuq sultan, ruler of Khurasan",,,MotherOf
"(Bertha, countess of Holland), first wife of Philip I of France","Louis VI the Fat, King of France",,,MotherOf
"(Bertha, countess of Holland), first wife of Philip I of France","Cecilia of France, wife of Tancred of Hauteville, then of Pons of Tripoli",,Female,MotherOf
"Adrianos Komnenos, brother of Alexios I",Emperor Alexios I Komnenos,Male,Male,BrotherOf
"Konstantinos Doukas, son of Kaisar Ioannes","Andronikos Doukas, son of the kaisar Ioannes",Male,Male,BrotherOf
"Konstantios Doukas, brother of Michael VII","Zoe Doukaina, daughter of Konstantinos X",Male,Female,BrotherOf
Emperor Michael IV Paphlagon,"Ioannes the Orphanotrophos, brother of Michael IV",Male,Eunuch,BrotherOf
"Michael I Keroularios, patriarch of Constantinople",elder brother of Michael Keroularios,Male,Male,BrotherOf
"Nikephoros Komnenos, brother of Alexios I",Emperor Alexios I Komnenos,Male,Male,BrotherOf
"Christophoros, younger brother of Michael Radenos","Michael Radenos, proedros and praitor of Thrakesion",Male,Male,BrotherOf
"Adrianos Komnenos, brother of Alexios I","Gregorios Pakourianos (the younger), correspondent of Theophylaktos of Ohrid",Male,Male,UncleOf
Emperor Alexios I Komnenos,"Alexios Komnenos, sebastos and second son of Isaakios the sebastokrator",Male,,UncleOf
Emperor Alexios I Komnenos,"Ioannes, sebastos and nephew of Alexios I Komnenos",Male,Male,UncleOf
Emperor Alexios I Komnenos,"Michael, protosebastos, gambros of the sovereign emperor",Male,,UncleOf
Emperor Alexios I Komnenos,niece of Alexios I (probably Anna Taronitissa),Male,,UncleOf
Emperor Alexios I Komnenos,"Ioannes Komnenos, son of the sebastokrator Isaakios",Male,Male,UncleOf
Emperor Alexios I Komnenos,"Ioannes Taronites (Taronitopoulos), doux of Skopje",Male,Male,UncleOf
"Arslan-Israil b. Seljuk, father of Kutulmush","Tughrul Beg, Seljuk Sultan",Male,Male,UncleOf
"uncle of Konstantinos IX, father of Theodosios Monomachos",Emperor Konstantinos IX Monomachos,Male,Male,UncleOf
"Tornikios, relative of Theophylaktos of Ohrid","Georgios Tornikes, man of letters and metropolitan of Ephesos",Male,,UncleOf
"Malapetzes (Malapezza), defender of Otranto","niece of Malapetzes, defender of Otranto",Male,Female,UncleOf
bishop of Ezoba,"Konstantinos, protospatharios and synkellos",Male,Male,UncleOf
"Arduin, Lombard commander of Normans",Robert Guiscard,Male,Male,UncleOf
Bohemond of Taranto,nephew of Bohemond of Taranto,Male,Male,UncleOf
Bohemond of Taranto,"Tancred of Hauteville, nephew of Bohemond of Taranto",Male,Male,UncleOf
"Eustathios Kamytzes, military leader under Alexios I","Katarodon, nephew of Eustathios Kamytzes",,,UncleOf
"Eustratios, hegoumenos of Galeagra on Athos","Theodoros, monk at Galeagra on Athos",Male,Male,UncleOf
Emperor Ioannes II Komnenos,"Ioannes Komnenos, son of Isaakios, brother of Ioannes II",Male,,UncleOf
"Ioannes VIII Xiphilinos, patriarch of Constantinople","Bardas, brother (?) of patriarch Ioannes VIII Xiphilinos",Male,Male,UncleOf
"Ioannes VIII Xiphilinos, patriarch of Constantinople",nephew of Ioannes Xiphilinos,Male,Male,UncleOf
"Ioannes Doukas, kaisar",Emperor Michael VII Doukas,Male,Male,UncleOf
"Ioannes Doukas, kaisar","Andronikos Doukas, brother of Michael VII",Male,Male,UncleOf
"Ioannes Doukas, kaisar","Konstantios Doukas, brother of Michael VII",Male,Male,UncleOf
"Ioannes the Orphanotrophos, brother of Michael IV",Emperor Michael V Kalaphates,Eunuch,Male,UncleOf
Emperor Isaakios I Komnenos,"Isaakios Komnenos, elder brother of Alexios I",Male,Male,UncleOf
Emperor Isaakios I Komnenos,Emperor Alexios I Komnenos,Male,Male,UncleOf
Emperor Isaakios I Komnenos,Theodoros Dokeianos,Male,Male,UncleOf
Emperor Isaakios I Komnenos,"Manuel Komnenos, eldest brother of Alexios I",Male,Male,UncleOf
Emperor Isaakios I Komnenos,nephew of Isaakios I (Manuel Komnenos? Theodoros Dokeianos?),Male,Male,UncleOf
Emperor Isaakios I Komnenos,"magistros and megas doux, nephew (Kontostephanos?) of Isaakios I",Male,Male,UncleOf
"Isaakios Komnenos, elder brother of Alexios I","Anna Komnene, daughter of Alexios I and historian",Male,Female,UncleOf
Konstantinos Dalassenos,"Adrianos, nephew of the Dalassenoi",Male,Male,UncleOf
Konstantinos Dalassenos,"Damianos Dalassenos, impostor on Mount Galesion",Male,Male,UncleOf
"Konstantinos, brother of Michael IV",Emperor Michael V Kalaphates,Eunuch,Male,UncleOf
"Konstantios Doukas, brother of Michael VII","Eirene Doukaina, wife of Alexios I",Male,Female,UncleOf
"Liparit IV, duke of Trialeti",nephew of Liparit IV,Male,Male,UncleOf
Emperor Michael IV Paphlagon,"Konstantinos, nephew of Michael IV",Male,Male,UncleOf
Emperor Michael IV Paphlagon,Emperor Michael V Kalaphates,Male,Male,UncleOf
Emperor Michael VI Stratiotikos,"Michael Ouranos, doux of Antioch",Male,Male,UncleOf
Emperor Michael VII Doukas,"Ioannes Doukas, kaisar",Male,Male,UncleOf
Emperor Michael VII Doukas,"Eirene Doukaina, wife of Alexios I",Male,Female,UncleOf
"Michael I Keroularios, patriarch of Constantinople","Nikephoros, nephew of patriarch Michael I Keroularios",Male,Male,UncleOf
"Michael I Keroularios, patriarch of Constantinople","Konstantinos, nephew of patriarch Michael I Keroularios",Male,Male,UncleOf
"Michael I Keroularios, patriarch of Constantinople",Empress Eudokia Makrembolitissa,Male,Female,UncleOf
Michael Psellos (named Konstantinos till tonsure in 1054),Empress Eudokia Makrembolitissa,Male,Female,UncleOf
"Michael Taronites, panhypersebastos","Gregorios Taronites, rebel under Alexios I",Male,Male,UncleOf
"Nasr ibn Musharraf, Arab opponent of Antioch",nephew of Nasr ibn Musharraf,Male,Male,UncleOf
Emperor Nikephoros III Botaneiates,"Synadene, wife of kral of Hungary",Male,Female,UncleOf
"Nikephoros, nephew of patriarch Michael I Keroularios","Konstantinos, nephew of patriarch Michael I Keroularios",Male,Male,UncleOf
"Nikephoros Komnenos, brother of Alexios I","Gregorios Pakourianos (the younger), correspondent of Theophylaktos of Ohrid",Male,Male,UncleOf
Robert Guiscard,Richard of the Principate,Male,Male,UncleOf
"Romanos Dalassenos, katepano of Iberia","Adrianos, nephew of the Dalassenoi",Male,Male,UncleOf
"Theophylaktos Dalassenos, anthypatos patrikios vestes and doux of Antioch","Adrianos, nephew of the Dalassenoi",Male,Male,UncleOf
"Theophylaktos, archbishop of Ohrid","Tornikios, relative of Theophylaktos of Ohrid",Male,Male,UncleOf
"Tughrul Beg, Seljuk Sultan","Asan the Deaf, nephew of Tughrul Beg",Male,Male,UncleOf
"Tughrul Beg, Seljuk Sultan","Qutlumish, cousin of Tughrul Beg",Male,Male,UncleOf
"Tzachas/Chaka, Turkish amir","Galabatzes, nephew of Chaka",Male,Male,UncleOf
"Basileios Skribas, patrikios",niece of patrikios Basileios Skribas,Male,Female,UncleOf
"Sergios Hexamilites, krites of the velon, ex-pupil of Michael Psellos",widow of Anastasios Lizix,Male,Female,UncleOf
"Ioannes Mauropous, metropolitan of Euchaita",nephew of Ioannes Mauropous,Male,Male,UncleOf
"Isaakios Komnenos, son of Alexios I",Emperor Manuel I Komnenos,Male,,UncleOf
hegoumenos of monastery at Oroboi,Lazaros of Mount Galesion,Male,Male,UncleOf
uncle of stylite Nikon on Mount Galesion,"Nikon, stylite on Mount Galesion",Male,Male,UncleOf
"Eustathios Mitas, benefactor of Lazaros of Galesion","Ioannes Mitas, official in Thrakesion",Male,Male,UncleOf
"Ioannes Ardagastenos, monk on Mount Galesion","Ioannes, monk on Galesion and nephew of Ioannes Ardagastenos",Male,Male,UncleOf
"Matthaios, monk on Mount Galesion","Ignatios, monk on Mount Galesion",Male,Male,UncleOf
"Sinan ibn 'Ulyan, amir of Kalb Arabs",Rafi' ibn Abi al-Layl ibn 'Ulyan,Male,Male,UncleOf
Christodoulos of Patmos,"Theophanes, monk and assistant steward of Stoudios",Male,Male,UncleOf
Christodoulos of Patmos,"Epiphanios, nephew of Christodoulos of Patmos",Male,Male,UncleOf
Christodoulos of Patmos,"Ioannes, nephew of Christodoulos of Patmos",Male,Male,UncleOf
"Kyrillos Phileotes, holy man at Derkos (Thrace)","monk, nephew of Kyrillos Phileotes",Male,Male,UncleOf
"Basileios, kastresios, uncle of chartoularios Theodosios","Theodosios, chartoularios and patriarchal notarios, nephew of kastresios Basileios",Male,Male,UncleOf
"uncle of Epiphanios, scribe of codicil of Christodoulos of Patmos","Epiphanios, scribe of Christodoulos of Patmos' codicil",Male,Male,UncleOf
"Nikolaos Larditzes, hegoumenos of Hagios Nikolaos of Roudaba (Chalkidike)","Gerasimos, monk and nephew of Nikolaos Larditzes",Male,Male,UncleOf
"Eustratios, hegoumenos of Lavra on Athos","Athanasios, hegoumenos of Bouleuteria on Athos",Male,Male,UncleOf
megas primikerios,"Konstantinos, anagrapheus of Boleron, Strymon and Thessalonike",Male,Male,UncleOf
"Bakchenos, prominent person in Trebizond",nephew of Bakchenos,,,UncleOf
"Ophrydas, jurist",nephew of Ophrydas,Male,Male,UncleOf
missionary to Bulgaria (Leon?),"Ioannes Mauropous, metropolitan of Euchaita",Male,Male,UncleOf
metropolitan of Amaseia,krites of Armeniakon,Male,Male,UncleOf
"Auxentios, bishop, uncle of Theodoros oikonomos","Theodoros, oikonomos, nephew of bishop Auxentios",Male,Male,UncleOf
phylax,"Ioannes, vestarches and nephew of the phylax",Male,Male,UncleOf
parakoimomenos,"Leontios, kathegoumenos of the Nea church and nephew of the parakoimomenos",Male,Male,UncleOf
praipositos,"Leon, nephew of the praipositos",Male,Male,UncleOf
Proteuon (proteuon ?),"Nikolaos, chartoularios, nephew of Proteuon (the proteuon ?)",Male,Male,UncleOf
"Maleses, imperial notarios","Ioannes, (nephew ?) of Maleses",Male,Male,UncleOf
archbishop of Anchialos,"Michael III of Anchialos, patriarch of Constantinople",Male,,UncleOf
bishop of Madyta,Ioannes ho tou Madyton (nephew of the bishop or metropolitan of Madyta),Male,Male,UncleOf
metropolitan of Methymna,Ioannes ho tou Methymnes,Male,Male,UncleOf
metropolitan of Methymna,Ioannes ho tou Methymnes,Male,Male,UncleOf
metropolitan of Nicaea,Gregorios ho tou Nikaias (nephew of the metropolitan of Nicaea),Male,Male,UncleOf
metropolitan of Nikomedeia,"Nikolaos ho tou Nikomedeias (man, or nephew of the metropolitan of Nikomedeia)",Male,Male,UncleOf
"Theodoulos, hegoumenos of Xylourgou on Athos","Ioannikios, hegoumenos of Xylourgou on Athos",Male,Male,UncleOf
"metropolitan of Klaudioupolis, uncle of Ioannes Mauropous","Ioannes Mauropous, metropolitan of Euchaita",Male,Male,UncleOf
"Georgios, bishop of Hierissos","Georgios, nephew of bishop Georgios of Hierissos",Male,Male,UncleOf
"Arnulf of Choques, Latin patriarch of Jerusalem","Emelota, wife of Eustace Garnier",Male,,UncleOf
"Baldwin of Boulogne, Baldwin I, king of Jerusalem","Simon, nephew of Baldwin I",Male,,UncleOf
"Baldwin of Bourcq, Baldwin II, king of Jerusalem",nephew of Baldwin II of Jerusalem,Male,,UncleOf
Abu-l-fath (compilation of Alp Arslan and Malik Shah),Duqaq ibn Tutush of Damascus,Male,Male,UncleOf
"Godfrey Struma (the Hunchback), duke of Lorraine","Godfrey of Bouillon, duke of Lower Lorraine, first Latin ruler of Jerusalem",Male,Male,UncleOf
"Raymond of Saint-Gilles, count of Toulouse","William Jordan, count of Cerdagne",Male,Male,UncleOf
"Robert [Curthose], count [duke] of Normandy","Stephen, count of Aumale",Male,Male,UncleOf
"William of Bures, lord of Tiberias","Agnes, niece of William lord of Tiberias",Male,,UncleOf
Najm al-Din Ilghazi ibn Artuq,"Yaquti, besieged by Fatimids in Jerusalem",Male,,UncleOf
Najm al-Din Ilghazi ibn Artuq,Balak ibn Bahram ibn Artuq,Male,Male,UncleOf
"Bolkan, Dalmatian leader","Ouresis, Dalmatian hostage of Alexios I Komnenos",Male,Male,UncleOf
"Bolkan, Dalmatian leader","Stephanos Bolkan, Dalmatian hostage of Alexios Komnenos",Male,Male,UncleOf
Gorgoploutos,nephew of Gorgoploutos,Male,Male,UncleOf
droungarios,nephew of a droungarios,Male,Male,UncleOf
man who bought a ruin from Promytes monastery,nephew of man who bought a ruin from Promytes monastery,Male,Male,UncleOf
"Anthimos, primikerios",nephew of koiaistor Anthimos,Eunuch,Male,UncleOf
"Paulos, stratiotikos","Ioannes, epitropos in the will of stratiotikos Paulos",Male,Male,UncleOf
"Petros/Peter Getadarj, katholikos of Armenia","Xach'ik I Anec'i, Armenian katholikos",Male,Male,UncleOf
bishop of Skamandros (?),"Niketas, maistor of the school of Hagios Petros",Male,Male,UncleOf
uncle of Georgios (correspondent of Michael Psellos),"Georgios, correspondent of Michael Psellos",Male,Male,UncleOf
uncle of Pothos (son of the droungarios),"Pothos, vestarches and cousin of Michael Psellos",Male,Male,UncleOf
Nikolaos Skleros,"Anastasios Lizix, patrikios, krites and vestarches",Male,Male,UncleOf
"Suqman ibn Artuq, ex-ruler of Jerusalem","Yaquti, besieged by Fatimids in Jerusalem",Male,,UncleOf
"Suqman ibn Artuq, ex-ruler of Jerusalem","nephew of Suqman ibn Artuq, killed by Chokurmish",Male,,UncleOf
maternal uncle of Nikephoros Basilakes,"Nikephoros Basilakios, writer involved in doctrinal disputes",,,UncleOf
"brother of Scythian woman, mother of Bagoas",Bagoas (false name),,,UncleOf
'Izz al-Din Abu l-'Asakir Sultan,Usama b. Munqidh,,,UncleOf
"Mawdud ibn Isma'il, ruler of part of Azerbayjan","Barkyaruq, Seljuq sultan",,,UncleOf
Baktash ibn Tutush,"Tutush, son of Duqaq of Damascus",,,UncleOf
Emperor Romanos III Argyros,"Helena, niece of Romanos III, wife of Bagrat IV of Georgia",Male,Female,UncleOf
Emperor Romanos III Argyros,"niece of Romanos III, wife of Ioannes Smbat of Armenia",Male,Female,UncleOf
Emperor Romanos III Argyros,"niece of Romanos III, wife of Konstantinos Diogenes and mother of Romanos IV",Male,Female,UncleOf
Emperor Romanos III Argyros,"second wife of Konstantinos IX, aunt of Maria Skleraina",Male,Female,UncleOf
"Adrianos Komnenos, brother of Alexios I","Ioannes Komnenos, father of Alexios I",Male,Male,SonOf
"Adrianos Komnenos, brother of Alexios I","Zoe Doukaina, daughter of Konstantinos X",Male,Female,PartnerOf
"Konstantinos Doukas porphyrogennetos, son of Michael VII","Anna Komnene, daughter of Alexios I and historian",Male,Female,PartnerOf
son of Basileios Kalokairos,daughter of Theodoros Karmalikios,Male,Female,PartnerOf
"Gregorios Gabras, son of Theodoros Gabras",daughter (Maria?) of Isaakios Komnenos (brother of Alexios I),Male,Female,PartnerOf
Emperor Konstantinos VIII,"Helena, wife of Konstantinos VIII",Male,Female,HusbandOf
"Adrianos Komnenos, brother of Alexios I","Zoe Doukaina, daughter of Konstantinos X",Male,Female,HusbandOf
Emperor Alexios I Komnenos,"Eirene Doukaina, wife of Alexios I",Male,Female,HusbandOf
Emperor Alexios I Komnenos,"first wife of Alexios I Komnenos, daughter of an Argyros",Male,Female,HusbandOf
"Alousianos, son of Ioannes/John Vladislav",wife of Alousianos,Male,Female,HusbandOf
"Amer, son of the ruler of Aleppo","wife of Amer, amir of Egypt",Male,Female,HusbandOf
"Amer, amir of Egypt","wife of Amer, amir of Egypt",Male,Female,HusbandOf
"Andronikos Doukas, son of the kaisar Ioannes","Maria of Bulgaria, wife of Andronikos Doukas",Male,Female,HusbandOf
child (son?) of Romanos IV,child (daughter?) of Alp Arslan,Male,Female,HusbandOf
"Longibardopoulos, ally of the Serbs in 1072","daughter of Michaelas, wife of Longibardopoulos",Male,Female,HusbandOf
"Geza I, king of Hungary","Synadene, wife of kral of Hungary",Male,Female,HusbandOf
"Skleros, father of Maria Skleraina",mother of Maria Skleraina,Male,Female,HusbandOf
"Malapetzes (Malapezza), defender of Otranto","wife of Malapetzes, defender of Otranto",Male,Female,HusbandOf
prominent Constantinopolitan krites,wife of prominent Constantinopolitan krites,Male,Female,HusbandOf
"Apospharios, slave of Eustathios Boilas","Selegno, servant of Eustathios Boilas",Male,Female,HusbandOf
"Bagrat IV, king of Georgia","Helena, niece of Romanos III, wife of Bagrat IV of Georgia",Male,Female,HusbandOf
"Basileios Skleros, son of Romanos Skleros","Poulcheria (Argyropoulina), sister of Romanos III",Male,Female,HusbandOf
"Basileios, son of Semne, a servant of Eustathios Boilas","wife of Basileios, in the household of Eustathios Boilas",Male,Female,HusbandOf
Bohemond of Taranto,"Constance, daughter of Philip I of France, wife of Bohemond of Taranto",Male,Female,HusbandOf
"Dobronas, ruler of Zadar and Split","wife of Dobronas, ruler of Zara and Salona",Male,Female,HusbandOf
Eustathios Boilas,"Anna, wife of Eustathios Boilas",Male,Female,HusbandOf
"Gagik II, king of Armenia","wife of Gagik II, sister of David of Dvin",Male,Female,HusbandOf
"Gagik II, king of Armenia","wife of Gagik II, daughter of Dawit' Arcruni",Male,Female,HusbandOf
Georgios Palaiologos,"Anna Doukaina, sister of Eirene Doukaina and wife of Georgios Palaiologos",Male,Female,HusbandOf
"Georgios/Giorgi I, king of Abchasia and Georgia","Mariam, wife of Giorgi I of Abchasia/Georgia",Male,Female,HusbandOf
"Georgios/Giorgi I, king of Abchasia and Georgia","Alde, wife of Giorgi I of Abchasia/Georgia",Male,Female,HusbandOf
"Georgios/Giorgi I, king of Abchasia and Georgia",wife of Giorgi (I?) of Abchasia (Maria?),Male,Female,HusbandOf
"Georgios, tax-payer at chorion of Dobrobikeia","Dragola, wife of tax-payer at Dobrobikeia",Male,Female,HusbandOf
"Georgios, tax-payer at chorion of Dobrobikeia","Eirene, wife of tax-payer at Dobrobikeia",Male,Female,HusbandOf
"Georgios, tax-payer at chorion of Dobrobikeia","Ioanno, wife of tax-payer at Dobrobikeia",Male,Female,HusbandOf
"Georgios, tax-payer at chorion of Dobrobikeia","Martha, wife of tax-payer at Dobrobikeia",Male,Female,HusbandOf
"Gostelos Ezebetes, tax-payer at Dobrobikeia","Anastasia, wife of tax-payer at Dobrobikeia",Male,Female,HusbandOf
"Gregorios, son-in-law of Eustathios Boilas","Eirene, daughter of Eustathios Boilas",Male,Female,HusbandOf
"Gregorios, servant of Eustathios Boilas","Theodora, wife of Gregorios servant of Eustathios Boilas",Male,Female,HusbandOf
"al-Hakim, Fatimid caliph","wife of al-Hakim, mother of Fatimid caliph Zahir",Male,Female,HusbandOf
Emperor Ioannes II Komnenos,"Eirene-Piroska, wife of Ioannes II Komnenos",Male,,HusbandOf
"Ioannes Doukas, kaisar","Eirene Pegonitissa, wife of Ioannes the kaisar",Male,Female,HusbandOf
"Ioannes Komnenos, father of Alexios I",Anna Dalassene,Male,Female,HusbandOf
"Ioannes Smbat, king of Armenia","niece of Romanos III, wife of Ioannes Smbat of Armenia",Male,Female,HusbandOf
"Ioannes, tax-payer at chorion of Dobrobikeia","Theodora, wife of tax-payer at Dobrobikeia",Male,Female,HusbandOf
"Ioannes, tax-payer at chorion of Dobrobikeia","Deadole, wife of tax-payer at Dobrobikeia",Male,Female,HusbandOf
Emperor Isaakios I Komnenos,"Aikaterine of Bulgaria, wife of Isaakios I Komnenos",Male,Female,HusbandOf
"Isaakios Komnenos, elder brother of Alexios I","Eirene of Alania, wife of Isaakios Komnenos (brother of Alexios I)",Male,Female,HusbandOf
Emperor Konstantinos IX Monomachos,Empress Zoe,Male,Female,HusbandOf
Emperor Konstantinos IX Monomachos,first wife of Konstantinos IX Monomachos,Male,Female,HusbandOf
Emperor Konstantinos IX Monomachos,"second wife of Konstantinos IX, aunt of Maria Skleraina",Male,Female,HusbandOf
Emperor Konstantinos X Doukas,Empress Eudokia Makrembolitissa,Male,Female,HusbandOf
Emperor Konstantinos X Doukas,"daughter of Konstantinos Dalassenos, first wife of Konstantinos X Doukas",Male,Female,HusbandOf
Konstantinos Dalassenos,wife of Konstantinos Dalassenos,Male,Female,HusbandOf
"Konstantinos Diogenes, father of Romanos IV","niece of Romanos III, wife of Konstantinos Diogenes and mother of Romanos IV",Male,Female,HusbandOf
"Konstantinos Karantenos, brother-in-law of Romanos III","sister of Romanos III, wife of Konstantinos Karantenos",Male,Female,HusbandOf
"Konstantinos Artoklines, katepano",wife of Konstantinos Artoklines,Male,Female,HusbandOf
"Konstantinos, nephew of patriarch Michael I Keroularios","second wife of Konstantinos, nephew of Michael Keroularios",Male,Female,HusbandOf
"Konstantinos, nephew of patriarch Michael I Keroularios","wife of Konstantinos, nephew of Michael Keroularios",Male,Female,HusbandOf
"Konstantinos, tax-payer at chorion of Dobrobikeia","Maritza, wife of tax-payer at Dobrobikeia",Male,Female,HusbandOf
"Kyriakos, slave of Eustathios Boilas","wife of Kyriakos, a slave of Eustathios Boilas",Male,Female,HusbandOf
"Traulos, former Manichaean and servant of Alexios Komnenos",servant of Eirene Doukaina and first wife of Traulos,,,HusbandOf
"Traulos, former Manichaean and servant of Alexios Komnenos","second wife of Traulos, daughter of Pecheneg leader",,Female,HusbandOf
Emperor Michael IV Paphlagon,Empress Zoe,Male,Female,HusbandOf
Emperor Michael VII Doukas,"Maria of Alania, empress",Male,Female,HusbandOf
Michael Psellos (named Konstantinos till tonsure in 1054),wife of Michael Psellos,Male,Female,HusbandOf
"Michael, logothetes of the sekreta and gambros of the Komnenoi",niece of Alexios I (probably Anna Taronitissa),,,HusbandOf
"Michael Taronites, panhypersebastos","Maria Komnene, sister of Alexios I, wife of Michael Taronites",Male,Female,HusbandOf
"Anastasios Lizix, patrikios, krites and vestarches",widow of Anastasios Lizix,Male,Female,HusbandOf
"Michael, tax-payer at chorion of Dobrobikeia","Euphrosyne, wife of tax-payer at Dobrobikeia",Male,Female,HusbandOf
"Nasr ibn Musharraf, Arab opponent of Antioch",wife of Nasr ibn Musharraf al-Rawadifi,Male,Female,HusbandOf
"Nesnanos, tax-payer at chorion of Dobrobikeia","Dragetza, wife of tax-payer at Dobrobikeia",Male,Female,HusbandOf
Emperor Nikephoros III Botaneiates,"Bebdene, first wife of Nikephoros III Botaneiates",Male,Female,HusbandOf
Emperor Nikephoros III Botaneiates,"Maria of Alania, empress",Male,Female,HusbandOf
"Nikephoros Melissenos, kaisar","Eudokia Komnene, sister of Alexios I, wife of Nikephoros Melissenos",Male,Female,HusbandOf
"Nikephoros Bryennios, kaisar, husband of Anna Komnene","Anna Komnene, daughter of Alexios I and historian",Male,Female,HusbandOf
"Petros, tax-payer at chorion of Obilos","Maria, wife of a tax-payer in chorion of Obilos",Male,Female,HusbandOf
"Petros, tax-payer at chorion of Dobrobikeia","Loulana, wife of tax-payer at Dobrobikeia",Male,Male,HusbandOf
"Petros, tax-payer at chorion of Dobrobikeia","Maria, wife of tax-payer at Dobrobikeia",Male,Female,HusbandOf
"Petros Blachos, tax-payer at chorion of Dobrobikeia","Helena, wife of tax-payer at Dobrobikeia",Male,Female,HusbandOf
Hassan ibn al-Mufarrij ibn al-Jarrah (Pinzarach),sister of Sinan ibn 'Ulyan,Male,,HusbandOf
"Radomir, son of Samuel of Bulgaria","Eirene of Larissa, second wife of Radomir of Bulgaria",Male,Female,HusbandOf
Robert Guiscard,"Gaita/Sykelgaite, second wife of Robert Guiscard",Male,Female,HusbandOf
Robert Guiscard,"Auberee/Alberada of Buonalbergo, first wife of Robert Guiscard",Male,Female,HusbandOf
Emperor Romanos IV Diogenes,Empress Eudokia Makrembolitissa,Male,Female,HusbandOf
Emperor Romanos IV Diogenes,"first wife of Romanos IV, sister of Samuel Alousianos",Male,Female,HusbandOf
Roussel de Bailleul,wife of Roussel de Bailleul,Male,Female,HusbandOf
"Symbatios Pakourianos, kouropalates and patron of Iveron","Kale, wife of Symbatios Pakourianos",Male,Female,HusbandOf
Theodoros Dokeianos,wife of Theodoros Dokeianos,Male,Female,HusbandOf
"Theodoros Smolenetes, tax-payer at chorion of Dobrobikeia","Anna, wife of tax-payer at Dobrobikeia",Male,Female,HusbandOf
"Basileios, mentioned in synodal decision","Theodote, mentioned in synodal decision",Male,Female,HusbandOf
"Euphemios, involved in lawsuit about validity of marriage","Maria, involved in lawsuit about validity of marriage",Male,Female,HusbandOf
"Konstantinos Diogenes, son of Romanos IV","Theodora - Xene Komnene, sister of Alexios I Komnenos",Male,Female,HusbandOf
"Leon, mentioned in synodal decision","Mitze, daughter of Petros Bombylas",Male,Female,HusbandOf
Michael Attaleiates,"Sophia, first wife of Michael Attaleiates",Male,Female,HusbandOf
Michael Attaleiates,"Eirene, second wife of Michael Attaleiates",Male,Female,HusbandOf
"Petros Bombylas, mentioned in synodal decision","Kale, wife of Petros Bombylas",Male,Female,HusbandOf
"Andronikos Komnenos, son of Alexios I","Eirene, wife of Andronikos Komnenos (son of Alexios I)",Male,,HusbandOf
"Isaakios Komnenos, son of Alexios I","Eirene, wife of Isaakios Komnenos (son of Alexios I)",Male,,HusbandOf
"husband of Eirene, nun on Galesion","Eirene, widow from Ephesos, nun on Galesion",Male,Female,HusbandOf
host of Galesion monks on estates of monastery,woman who lured Galesion monk into sleeping with her,Male,Female,HusbandOf
priest of village on Mount Galesion,wife of village priest on Mount Galesion,Male,Female,HusbandOf
priest near Mount Galesion (?),wife of priest near Mount Galesion,Male,Female,HusbandOf
"Batatzes, husband of woman supporter of Bryennios","Batatzina, supporter of Bryennios at Raidestos in 1077",Male,Female,HusbandOf
"Theodoros Gabras, ruler of Trebizond",first wife of Theodoros Gabras,Male,Female,HusbandOf
"Theodoros Gabras, ruler of Trebizond","Alan princess, second wife of Theodoros Gabras",Male,Female,HusbandOf
Manuel Komnenos Erotikos,"Maria (?), wife of Manuel Komnenos Erotikos",Male,Female,HusbandOf
"Michael Iasites, husband of Eudokia, daughter of Alexios I","Eudokia, daughter of Alexios I Komnenos",Male,Female,HusbandOf
"Agapetos, paroikos at Berboulidion (Meander valley)","Eirene, wife of paroikos Agapetos at Berboulidion (Meander valley)",Male,Female,HusbandOf
"Goniates, husband of paroikos Helena at Gamma (Meander region)","Helena, paroikos at Gamma (Meander region)",Male,Female,HusbandOf
paroikos at Galaides (Meander valley),"Eirene, wife of paroikos at Galaides (Meander valley)",Male,Female,HusbandOf
"Bardas, paroikos at Baris (Meander valley)","Eirene, wife of paroikos Bardas at Baris (Meander valley)",Male,Female,HusbandOf
"Basileios Kateas, epoikos on Patmos","Anna, wife of epoikos Basileios Kateas of Patmos",Male,Female,HusbandOf
"Georgios, paroikos at Olynthos (Meander valley)","Eirene, wife of paroikos Georgios at Olynthos (Meander valley)",Male,Female,HusbandOf
"Chasanes (Hasan?), husband of paroikos Anna at Baris (Meander valley)","Anna, paroikos at Baris (Meander valley)",Male,Female,HusbandOf
"Georgios Tzibos, paroikos at Baris (Meander valley)","Anna, wife of paroikos Georgios Tzibos at Baris (Meander valley)",Male,Female,HusbandOf
"Georgios Arkoudas, paroikos at Baris (Meander valley)","Maria, wife of paroikos Georgios Arkoudas at Baris (Meander valley)",Male,Female,HusbandOf
"Ioannes Sapounas, husband of paroikos Maria at Olynthos (Meander valley)","Maria, paroikos at proasteion of Olynthos (Meander valley)",Male,Female,HusbandOf
"Georgios Phanterinos, paroikos at Olynthos (Meander valley)","Anna, wife  of paroikos Georgios Phanterinos at Olynthos (Meander valley)",Male,Female,HusbandOf
"Georgios, paroikos at Gamma (Meander region)","Eirene, wife of paroikos Georgios at Gamma (Meander region)",Male,Female,HusbandOf
"Georgios Phatyris, paroikos at Galaides (Meander valley)","Agathe, wife of paroikos Georgios Phatyris at Galaides (Meander valley)",Male,Female,HusbandOf
"Georgios Maurogeorgios, paroikos at Galaides (Meander valley)","Theriane, wife of paroikos Georgios Maurogeorgios at Galaides (Meander valley)",Male,Female,HusbandOf
"Georgios, paroikos at Melanoudion (Meander valley)","Anna, wife of paroikos Georgios at Melanoudion (Meander  valley)",Male,Female,HusbandOf
"Ioannes Skrinos, paroikos at Berboulidion (Meander valley)","Anna, wife of paroikos Ioannes Skrinos at Berboulidion (Meander valley)",Male,Female,HusbandOf
"Ioannes Tzamines, paroikos at Berboulidion (Meander valley)","Anna, wife of paroikos Ioannes Tzamines at Berboulidion (Meander valley)",Male,Female,HusbandOf
"Ioannes Agouritzes, paroikos at Galaides (Meander valley)","Anna, wife of paroikos Ioannes Agouritzes at Galaides (Meander valley)",Male,Female,HusbandOf
"Ioannes Koundoumas, epoikos on Patmos","Maria, wife of epoikos Ioannes Koundoumas of Patmos",Male,Female,HusbandOf
"Ioannes Bagianos, epoikos on Patmos","Anna, wife of epoikos Ioannes Bagianos of Patmos",Male,Female,HusbandOf
"Ioannes, epoikos on Patmos","Anna, wife of epoikos Ioannes of Patmos",Male,Female,HusbandOf
"Ioannes Psomozoules, epoikos on Patmos","Maria, wife of epoikos Ioannes Psomozoules of Patmos",Male,Female,HusbandOf
inn-keeper who defended reputation of Kyrillos of Philea,wife of inn-keeper who defended Kyrillos Phileotes,Male,Female,HusbandOf
"Kalos Patmiotes, epoikos on Patmos","Moscho, wife of epoikos Kalos on Patmos",Male,Female,HusbandOf
"Konstantinos Kallas, husband of paroikos Kalla at Baris (Meander valley)","Kalla, paroikos at Baris (Meander valley)",Male,Female,HusbandOf
"Konstantinos Kakoleon, paroikos at Berboulidion (Meander valley)","Maria, wife of paroikos Konstantinos Kakoleon at Berboulidion (Meander valley)",Male,Female,HusbandOf
"Konstantinos, paroikos at Galaides (Meander valley)","Eirene, wife of paroikos Konstantinos at Galaides (Meander valley)",Male,Female,HusbandOf
"Konstantinos Papadopolos, epoikos on Patmos","Eirene, wife of epoikos Konstantinos Papadopolos of Patmos",Male,Female,HusbandOf
"Kyriakos Psalidas, paroikos at Baris (Meander valley)","Theopempte, wife of paroikos Kyriakos Psalidas at Baris (Meander valley)",Male,Female,HusbandOf
"Kyriakos, paroikos at Olynthos (Meander valley)","Eirene, wife of paroikos Kyriakos at Olynthos (Meander valley)",Male,Female,HusbandOf
"Kyriakos, epoikos on Patmos","Maria, wife of epoikos Kyriakos of Patmos",Male,Female,HusbandOf
"Kyriakos Tzimischis, epoikos on Patmos","Eirene, wife of epoikos Kyriakos Tzimischis of Patmos",Male,Female,HusbandOf
"Leon, paroikos at Galaides (Meander valley)","Eirene, wife of paroikos Leon at Galaides (Meander valley)",Male,Female,HusbandOf
"Michael Chinarios, paroikos at Baris (Meander valley)","Anna, wife of paroikos Michael Chinarios at Baris (Meander valley)",Male,Female,HusbandOf
"Moschos, paroikos at Baris (Meander valley)","Maria, wife of paroikos Moschos at Baris (Meander valley)",Male,Female,HusbandOf
"Nikephoros, paroikos at Mantrakle (Meander valley)","Kissiane, wife of paroikos Nikephoros at Mantrakle (Meander valley)",Male,Female,HusbandOf
"Niketas Kateas, epoikos on Patmos","Maria, wife of epoikos Niketas Kateas of Patmos",Male,Female,HusbandOf
"Nikolaos, paroikos at Olynthos (Meander valley)","Elizabeth, wife of paroikos Nikolaos at Olynthos (Meander valley)",Male,Female,HusbandOf
"Petros, paroikos at Galaides (Meander valley)","Kale, wife of paroikos Petros at Galaides (Meander valley)",Male,Female,HusbandOf
"Petros Kalabros, paroikos at Melanoudion (Meander valley)","Theopempte, wife of paroikos Petros Kalabros at Melanoudion (Meander valley)",Male,Female,HusbandOf
"Photeinos, husband of paroikos Kale at Gamma (Meander region)","Kale, paroikos at Gamma (Meander region)",Male,Male,HusbandOf
"Stephanos Ptailaites, paroikos at Gamma (Meander region)","Adriane, wife of paroikos Stephanos Ptailaites at Gamma (Meander region)",Male,Female,HusbandOf
"Strategos, paroikos at Olynthos (Meander valley)","Eirene, wife of paroikos Strategos at Olynthos (Meander valley)",Male,Female,HusbandOf
"Theodoulos, paroikos at Baris (Meander valley)","Maria, wife of paroikos Theodoulos at Baris (Meander valley)",Male,Female,HusbandOf
"Theodoros, furrier at Thessalonike","Maria, landowner at Thessalonike",Male,Female,HusbandOf
"Nikephoros Kephalas, proedros and Lavra donor",first wife of proedros Nikephoros Kephalas,Male,Female,HusbandOf
"Nikephoros Kephalas, proedros and Lavra donor",second wife of proedros Nikephoros Kephalas,Male,Female,HusbandOf
"Konstantinos Lagoudes, donor of land to Lavra","Maria Lagoudia, donor of land to Lavra",Male,Female,HusbandOf
elder brother of Michael Keroularios,wife of brother of Michael Keroularios,Male,Female,HusbandOf
notarios of Thrakesion,wife of notarios of Thrakesion,Male,Female,HusbandOf
Theodoros Kamateros,"Maria, wife of Theodoros Kamateros",Male,Female,HusbandOf
Photios the Athenian,widow of Photios the Athenian,Male,Female,HusbandOf
"Panaretos, spatharios","Eudokia, wife of Panaretos spatharios",Male,Female,HusbandOf
"Leon droungarios, husband of Meleto","Meleto, widow of Leon droungarios",Male,Female,HusbandOf
Leon Pardos,"Theodora, widow of Leon Pardos",Male,Female,HusbandOf
"Nikephoros Katakalon Euphorbenos, son-in-law of Alexios I","Maria, daughter of Alexios I Komnenos",,Female,HusbandOf
Rendakios the Athenian,"Helene, widow of Rendakios the Athenian",Male,Female,HusbandOf
"Gerontas, kandidatos","Homonaia, widow of Gerontas kandidatos",Male,Male,HusbandOf
"Hypatios, komes, husband of Meleto","Meleto, widow of Komes Hypatios",Male,Female,HusbandOf
Agallianos Micheas,wife of Agallianos Micheas,Male,Female,HusbandOf
distinguished Arab prince,pregnant wife of distinguished Arab prince,Male,Female,HusbandOf
"Thoros, doux of Edessa","wife of Thoros, doux of Edessa",Male,,HusbandOf
"Adralestos, prominent person in Bari","Rodia, wife of Adralestos",Male,Female,HusbandOf
father of Michael Psellos,"Theodote, mother of Michael Psellos",Male,Female,HusbandOf
"husband of Maria, daughter of Michael","Maria, daughter of Michael (brother of kouboukleisios Leon)",Male,Female,HusbandOf
Balak ibn Bahram ibn Artuq,wife of Balak of Khanzit,Male,,HusbandOf
"Baldwin of Boulogne, Baldwin I, king of Jerusalem","Godehilde of Tosny, wife of Baldwin I of Boulogne",Male,Female,HusbandOf
"Baldwin of Boulogne, Baldwin I, king of Jerusalem",Armenian second wife [Arda?] of Baldwin I of Jerusalem,Male,Female,HusbandOf
"Baldwin of Boulogne, Baldwin I, king of Jerusalem","Adelaide of Salona, countess of Sicily, queen of Jerusalem",Male,Female,HusbandOf
"Baldwin of Bourcq, Baldwin II, king of Jerusalem","Morphia, countess of Edessa, queen of Jerusalem",Male,Female,HusbandOf
"Baldwin of Mons, count of Hainault",[Ida] of Louvain,Male,Female,HusbandOf
"Fulk IV, count of Touraine and Anjou, father of king Fulk","Bertrade de Montfort, mother of king Fulk of Jerusalem",Male,Female,HusbandOf
Guy of Hauteville,wife of Guy of Hauteville,Male,,HusbandOf
"Henry, duke of Normandy and count of Anjou, later Henry II, king of England","Eleanor of Aquitaine, queen of Louis VII, then of Henry II",Male,,HusbandOf
"Hugh of Le Puiset, count of Jaffa","Mabel of Roucy, wife of count Hugh of Jaffa",Male,Female,HusbandOf
"Joscelin I of Courtenay, count of Edessa","(Maria), sister of Roger of Salerno, wife of Joscelin I of Edessa",Male,,HusbandOf
"Philip I, king of France","(Bertha, countess of Holland), first wife of Philip I of France",Male,,HusbandOf
"Pons, count of Tripoli","Cecilia of France, wife of Tancred of Hauteville, then of Pons of Tripoli",Male,Female,HusbandOf
"Raymond of Saint-Gilles, count of Toulouse","Elvira of Leon-Castile, wife of Raymond of Toulouse",Male,Female,HusbandOf
"Roger of Salerno, prince (regent?) of Antioch","Cecilia of Bourcq, sister of Baldwin II, wife of Roger of Antioch",Male,,HusbandOf
Roger I of Sicily,"Adelaide of Salona, countess of Sicily, queen of Jerusalem",Male,Female,HusbandOf
"Tancred of Hauteville, nephew of Bohemond of Taranto","Cecilia of France, wife of Tancred of Hauteville, then of Pons of Tripoli",Male,Female,HusbandOf
William of Grandmesnil,second sister of Bohemond of Taranto,Male,Female,HusbandOf
Yaghi Siyan of Antioch  ,wife of Yaghi Siyan of Antioch,Male,Female,HusbandOf
"Euboulos, son-in-law of Robert Guiscard (count Ebalus of Roucy?)","daughter of Robert Guiscard, wife of count Euboulos (Ebalus of Roucy?)",Male,Female,HusbandOf
"Ioannes Solomon, senator involved in rebellion of Anemas",wife of Ioannes Solomon (implicated in Anemas plot),Male,Female,HusbandOf
Qilij Arslan ibn Sulayman ibn Qutlumish,wife of Qilij Arslan I,Male,Female,HusbandOf
"Marianos Maurokatakalon, military commander","sister of Nikephoros Bryennios, wife of Marianos Maurokatakalon",Male,,HusbandOf
"Raymond Berengar, son of count of Barcelona","daughter of Robert Guiscard, married to Raymond of Barcelona",Male,Female,HusbandOf
Romanised barbarian,second wife of Romanised barbarian,Male,Female,HusbandOf
donor to monastery of Nea Kome,wife of donor to monastery of Nea Kome,Male,Female,HusbandOf
nephew of a droungarios,wife of the nephew of a droungarios,Male,Female,HusbandOf
"Kamateros (Kakateros ?), manglabites",wife of manglabites Kam(k)ateros,Male,Female,HusbandOf
husband of the daughter of Diatimorites,daughter of Diatimorites,Male,Female,HusbandOf
Mororeon (?),second wife of Mororeon,Male,Female,HusbandOf
"Arotras, who sued his son for marrying without permission",wife of Arotras,Male,Female,HusbandOf
son of Arotras,wife of the son of Arotras,Male,Female,HusbandOf
"Kamelaukas, protospatharios",first wife of Kamelaukas,Male,Female,HusbandOf
"Kamelaukas, protospatharios","slave, mistress then wife of Kamelaukas",Male,Female,HusbandOf
"Anemas, whose wife was brought before an inappropriate judge",wife of Anemas,Male,Female,HusbandOf
son of Karandenos (Parandenos ?),wife of son of Karandenos (Parandenos ?),Male,Eunuch,HusbandOf
"Limnogalaktos, who burned the document listing his wife's dowry",wife of Limnogalaktos,Male,Female,HusbandOf
"Lambros, who twice made demands on those who guaranteed his wife's estates",woman whose dowry came from her step-father's guarantors,Male,Female,HusbandOf
"Roupenes (?), implicated in a case involving financial guarantees",daughter of Dermokaïtes,Male,Female,HusbandOf
"Skeuenas, manglabites",wife of a kourator of the disakkas,Male,Female,HusbandOf
soldier living in a church complex,wife of murdered soldier,Male,Female,HusbandOf
Parsakoutenos,wife of Parsakoutenos,Male,Female,HusbandOf
second cousin of Brachamios,daughter of Brachamios,Male,Female,HusbandOf
son of protospatharios and strategos Melias,daughter of Andronikos Balantes,Male,Female,HusbandOf
David Saronites,wife of David Saronites,Male,Female,HusbandOf
"Demetrios, brother of Ioannes and husband of Maria","Maria, daughter of Eirene",Male,Female,HusbandOf
"Ioannes, brother of Demetrios","Maria, daughter of Georgios",Male,Female,HusbandOf
"Ioannes Parsakoutenos, protospatharios","Anna, daughter of Konstantinos Radenos and Sophia",Male,Female,HusbandOf
"Nasr, patrikios",wife of patrikios Nasr,Male,Female,HusbandOf
"Nikolaos, son of Anna","Eudokia, daughter of Anna",Male,Female,HusbandOf
"Pankratios Taronites, patrikios","Helena, daughter of magistros and raiktor Michael",Male,,HusbandOf
"Paulos, stratiotikos",wife of stratiotikos Paulos,Male,Female,HusbandOf
"Romanos Saronites, patrikios","Eirene, daughter of Gregorios Taronites",Male,Female,HusbandOf
"Stephanos, husband involved in dowry case",woman whose dowry was contested after her death,Male,Female,HusbandOf
"Theophylaktos, son of Romanos Saronites","Theophano, daughter of Ioannes Parsakoutenos",Male,Female,HusbandOf
"Konstantinos Phasoulos, landowner at Kassandra (Chalkidike)","Maria, wife of Kassandra landowner Konstantinos Phasoulos",Male,Female,HusbandOf
father-in-law of Theodoros Dokeianos,mother-in-law of Theodoros Dokeianos,Male,Female,HusbandOf
"magistros and krites, related by marriage to Michael Psellos","magistrissa, relative of Michael Psellos",Male,Female,HusbandOf
"potential krites, acquaintance of Michael Psellos",wife of a krites,Male,Female,HusbandOf
relative of Michael Psellos with a family to support,wife of relative of Michael Psellos,Male,Female,HusbandOf
magistros and krites of Katotika,"wife of magistros, krites of Katotika",Male,Female,HusbandOf
friend of Michael Psellos,wife of friend of Michael Psellos,Male,Female,HusbandOf
"Leon Pegonites, father-in-law of kaisar Ioannes Doukas",wife of Leon Pegonites,Male,Female,HusbandOf
"Michael, notarios (of Macedonia)",wife of notarios (of Macedonia) Michael,Male,Female,HusbandOf
"Michael Radenos, proedros and praitor of Thrakesion",wife of Michael Radenos,Male,Female,HusbandOf
niece of Alexios I (probably Anna Taronitissa),"Michael, logothetes of the sekreta and gambros of the Komnenoi",,,HusbandOf
Folbert of Bouillon,"[Emeline], wife of Folbert of Bouillon",Male,Female,HusbandOf
"Muhammad ibn Malik-Shah, Seljuq sultan","Wife of caliph Muhammad, sister of Mawdud ibn Isma'il",,,HusbandOf
Frankish client of bathhouse at Ma'arrat al-Nu'man,wife of Frankish client of bathhouse at Ma'arrat al-Nu'man,,,HusbandOf
"Melikshah, Seljuk sultan of Rum",wife of Melikshah,,,HusbandOf
"Iasites, son-in-law of Konstantinos, nephew of Keroularios","beloved eldest daughter of Konstantinos, nephew of Keroularios, married to Iasites",,,HusbandOf
al-Amir Yinal b. Anushtakin al Husami,"sister of Ilghazi ibn Artuq, wife of Yinal ibn Anushtakin",,,HusbandOf
Emperor Romanos III Argyros,"Helena, first wife of Romanos III",Male,Female,HusbandOf
Emperor Romanos III Argyros,Empress Zoe,Male,Female,HusbandOf
"Adrianos Komnenos, brother of Alexios I","Nikephoros Diogenes, son of Romanos IV",Male,Female,BrotherOf
Emperor Alexios I Komnenos,"Ioannes Doukas, brother of Eirene Doukaina",Male,Male,BrotherOf
Emperor Alexios I Komnenos,"Nikephoros Melissenos, kaisar",Male,Male,BrotherOf
Emperor Alexios I Komnenos,"Michael Taronites, panhypersebastos",Male,Male,BrotherOf
Emperor Alexios I Komnenos,"Eirene of Alania, wife of Isaakios Komnenos (brother of Alexios I)",Male,Female,BrotherOf
"Basileios Skleros, son of Romanos Skleros",Emperor Romanos III Argyros,Male,Male,BrotherOf
Georgios Palaiologos,"Michael Doukas, brother of Eirene Doukaina",Male,,BrotherOf
Georgios Palaiologos,"Ioannes Doukas, brother of Eirene Doukaina",Male,Male,BrotherOf
"Gregorios Pakourianos, megas domestikos","Achsartanes, governor of Peritheorion",Male,Male,BrotherOf
"Ioannes Doukas, brother of Eirene Doukaina",Emperor Alexios I Komnenos,Male,Male,BrotherOf
Emperor Isaakios I Komnenos,Anna Dalassene,Male,Female,BrotherOf
"Isaakios Komnenos, elder brother of Alexios I","Konstantinos Diogenes, son of Romanos IV",Male,Male,BrotherOf
Emperor Konstantinos IX Monomachos,Empress Theodora,Male,Female,BrotherOf
Emperor Konstantinos X Doukas,"Eirene Pegonitissa, wife of Ioannes the kaisar",Male,Female,BrotherOf
"Konstantinos Karantenos, brother-in-law of Romanos III",Emperor Romanos III Argyros,Male,Male,BrotherOf
"Manuel Komnenos, eldest brother of Alexios I","Michael Taronites, panhypersebastos",Male,Male,BrotherOf
"Manuel Komnenos, eldest brother of Alexios I","Nikephoros Melissenos, kaisar",Male,Male,BrotherOf
Emperor Michael IV Paphlagon,"Stephanos, father of Michael V",Male,Male,BrotherOf
"Michael Doukas, brother of Eirene Doukaina","Ioannes, sebastos and nephew of Alexios I Komnenos",,Male,BrotherOf
"Michael Taronites, panhypersebastos",Emperor Alexios I Komnenos,Male,Male,BrotherOf
"Michael Taronites, panhypersebastos","Manuel Komnenos, eldest brother of Alexios I",Male,Male,BrotherOf
"Nikephoros Diogenes, son of Romanos IV","Adrianos Komnenos, brother of Alexios I",Female,Male,BrotherOf
"Nikephoros Melissenos, kaisar",Emperor Alexios I Komnenos,Male,Male,BrotherOf
"Nikephoros Melissenos, kaisar","Manuel Komnenos, eldest brother of Alexios I",Male,Male,BrotherOf
"Nikephoros Bryennios, kaisar, husband of Anna Komnene","Marianos Maurokatakalon, military commander",Male,Male,BrotherOf
"Niketas, brother-in-law of Symbatios Pakourianos","Symbatios Pakourianos, kouropalates and patron of Iveron",Male,Male,BrotherOf
Hassan ibn al-Mufarrij ibn al-Jarrah (Pinzarach),"Sinan ibn 'Ulyan, amir of Kalb Arabs",Male,Male,BrotherOf
"Prousianos, son of John Vladislav of Bulgaria","Romanos Kourkouas, rebel under Konstantinos VIII",Male,Male,BrotherOf
"Romanos Skleros, father of Basileios",Emperor Romanos III Argyros,Male,Male,BrotherOf
"Romanos Kourkouas, rebel under Konstantinos VIII","Prousianos, son of John Vladislav of Bulgaria",Male,Male,BrotherOf
"Stephanos, father of Michael V",Emperor Michael IV Paphlagon,Male,Male,BrotherOf
"Symbatios Pakourianos, kouropalates and patron of Iveron","Niketas, brother-in-law of Symbatios Pakourianos",Male,Male,BrotherOf
"Konstantinos Diogenes, son of Romanos IV","Isaakios Komnenos, elder brother of Alexios I",Male,Male,BrotherOf
Michael Attaleiates,"Anastaso, sister-in-law of Michael Attaleiates",Male,Female,BrotherOf
"Achsartanes, governor of Peritheorion","Gregorios Pakourianos, megas domestikos",Male,Male,BrotherOf
"Sinan ibn 'Ulyan, amir of Kalb Arabs",Hassan ibn al-Mufarrij ibn al-Jarrah (Pinzarach),Male,Male,BrotherOf
"Ioannes, sebastos and nephew of Alexios I Komnenos","Michael Doukas, brother of Eirene Doukaina",Male,,BrotherOf
"Nikephoros Katakalon Euphorbenos, son-in-law of Alexios I","Anna Komnene, daughter of Alexios I and historian",,Female,BrotherOf
"Argyros, son of Melus","vestarches, brother-in-law of Argyros",Male,,BrotherOf
"Bardas, brother-in-law of Paulos (Armenopoulos), doux and vestarches",Paulos Armenopolos,Male,Male,BrotherOf
Paulos Armenopolos,"Bardas, brother-in-law of Paulos (Armenopoulos), doux and vestarches",Male,Male,BrotherOf
"Baldwin of Bourcq, Baldwin II, king of Jerusalem","Roger of Salerno, prince (regent?) of Antioch",Male,Male,BrotherOf
"Robert [Curthose], count [duke] of Normandy","Stephen, count of Chartres and Blois",Male,Male,BrotherOf
"Roger of Salerno, prince (regent?) of Antioch","Baldwin of Bourcq, Baldwin II, king of Jerusalem",Male,Male,BrotherOf
"Marianos Maurokatakalon, military commander","Nikephoros Bryennios, kaisar, husband of Anna Komnene",Male,Male,BrotherOf
"vestarches, brother-in-law of Argyros","Argyros, son of Melus",,Male,BrotherOf
Emperor Romanos III Argyros,"Romanos Skleros, father of Basileios",Male,Male,BrotherOf
Emperor Romanos III Argyros,"Konstantinos Karantenos, brother-in-law of Romanos III",Male,Male,BrotherOf
Emperor Romanos III Argyros,"Basileios Skleros, son of Romanos Skleros",Male,Male,BrotherOf
"Agape, founder of Prodromos of Thessalonike","Nikolaos, founder of Prodromos of Thessalonike",Female,,NieceOf
"Agathe, landowner at Thessalonike","Maria, daughter of Stephanos Sthlabotas",Female,Female,NieceOf
"Anna Komnene, daughter of Alexios I and historian","Isaakios Komnenos, elder brother of Alexios I",Female,Male,NieceOf
"Anna Komnene, daughter of Alexios I and historian","Michael Doukas, brother of Eirene Doukaina",Female,,NieceOf
"Anna Komnene, daughter of Alexios I and historian","Ioannes Doukas, brother of Eirene Doukaina",Female,Male,NieceOf
"Anna, landowner at Thessalonike","Maria, daughter of Stephanos Sthlabotas",Female,Female,NieceOf
"Synadene, wife of kral of Hungary",Emperor Nikephoros III Botaneiates,Female,Male,NieceOf
"niece of Romanos III, wife of Konstantinos Diogenes and mother of Romanos IV",Emperor Romanos III Argyros,Female,Male,NieceOf
"niece of Romanos III, wife of Ioannes Smbat of Armenia",Emperor Romanos III Argyros,Female,Male,NieceOf
"niece of Malapetzes, defender of Otranto","Malapetzes (Malapezza), defender of Otranto",Female,Male,NieceOf
"Eirene Doukaina, wife of Alexios I","Konstantios Doukas, brother of Michael VII",Female,Male,NieceOf
"Eirene Doukaina, wife of Alexios I",Emperor Michael VII Doukas,Female,Male,NieceOf
Empress Eudokia Makrembolitissa,"Michael I Keroularios, patriarch of Constantinople",Female,Male,NieceOf
Empress Eudokia Makrembolitissa,Michael Psellos (named Konstantinos till tonsure in 1054),Female,Male,NieceOf
"Eudokia, daughter of Konstantinos VIII",Emperor Basileios II Boulgaroktonos,Female,,NieceOf
"Helena, niece of Romanos III, wife of Bagrat IV of Georgia",Emperor Romanos III Argyros,Female,Male,NieceOf
"Maria Skleraina, mistress of Konstantinos IX","second wife of Konstantinos IX, aunt of Maria Skleraina",Female,Female,NieceOf
Empress Theodora,Emperor Basileios II Boulgaroktonos,Female,,NieceOf
Empress Zoe,Emperor Basileios II Boulgaroktonos,Female,,NieceOf
"Eirene, second wife of Michael Attaleiates","Euphrosyne Bobaina, aunt of Michael Attaleiates' wife",Female,Female,NieceOf
"Sophia, first wife of Michael Attaleiates","Euphrosyne Bobaina, aunt of Michael Attaleiates' wife",Female,Female,NieceOf
niece of patrikios Basileios Skribas,"Basileios Skribas, patrikios",Female,Male,NieceOf
"second wife of Konstantinos IX, aunt of Maria Skleraina",Emperor Romanos III Argyros,Female,Male,NieceOf
widow of Anastasios Lizix,"Sergios Hexamilites, krites of the velon, ex-pupil of Michael Psellos",Female,Male,NieceOf
"Theodora, donor of estate to Esphigmenou","Maria, daughter of protospatharios Theodoros Gymnos",Female,Female,NieceOf
niece of Alexios I (probably Anna Taronitissa),Emperor Alexios I Komnenos,,Male,NieceOf
"Agape, founder of Prodromos of Thessalonike",Emperor Konstantinos VII Porphyrogennetos,Female,,RelativeOf
Emperor Alexios I Komnenos,"Isaakios Komnenos, elder brother of Alexios I",Male,Male,RelativeOf
Emperor Alexios I Komnenos,young kinsman of Alexios I,Male,Male,RelativeOf
Emperor Alexios I Komnenos,"Konstantinos Dalassenos, doux of the fleet under Alexios I",Male,Male,RelativeOf
"Anna Komnene, daughter of Alexios I and historian",Emperor Michael VII Doukas,Female,Male,RelativeOf
"Batatzina, supporter of Bryennios at Raidestos in 1077",Nikephoros Bryennios usurper [1077],Female,Male,RelativeOf
servants of Empress Zoe appointed by Ioannes the Orphanotrophos,"Ioannes the Orphanotrophos, brother of Michael IV",Female,Eunuch,RelativeOf
Seljuk sultan (Malik-shah?),"Qutlumish, cousin of Tughrul Beg",Male,Male,RelativeOf
"Boioannes, katepano of Italy in 1040s","Basileios Boioannes, katepano of Italy in 1020s",Male,Male,RelativeOf
"Batatzes, magnate at Raidestos",Leon Tornikios,Male,Male,RelativeOf
"Polys, supporter of Leon Tornikios",Leon Tornikios,Male,Male,RelativeOf
"Tornikios, relative of Theophylaktos of Ohrid","Theophylaktos, archbishop of Ohrid",Male,Male,RelativeOf
relative of Theodoros Smyrnaios,"Theodoros Smyrnaios, hypatos of the philosophers",Male,Male,RelativeOf
"Antonios Paches, bishop of Nikomedeia [1039]",Emperor Michael IV Paphlagon,Eunuch,Male,RelativeOf
"Basileios Boioannes, katepano of Italy in 1020s","Boioannes, katepano of Italy in 1040s",Male,Male,RelativeOf
"Eirene Doukaina, wife of Alexios I","Radomir Aaron, Bulgarian aristocrat and emissary of Alexios I",Female,,RelativeOf
Emperor Ioannes II Komnenos,(Anna) Botaneiataina Komnene,Male,,RelativeOf
"Ioannes Bryennios, brother of usurper Nikephoros","Katakalon Tarchaneiotes, doux of Antioch",Male,Male,RelativeOf
"Ioannes the Orphanotrophos, brother of Michael IV","Konstantinos, cousin of Ioannes Orphanotrophos",Eunuch,Male,RelativeOf
"Ioannes Batatzes, supporter of Leon Tornikios",Leon Tornikios,Male,Male,RelativeOf
Emperor Isaakios I Komnenos,Emperor Konstantinos X Doukas,Male,Male,RelativeOf
"Isaakios Komnenos, elder brother of Alexios I",Emperor Alexios I Komnenos,Male,Male,RelativeOf
"Jaroslav, ruler of the Rus","Zinisthlabos, ruler of the Rus'",Male,Male,RelativeOf
Emperor Konstantinos IX Monomachos,"Theodosios Monomachos, cousin of Konstantinos IX",Male,Male,RelativeOf
Emperor Konstantinos IX Monomachos,Leon Tornikios,Male,Male,RelativeOf
Emperor Konstantinos IX Monomachos,"Nikolaos, founder of monastery of Horaia Pege",Male,Male,RelativeOf
Emperor Konstantinos X Doukas,Emperor Isaakios I Komnenos,Male,Male,RelativeOf
"Qutlumish, cousin of Tughrul Beg",Seljuk sultan (Malik-shah?),Male,Male,RelativeOf
Leon Tornikios,"Theodoros Strabomytes, supporter of Leon Tornikios",Male,Male,RelativeOf
Leon Tornikios,"Polys, supporter of Leon Tornikios",Male,Male,RelativeOf
Leon Tornikios,"Marianos Branas, strategos, supporter of Leon Tornikios",Male,Male,RelativeOf
Leon Tornikios,"Batatzes, magnate at Raidestos",Male,Male,RelativeOf
Leon Tornikios,Emperor Konstantinos IX Monomachos,Male,Male,RelativeOf
Leon Tornikios,"Ioannes Batatzes, supporter of Leon Tornikios",Male,Male,RelativeOf
"Marianos Branas, strategos, supporter of Leon Tornikios",Leon Tornikios,Male,Male,RelativeOf
Emperor Michael IV Paphlagon,"Antonios Paches, bishop of Nikomedeia [1039]",Male,Eunuch,RelativeOf
Emperor Michael VII Doukas,"Konstantinos Kappadox, general of the Athanatoi",Male,Male,RelativeOf
Emperor Michael VII Doukas,"Anna Komnene, daughter of Alexios I and historian",Male,Female,RelativeOf
Michael Psellos (named Konstantinos till tonsure in 1054),relative of Michael Psellos,Male,Male,RelativeOf
Michael Psellos (named Konstantinos till tonsure in 1054),krites of Opsikion (Thrakesion?),Male,Male,RelativeOf
Michael Psellos (named Konstantinos till tonsure in 1054),"Christophoros, relative of Michael Psellos",Male,Male,RelativeOf
Michael Psellos (named Konstantinos till tonsure in 1054),low-born kinsman of Michael Psellos,Male,Male,RelativeOf
Michael Psellos (named Konstantinos till tonsure in 1054),relative of Michael Psellos with a family to support,Male,Male,RelativeOf
Michael Psellos (named Konstantinos till tonsure in 1054),relative of Michael Psellos who went to Drougoubiteia,Male,Male,RelativeOf
Michael Psellos (named Konstantinos till tonsure in 1054),"notarios, relative of Michael Psellos",Male,Male,RelativeOf
Michael Psellos (named Konstantinos till tonsure in 1054),"protothronos, kinsman of Michael Psellos",Male,Male,RelativeOf
Michael Psellos (named Konstantinos till tonsure in 1054),relative of Michael Psellos,Male,Male,RelativeOf
Michael Psellos (named Konstantinos till tonsure in 1054),"relative of Michael Psellos, letter-carrier",Male,Male,RelativeOf
Michael Psellos (named Konstantinos till tonsure in 1054),noble relative of Michael Psellos,Male,Female,RelativeOf
Michael Psellos (named Konstantinos till tonsure in 1054),relative of Michael Psellos,Male,Male,RelativeOf
Michael Psellos (named Konstantinos till tonsure in 1054),"tax official, relative of Michael Psellos",Male,Male,RelativeOf
Michael Psellos (named Konstantinos till tonsure in 1054),relative of Michael Psellos,Male,Male,RelativeOf
"Michael, metropolitan of Euchaita [1029, 1032]",Emperor Romanos III Argyros,Male,Male,RelativeOf
"Nesisthlabos, ruler of the Rus'","Zinisthlabos, ruler of the Rus'",Male,Male,RelativeOf
Emperor Nikephoros III Botaneiates,Emperor Romanos IV Diogenes,Male,Male,RelativeOf
Emperor Nikephoros III Botaneiates,Romanos Straboromanos,Male,Male,RelativeOf
Emperor Nikephoros III Botaneiates,Nikephoros Synadenos,Male,Male,RelativeOf
Nikephoros Bryennios usurper [1077],"Batatzina, supporter of Bryennios at Raidestos in 1077",Male,Female,RelativeOf
"Radomir Aaron, Bulgarian aristocrat and emissary of Alexios I","Eirene Doukaina, wife of Alexios I",,Female,RelativeOf
Emperor Romanos IV Diogenes,Emperor Nikephoros III Botaneiates,Male,Male,RelativeOf
Romanos Straboromanos,Emperor Nikephoros III Botaneiates,Male,Male,RelativeOf
Empress Theodora,Emperor Romanos III Argyros,Female,Male,RelativeOf
"Theodoros Strabomytes, supporter of Leon Tornikios",Leon Tornikios,Male,Male,RelativeOf
"Theodoros Smyrnaios, hypatos of the philosophers",relative of Theodoros Smyrnaios,Male,Male,RelativeOf
"Theodosios Monomachos, cousin of Konstantinos IX",Emperor Konstantinos IX Monomachos,Male,Male,RelativeOf
"Theophylaktos, archbishop of Ohrid","Tornikios, relative of Theophylaktos of Ohrid",Male,Male,RelativeOf
"Theudatos, vestes, rebel under Konstantinos VIII","Zacharias, rebel monk under Konstantinos VIII",Male,Male,RelativeOf
"Zacharias, rebel monk under Konstantinos VIII","Theudatos, vestes, rebel under Konstantinos VIII",Male,Male,RelativeOf
"Zinisthlabos, ruler of the Rus'","Nesisthlabos, ruler of the Rus'",Male,Male,RelativeOf
"Zinisthlabos, ruler of the Rus'","Jaroslav, ruler of the Rus",Male,Male,RelativeOf
Empress Zoe,Emperor Romanos III Argyros,Female,Male,RelativeOf
relative of Basileios Kalokairos,"Basileios Kalokairos, mentioned in synodal decision",Male,Male,RelativeOf
"Basileios Kalokairos, mentioned in synodal decision",relative of Basileios Kalokairos,Male,Male,RelativeOf
"Ioannes Mauropous, metropolitan of Euchaita",relative of Ioannes Mauropous,Male,Male,RelativeOf
"Katakalon Tarchaneiotes, doux of Antioch","Ioannes Bryennios, brother of usurper Nikephoros",Male,Male,RelativeOf
"Konstantinos Kappadox, general of the Athanatoi",Emperor Michael VII Doukas,Male,Male,RelativeOf
"Konstantinos, cousin of Ioannes Orphanotrophos","Ioannes the Orphanotrophos, brother of Michael IV",Male,Eunuch,RelativeOf
"Konstantinos, cousin of Ioannes Orphanotrophos","Konstantinos, brother of Michael IV",Male,Eunuch,RelativeOf
"Konstantinos, cousin of Ioannes Orphanotrophos",Emperor Michael V Kalaphates,Male,Male,RelativeOf
"Henry IV, king of Germany and western emperor","William IX of Poitou, duke of Aquitaine",Male,Male,RelativeOf
noble relative of Michael Psellos,Michael Psellos (named Konstantinos till tonsure in 1054),Female,Male,RelativeOf
relative of Michael Psellos,Michael Psellos (named Konstantinos till tonsure in 1054),Male,Male,RelativeOf
"Basileios, owner of Loetraki, relative (?) of Lechozesmos (?)","Lechozesmos (?), relative of Basileios, owner of Loetraki",Male,Male,RelativeOf
"Lechozesmos (?), relative of Basileios, owner of Loetraki","Basileios, owner of Loetraki, relative (?) of Lechozesmos (?)",Male,Male,RelativeOf
Nikephoros Synadenos,Emperor Nikephoros III Botaneiates,Male,Male,RelativeOf
krites of Opsikion (Thrakesion?),Michael Psellos (named Konstantinos till tonsure in 1054),Male,Male,RelativeOf
"Dalassene, magistrissa","notarios, relative of the Dalassenoi",Female,Male,RelativeOf
"Baldwin of Boulogne, Baldwin I, king of Jerusalem","Baldwin of Bourcq, Baldwin II, king of Jerusalem",Male,Male,RelativeOf
"Baldwin of Boulogne, Baldwin I, king of Jerusalem",Roger I of Sicily,Male,Male,RelativeOf
"Baldwin of Bourcq, Baldwin II, king of Jerusalem","Godfrey of Bouillon, duke of Lower Lorraine, first Latin ruler of Jerusalem",Male,Male,RelativeOf
"Baldwin of Bourcq, Baldwin II, king of Jerusalem","Baldwin of Boulogne, Baldwin I, king of Jerusalem",Male,Male,RelativeOf
"Baldwin of Bourcq, Baldwin II, king of Jerusalem","Eustace III, count of Boulogne",Male,Male,RelativeOf
"Eustace III, count of Boulogne","Baldwin of Bourcq, Baldwin II, king of Jerusalem",Male,Male,RelativeOf
Franco of Mechelen,Henry of Esch,Male,Male,RelativeOf
Franco of Mechelen,Sigemar of Mechelen,Male,Male,RelativeOf
"Godfrey of Bouillon, duke of Lower Lorraine, first Latin ruler of Jerusalem","Baldwin of Bourcq, Baldwin II, king of Jerusalem",Male,Male,RelativeOf
Henry of Esch,Franco of Mechelen,Male,Male,RelativeOf
Henry of Esch,Sigemar of Mechelen,Male,Male,RelativeOf
"Joscelin I of Courtenay, count of Edessa",Waleran of Birejik,Male,,RelativeOf
Qiwam al-Dawla Karbugha of Mosul,"Shams al-Dawla Chokurmish, Turkish ruler of Mosul",Male,Male,RelativeOf
"Roger of Salerno, prince (regent?) of Antioch","Tancred of Hauteville, nephew of Bohemond of Taranto",Male,Male,RelativeOf
Roger I of Sicily,"Baldwin of Boulogne, Baldwin I, king of Jerusalem",Male,Male,RelativeOf
Sigemar of Mechelen,Henry of Esch,Male,Male,RelativeOf
Sigemar of Mechelen,Franco of Mechelen,Male,Male,RelativeOf
"Tancred of Hauteville, nephew of Bohemond of Taranto","Roger of Salerno, prince (regent?) of Antioch",Male,Male,RelativeOf
"William IX of Poitou, duke of Aquitaine","Henry IV, king of Germany and western emperor",Male,Male,RelativeOf
"William IX of Poitou, duke of Aquitaine",Radulf of Scegonges,Male,Male,RelativeOf
"Konstantinos Dalassenos, doux of the fleet under Alexios I",Emperor Alexios I Komnenos,Male,Male,RelativeOf
"Malik-Shah, Seljuk sultan","Qutlumish, cousin of Tughrul Beg",Male,Male,RelativeOf
"notarios, relative of the Dalassenoi","Dalassene, magistrissa",Male,Female,RelativeOf
low-born kinsman of Michael Psellos,Michael Psellos (named Konstantinos till tonsure in 1054),Male,Male,RelativeOf
relative of Michael Psellos with a family to support,Michael Psellos (named Konstantinos till tonsure in 1054),Male,Male,RelativeOf
relative of Michael Psellos who went to Drougoubiteia,Michael Psellos (named Konstantinos till tonsure in 1054),Male,Male,RelativeOf
"notarios, relative of Michael Psellos",Michael Psellos (named Konstantinos till tonsure in 1054),Male,Male,RelativeOf
"protothronos, kinsman of Michael Psellos",Michael Psellos (named Konstantinos till tonsure in 1054),Male,Male,RelativeOf
relative of Michael Psellos,Michael Psellos (named Konstantinos till tonsure in 1054),Male,Male,RelativeOf
"relative of Michael Psellos, letter-carrier",Michael Psellos (named Konstantinos till tonsure in 1054),Male,Male,RelativeOf
relative of Michael Psellos,Michael Psellos (named Konstantinos till tonsure in 1054),Male,Male,RelativeOf
relative of Ioannes Mauropous,"Ioannes Mauropous, metropolitan of Euchaita",Male,Male,RelativeOf
"tax official, relative of Michael Psellos",Michael Psellos (named Konstantinos till tonsure in 1054),Male,Male,RelativeOf
relative of Michael Psellos,Michael Psellos (named Konstantinos till tonsure in 1054),Male,Male,RelativeOf
"Christophoros, relative of Michael Psellos",Michael Psellos (named Konstantinos till tonsure in 1054),Male,Male,RelativeOf
"Nikolaos, founder of monastery of Horaia Pege",Emperor Konstantinos IX Monomachos,Male,Male,RelativeOf
young kinsman of Alexios I,Emperor Alexios I Komnenos,Male,Male,RelativeOf
"Shams al-Dawla Chokurmish, Turkish ruler of Mosul",Qiwam al-Dawla Karbugha of Mosul,Male,Male,RelativeOf
Radulf of Scegonges,"William IX of Poitou, duke of Aquitaine",Male,Male,RelativeOf
Emperor Romanos III Argyros,Empress Theodora,Male,Female,RelativeOf
Emperor Romanos III Argyros,Empress Zoe,Male,Female,RelativeOf
Emperor Romanos III Argyros,"Michael, metropolitan of Euchaita [1029, 1032]",Male,Male,RelativeOf
"Agathe, landowner at Thessalonike","Anna, landowner at Thessalonike",Female,Female,SisterOf
"Aikaterine of Bulgaria, wife of Isaakios I Komnenos","Aaron, brother of Alousianos",Female,Male,SisterOf
"Anna Komnene, daughter of Alexios I and historian",Emperor Ioannes II Komnenos,Female,Male,SisterOf
"Anna Komnene, daughter of Alexios I and historian","Maria, daughter of Alexios I Komnenos",Female,Female,SisterOf
"Anna, landowner at Thessalonike","Agathe, landowner at Thessalonike",Female,Female,SisterOf
"first wife of Romanos IV, sister of Samuel Alousianos","Samuel Alousianos, military commander",Female,Male,SisterOf
child (daughter?) of Alp Arslan,"Ioannes the Alan, friend of Georgios Monomachatos",Female,,SisterOf
daughter of Ioannes Vladislav of Bulgaria,"Prousianos, son of John Vladislav of Bulgaria",Female,Male,SisterOf
"sister of Romanos III, wife of Konstantinos Karantenos",Emperor Romanos III Argyros,Female,Male,SisterOf
wife of prominent Constantinopolitan krites,"strategos, brother of the wife of a krites",Female,Male,SisterOf
"wife of Kyriakos, a slave of Eustathios Boilas","Klemes, monk and priest (in service of Eustathios Boilas?)",Female,Male,SisterOf
"Eirene Doukaina, wife of Alexios I","Michael Doukas, brother of Eirene Doukaina",Female,,SisterOf
"Eirene Doukaina, wife of Alexios I","Konstantinos Doukas, sebastos, brother of Eirene Doukaina",Female,,SisterOf
"Eirene Doukaina, wife of Alexios I","Stephanos Doukas, sebastos, brother of Eirene Doukaina",Female,,SisterOf
"Eirene Doukaina, wife of Alexios I","Ioannes Doukas, brother of Eirene Doukaina",Female,Male,SisterOf
"Eirene Doukaina, wife of Alexios I","Theodora, sister of Eirene Doukaina",Female,Female,SisterOf
"Eirene Doukaina, wife of Alexios I","Anna Doukaina, sister of Eirene Doukaina and wife of Georgios Palaiologos",Female,Female,SisterOf
"Eirene, daughter of Eustathios Boilas","Maria, daughter of Eustathios Boilas",Female,Female,SisterOf
"Eirene, sister of Eustathios Boilas",Eustathios Boilas,Female,Male,SisterOf
"Eudokia, daughter of Konstantinos VIII",Empress Zoe,Female,Female,SisterOf
"Eudokia, daughter of Konstantinos VIII",Empress Theodora,Female,Female,SisterOf
"Kale, wife of Symbatios Pakourianos","Niketas, brother-in-law of Symbatios Pakourianos",Female,Male,SisterOf
"Maria Skleraina, mistress of Konstantinos IX","Romanos Skleros, brother of Maria Skleraina",Female,Male,SisterOf
"Maria, sister of Michael IV, mother of Michael V",Emperor Michael IV Paphlagon,Female,Male,SisterOf
"Maria, sister of Michael IV, mother of Michael V","Ioannes the Orphanotrophos, brother of Michael IV",Female,Eunuch,SisterOf
"Maria Komnene, sister of Alexios I, wife of Michael Taronites",Emperor Alexios I Komnenos,Female,Male,SisterOf
"Maria, daughter of Eustathios Boilas","Eirene, daughter of Eustathios Boilas",Female,Female,SisterOf
"Maria, sister of Basileios and Merotas Psellos","Basileios Psellos, donor to Iveron",Female,Male,SisterOf
"Maria, sister of Basileios and Merotas Psellos","Merotas Psellos, donor to Iveron",Female,Male,SisterOf
four sisters of the ex-Manichaean Traulos,"Traulos, former Manichaean and servant of Alexios Komnenos",,,SisterOf
"Poulcheria (Argyropoulina), sister of Romanos III",Emperor Romanos III Argyros,Female,Male,SisterOf
Empress Theodora,Empress Zoe,Female,Female,SisterOf
Empress Theodora,"Eudokia, daughter of Konstantinos VIII",Female,Female,SisterOf
Empress Zoe,Empress Theodora,Female,Female,SisterOf
Empress Zoe,"Eudokia, daughter of Konstantinos VIII",Female,Female,SisterOf
"Zoe Doukaina, daughter of Konstantinos X","Konstantios Doukas, brother of Michael VII",Female,Male,SisterOf
"Eudokia Komnene, sister of Alexios I, wife of Nikephoros Melissenos",Emperor Alexios I Komnenos,Female,Male,SisterOf
"Eudokia Komnene, sister of Alexios I, wife of Nikephoros Melissenos","Isaakios Komnenos, elder brother of Alexios I",Female,Male,SisterOf
"Anastaso, sister-in-law of Michael Attaleiates","Sophia, first wife of Michael Attaleiates",Female,Female,SisterOf
"Anastaso, sister-in-law of Michael Attaleiates","Eirene, second wife of Michael Attaleiates",Female,Female,SisterOf
"Eirene, second wife of Michael Attaleiates","Anastaso, sister-in-law of Michael Attaleiates",Female,Female,SisterOf
"Sophia, first wife of Michael Attaleiates","Anastaso, sister-in-law of Michael Attaleiates",Female,Female,SisterOf
"Theodora - Xene Komnene, sister of Alexios I Komnenos","Isaakios Komnenos, elder brother of Alexios I",Female,Male,SisterOf
"Theodora - Xene Komnene, sister of Alexios I Komnenos",Emperor Alexios I Komnenos,Female,Male,SisterOf
sisters of Michael Attaleiates,Michael Attaleiates,Female,Male,SisterOf
"Maria, daughter of Alexios I Komnenos","Anna Komnene, daughter of Alexios I and historian",Female,Female,SisterOf
"daughter of Manuel Komnenos Erotikos, wife of Michael Dokeianos (?)","Ioannes Komnenos, father of Alexios I",Female,Male,SisterOf
"Anna Doukaina, sister of Eirene Doukaina and wife of Georgios Palaiologos","Michael Doukas, brother of Eirene Doukaina",Female,,SisterOf
"Anna Doukaina, sister of Eirene Doukaina and wife of Georgios Palaiologos","Ioannes Doukas, brother of Eirene Doukaina",Female,Male,SisterOf
"Anna Doukaina, sister of Eirene Doukaina and wife of Georgios Palaiologos","Eirene Doukaina, wife of Alexios I",Female,Female,SisterOf
sisters of Michael VII Doukas,Emperor Michael VII Doukas,Female,Male,SisterOf
"Helena Tarchaniotissa, sister of katepano of Adrianople","Katakalon Tarchaneiotes, doux of Antioch",Female,Male,SisterOf
"Theodora, sister of Eirene Doukaina","Eirene Doukaina, wife of Alexios I",Female,Female,SisterOf
"Euprepeia, sister of Konstantinos IX",Emperor Konstantinos IX Monomachos,Female,Male,SisterOf
"Helena, sister of Konstantinos IX",Emperor Konstantinos IX Monomachos,Female,Male,SisterOf
daughter of bed-ridden woman visited by Kyrillos Phileotes,dying daughter of bed-ridden woman visited by Kyrillos Phileotes,Female,Female,SisterOf
dying daughter of bed-ridden woman visited by Kyrillos Phileotes,daughter of bed-ridden woman visited by Kyrillos Phileotes,Female,Female,SisterOf
daughter of Kyrillos Phileotes,son of Kyrillos Phileotes,Female,Male,SisterOf
"Maria Kaballourina, founder of Timios Prodromos at Strobilos","Konstantinos Kaballoures, vestarches and landowner at Strobilos",Female,Male,SisterOf
"Maria, landowner at Thessalonike","Ioannes, landowner at Thessalonike",Female,Male,SisterOf
elder sister of Michael Psellos,Michael Psellos (named Konstantinos till tonsure in 1054),Female,Male,SisterOf
sister of Bohemond of Taranto,Bohemond of Taranto,Female,Male,SisterOf
Armenian mother of Joscelin II of Edessa,"Leon/Lewon I, ruler of Cilician Armenia",Female,,SisterOf
second sister of Bohemond of Taranto,Bohemond of Taranto,Female,Male,SisterOf
second sister of Bohemond of Taranto,Guy of Hauteville,Female,Male,SisterOf
"Maria, nun and sister of the emperor Konstantinos",Emperor Konstantinos X Doukas,Female,Male,SisterOf
"Maria, nun and sister of the emperor Konstantinos",Emperor Konstantinos IX Monomachos,Female,Male,SisterOf
"Anna Radene, patrikia zoste","Radenos, brother of zoste Anna Radene",Female,Male,SisterOf
"Bertrade de Montfort, mother of king Fulk of Jerusalem","Amalric de Montfort, brother of Bertrade",Female,,SisterOf
"Cecilia of France, wife of Tancred of Hauteville, then of Pons of Tripoli","Constance, daughter of Philip I of France, wife of Bohemond of Taranto",Female,Female,SisterOf
"Constance, daughter of Philip I of France, wife of Bohemond of Taranto","Cecilia of France, wife of Tancred of Hauteville, then of Pons of Tripoli",Female,Female,SisterOf
"Ida of Lorraine, mother of Godfrey of Bouillon","Godfrey Struma (the Hunchback), duke of Lorraine",Female,Male,SisterOf
sister of Sinan ibn 'Ulyan,"Sinan ibn 'Ulyan, amir of Kalb Arabs",,Male,SisterOf
"Anna, step-sister of Kale","Mitze, sister of Anna",Female,Female,SisterOf
sister of Galatas (or Kampanarios ?),Galatas,Female,Male,SisterOf
sister of a missing legatee,"missing legatee, son of a dying man",Female,Male,SisterOf
"wife of Gagik II, sister of David of Dvin","David of Dvin, brother-in-law of Gagik II",Female,Male,SisterOf
sister of katholikos Peter Getadarj,"Petros/Peter Getadarj, katholikos of Armenia",Female,Male,SisterOf
"Axni, Armenian sorceress and heretic","Kamara, Armenian sorceress and heretic",Female,Female,SisterOf
"Kamara, Armenian sorceress and heretic","Axni, Armenian sorceress and heretic",Female,Female,SisterOf
"Theodote, mother of Michael Psellos","brother of Theodote, mother of Michael Psellos",Female,Female,SisterOf
"Emma, sister of Bohemond of Taranto",Bohemond of Taranto,Female,Male,SisterOf
sister of Udelard of Wissant,Udelard of Wissant,Female,Male,SisterOf
sister of Albert of Biandrate,"Albert, count of Biandrate",Female,Male,SisterOf
"sister of Conrad, constable of the emperor Henry III","Conrad, once constable of the western emperor Henry IV",Female,Male,SisterOf
sister of Tancred,"Tancred of Hauteville, nephew of Bohemond of Taranto",Male,Male,SisterOf
"(Elizabeth), mother of Joscelin I, aunt of Baldwin II","Melisende, countess of Rethel",Female,,SisterOf
mother of Nikephoros Basilakios,maternal uncle of Nikephoros Basilakes,,,SisterOf
"Scythian woman, mother of Bagoas","brother of Scythian woman, mother of Bagoas",,,SisterOf
"Cecilia of Bourcq, sister of Baldwin II, wife of Roger of Antioch","Baldwin of Bourcq, Baldwin II, king of Jerusalem",,Male,SisterOf
female defender of Otranto,Bohemond of Taranto,,Male,SisterOf
"sister of Ilghazi ibn Artuq, wife of Yinal ibn Anushtakin",Najm al-Din Ilghazi ibn Artuq,,Male,SisterOf
"Wife of caliph Muhammad, sister of Mawdud ibn Isma'il","Mawdud ibn Isma'il, ruler of part of Azerbayjan",,,SisterOf
"Aikaterine of Bulgaria, wife of Isaakios I Komnenos",Emperor Isaakios I Komnenos,Female,Male,WifeOf
"Alde, wife of Giorgi I of Abchasia/Georgia","Georgios/Giorgi I, king of Abchasia and Georgia",Female,Male,WifeOf
"Anastasia, wife of tax-payer at Dobrobikeia","Gostelos Ezebetes, tax-payer at Dobrobikeia",Female,Male,WifeOf
Anna Dalassene,"Ioannes Komnenos, father of Alexios I",Female,Male,WifeOf
"Anna Komnene, daughter of Alexios I and historian","Nikephoros Bryennios, kaisar, husband of Anna Komnene",Female,Male,WifeOf
"Anna, wife of Eustathios Boilas",Eustathios Boilas,Female,Male,WifeOf
"Anna, wife of tax-payer at Dobrobikeia","Theodoros Smolenetes, tax-payer at chorion of Dobrobikeia",Female,Male,WifeOf
wife of Roussel de Bailleul,Roussel de Bailleul,Female,Male,WifeOf
"daughter of Michaelas, wife of Longibardopoulos","Longibardopoulos, ally of the Serbs in 1072",Female,Male,WifeOf
"Batatzina, supporter of Bryennios at Raidestos in 1077","Batatzes, husband of woman supporter of Bryennios",Female,Male,WifeOf
"Synadene, wife of kral of Hungary","Geza I, king of Hungary",Female,Male,WifeOf
"niece of Romanos III, wife of Konstantinos Diogenes and mother of Romanos IV","Konstantinos Diogenes, father of Romanos IV",Female,Male,WifeOf
"sister of Romanos III, wife of Konstantinos Karantenos","Konstantinos Karantenos, brother-in-law of Romanos III",Female,Male,WifeOf
"niece of Romanos III, wife of Ioannes Smbat of Armenia","Ioannes Smbat, king of Armenia",Female,Male,WifeOf
"wife of al-Hakim, mother of Fatimid caliph Zahir","al-Hakim, Fatimid caliph",Female,Male,WifeOf
"daughter of Konstantinos Dalassenos, first wife of Konstantinos X Doukas",Emperor Konstantinos X Doukas,Female,Male,WifeOf
"wife of Amer, amir of Egypt","Amer, amir of Egypt",Female,Male,WifeOf
wife of Alousianos,"Alousianos, son of Ioannes/John Vladislav",Female,Male,WifeOf
wife of Konstantinos Artoklines,"Konstantinos Artoklines, katepano",Female,Male,WifeOf
"wife of Malapetzes, defender of Otranto","Malapetzes (Malapezza), defender of Otranto",Female,Male,WifeOf
wife of prominent Constantinopolitan krites,prominent Constantinopolitan krites,Female,Male,WifeOf
"wife of Dobronas, ruler of Zara and Salona","Dobronas, ruler of Zadar and Split",Female,Male,WifeOf
"wife of Kyriakos, a slave of Eustathios Boilas","Kyriakos, slave of Eustathios Boilas",Female,Male,WifeOf
"wife of Basileios, in the household of Eustathios Boilas","Basileios, son of Semne, a servant of Eustathios Boilas",Female,Male,WifeOf
"Bebdene, first wife of Nikephoros III Botaneiates",Emperor Nikephoros III Botaneiates,Female,Male,WifeOf
"Deadole, wife of tax-payer at Dobrobikeia","Ioannes, tax-payer at chorion of Dobrobikeia",Female,Male,WifeOf
"Dragetza, wife of tax-payer at Dobrobikeia","Nesnanos, tax-payer at chorion of Dobrobikeia",Female,Male,WifeOf
"Dragola, wife of tax-payer at Dobrobikeia","Georgios, tax-payer at chorion of Dobrobikeia",Female,Male,WifeOf
"Eirene Doukaina, wife of Alexios I",Emperor Alexios I Komnenos,Female,Male,WifeOf
"Eirene, daughter of Eustathios Boilas","Gregorios, son-in-law of Eustathios Boilas",Female,Male,WifeOf
"Eirene, wife of tax-payer at Dobrobikeia","Georgios, tax-payer at chorion of Dobrobikeia",Female,Male,WifeOf
Empress Eudokia Makrembolitissa,Emperor Konstantinos X Doukas,Female,Male,WifeOf
Empress Eudokia Makrembolitissa,Emperor Romanos IV Diogenes,Female,Male,WifeOf
"Euphrosyne, wife of tax-payer at Dobrobikeia","Michael, tax-payer at chorion of Dobrobikeia",Female,Male,WifeOf
"Gaita/Sykelgaite, second wife of Robert Guiscard",Robert Guiscard,Female,Male,WifeOf
"Helena, first wife of Romanos III",Emperor Romanos III Argyros,Female,Male,WifeOf
"Helena, wife of Konstantinos VIII",Emperor Konstantinos VIII,Female,Male,WifeOf
"Helena, wife of Konstantinos VIII","Bagrat IV, king of Georgia",Female,Male,WifeOf
"Helena, niece of Romanos III, wife of Bagrat IV of Georgia","Bagrat IV, king of Georgia",Female,Male,WifeOf
"Helena, wife of tax-payer at Dobrobikeia","Petros Blachos, tax-payer at chorion of Dobrobikeia",Female,Male,WifeOf
"Ioanno, wife of tax-payer at Dobrobikeia","Georgios, tax-payer at chorion of Dobrobikeia",Female,Male,WifeOf
"Kale, wife of Symbatios Pakourianos","Symbatios Pakourianos, kouropalates and patron of Iveron",Female,Male,WifeOf
"Adriane, wife of paroikos Stephanos Ptailaites at Gamma (Meander region)","Stephanos Ptailaites, paroikos at Gamma (Meander region)",Female,Male,WifeOf
"Loulana, wife of tax-payer at Dobrobikeia","Petros, tax-payer at chorion of Dobrobikeia",Male,Male,WifeOf
"Maria of Alania, empress",Emperor Michael VII Doukas,Female,Male,WifeOf
"Maria of Alania, empress",Emperor Nikephoros III Botaneiates,Female,Male,WifeOf
"Maria of Bulgaria, wife of Andronikos Doukas","Andronikos Doukas, son of the kaisar Ioannes",Female,Male,WifeOf
servant of Eirene Doukaina and first wife of Traulos,"Traulos, former Manichaean and servant of Alexios Komnenos",,,WifeOf
"Mariam, wife of Giorgi I of Abchasia/Georgia","Georgios/Giorgi I, king of Abchasia and Georgia",Female,Male,WifeOf
"Maria Komnene, sister of Alexios I, wife of Michael Taronites","Michael Taronites, panhypersebastos",Female,Male,WifeOf
"Maria, wife of a tax-payer in chorion of Obilos","Petros, tax-payer at chorion of Obilos",Female,Male,WifeOf
"Maria, wife of tax-payer at Dobrobikeia","Petros, tax-payer at chorion of Dobrobikeia",Female,Male,WifeOf
"Maritza, wife of tax-payer at Dobrobikeia","Konstantinos, tax-payer at chorion of Dobrobikeia",Female,Male,WifeOf
"Martha, wife of tax-payer at Dobrobikeia","Georgios, tax-payer at chorion of Dobrobikeia",Female,Male,WifeOf
"Poulcheria (Argyropoulina), sister of Romanos III","Basileios Skleros, son of Romanos Skleros",Female,Male,WifeOf
"Selegno, servant of Eustathios Boilas","Apospharios, slave of Eustathios Boilas",Female,Male,WifeOf
"Theodora, wife of Gregorios servant of Eustathios Boilas","Gregorios, servant of Eustathios Boilas",Female,Male,WifeOf
"Theodora, wife of tax-payer at Dobrobikeia","Ioannes, tax-payer at chorion of Dobrobikeia",Female,Male,WifeOf
wife of Balak of Khanzit,Balak ibn Bahram ibn Artuq,,Male,WifeOf
Empress Zoe,Emperor Romanos III Argyros,Female,Male,WifeOf
Empress Zoe,Emperor Michael IV Paphlagon,Female,Male,WifeOf
Empress Zoe,Emperor Konstantinos IX Monomachos,Female,Male,WifeOf
"Zoe Doukaina, daughter of Konstantinos X","Adrianos Komnenos, brother of Alexios I",Female,Male,WifeOf
"Eudokia Komnene, sister of Alexios I, wife of Nikephoros Melissenos","Nikephoros Melissenos, kaisar",Female,Male,WifeOf
"Kale, wife of Petros Bombylas","Petros Bombylas, mentioned in synodal decision",Female,Male,WifeOf
"Maria, involved in lawsuit about validity of marriage","Euphemios, involved in lawsuit about validity of marriage",Female,Male,WifeOf
"Mitze, daughter of Petros Bombylas","Leon, mentioned in synodal decision",Female,Male,WifeOf
"Theodora - Xene Komnene, sister of Alexios I Komnenos","Konstantinos Diogenes, son of Romanos IV",Female,Male,WifeOf
"Theodote, mentioned in synodal decision","Basileios, mentioned in synodal decision",Female,Male,WifeOf
"Eudokia, daughter of Alexios I Komnenos","Michael Iasites, husband of Eudokia, daughter of Alexios I",Female,Male,WifeOf
"Maria, daughter of Alexios I Komnenos","Nikephoros Katakalon Euphorbenos, son-in-law of Alexios I",Female,,WifeOf
"Theodora, daughter of Alexios I Komnenos","Konstantinos Angelos, son-in-law of Alexios I",Female,,WifeOf
woman who lured Galesion monk into sleeping with her,host of Galesion monks on estates of monastery,Female,Male,WifeOf
wife of village priest on Mount Galesion,priest of village on Mount Galesion,Female,Male,WifeOf
wife of priest near Mount Galesion,priest near Mount Galesion (?),Female,Male,WifeOf
"Eirene, widow from Ephesos, nun on Galesion","husband of Eirene, nun on Galesion",Female,Male,WifeOf
"Maria (?), wife of Manuel Komnenos Erotikos",Manuel Komnenos Erotikos,Female,Male,WifeOf
"Anna Doukaina, sister of Eirene Doukaina and wife of Georgios Palaiologos",Georgios Palaiologos,Female,Male,WifeOf
"Eirene of Alania, wife of Isaakios Komnenos (brother of Alexios I)","Isaakios Komnenos, elder brother of Alexios I",Female,Male,WifeOf
wife of Konstantinos Dalassenos,Konstantinos Dalassenos,Female,Male,WifeOf
first wife of Konstantinos IX Monomachos,Emperor Konstantinos IX Monomachos,Female,Male,WifeOf
"second wife of Konstantinos IX, aunt of Maria Skleraina",Emperor Konstantinos IX Monomachos,Female,Male,WifeOf
wife of Giorgi (I?) of Abchasia (Maria?),"Georgios/Giorgi I, king of Abchasia and Georgia",Female,Male,WifeOf
wife of Nasr ibn Musharraf al-Rawadifi,"Nasr ibn Musharraf, Arab opponent of Antioch",Female,Male,WifeOf
"Helena, paroikos at Gamma (Meander region)","Goniates, husband of paroikos Helena at Gamma (Meander region)",Female,Male,WifeOf
"Eirene, wife of paroikos Bardas at Baris (Meander valley)","Bardas, paroikos at Baris (Meander valley)",Female,Male,WifeOf
"Eirene, wife of paroikos Georgios at Olynthos (Meander valley)","Georgios, paroikos at Olynthos (Meander valley)",Female,Male,WifeOf
"Eirene, wife of paroikos Kyriakos at Olynthos (Meander valley)","Kyriakos, paroikos at Olynthos (Meander valley)",Female,Male,WifeOf
"Eirene, wife of paroikos Strategos at Olynthos (Meander valley)","Strategos, paroikos at Olynthos (Meander valley)",Female,Male,WifeOf
"Eirene, wife of paroikos Georgios at Gamma (Meander region)","Georgios, paroikos at Gamma (Meander region)",Female,Male,WifeOf
"Eirene, wife of paroikos Agapetos at Berboulidion (Meander valley)","Agapetos, paroikos at Berboulidion (Meander valley)",Female,Male,WifeOf
"Eirene, wife of paroikos Konstantinos at Galaides (Meander valley)","Konstantinos, paroikos at Galaides (Meander valley)",Female,Male,WifeOf
"Eirene, wife of paroikos at Galaides (Meander valley)",paroikos at Galaides (Meander valley),Female,Male,WifeOf
"Eirene, wife of paroikos Leon at Galaides (Meander valley)","Leon, paroikos at Galaides (Meander valley)",Female,Male,WifeOf
"Eirene, wife of epoikos Kyriakos Tzimischis of Patmos","Kyriakos Tzimischis, epoikos on Patmos",Female,Male,WifeOf
"Eirene, wife of epoikos Konstantinos Papadopolos of Patmos","Konstantinos Papadopolos, epoikos on Patmos",Female,Male,WifeOf
"Elizabeth, wife of paroikos Nikolaos at Olynthos (Meander valley)","Nikolaos, paroikos at Olynthos (Meander valley)",Female,Male,WifeOf
"Auberee/Alberada of Buonalbergo, first wife of Robert Guiscard",Robert Guiscard,Female,Male,WifeOf
"Anna, wife of paroikos Ioannes Skrinos at Berboulidion (Meander valley)","Ioannes Skrinos, paroikos at Berboulidion (Meander valley)",Female,Male,WifeOf
"Anna, wife of paroikos Ioannes Tzamines at Berboulidion (Meander valley)","Ioannes Tzamines, paroikos at Berboulidion (Meander valley)",Female,Male,WifeOf
"Anna, wife of paroikos Ioannes Agouritzes at Galaides (Meander valley)","Ioannes Agouritzes, paroikos at Galaides (Meander valley)",Female,Male,WifeOf
"Anna, wife of paroikos Georgios at Melanoudion (Meander  valley)","Georgios, paroikos at Melanoudion (Meander valley)",Female,Male,WifeOf
"Anna, wife of epoikos Basileios Kateas of Patmos","Basileios Kateas, epoikos on Patmos",Female,Male,WifeOf
"Anna, wife of epoikos Ioannes Bagianos of Patmos","Ioannes Bagianos, epoikos on Patmos",Female,Male,WifeOf
"Anna, wife of epoikos Ioannes of Patmos","Ioannes, epoikos on Patmos",Female,Male,WifeOf
"Agathe, wife of paroikos Georgios Phatyris at Galaides (Meander valley)","Georgios Phatyris, paroikos at Galaides (Meander valley)",Female,Male,WifeOf
"Anna, wife of paroikos Georgios Tzibos at Baris (Meander valley)","Georgios Tzibos, paroikos at Baris (Meander valley)",Female,Male,WifeOf
"Anna, paroikos at Baris (Meander valley)","Chasanes (Hasan?), husband of paroikos Anna at Baris (Meander valley)",Female,Male,WifeOf
"Anna, wife of paroikos Michael Chinarios at Baris (Meander valley)","Michael Chinarios, paroikos at Baris (Meander valley)",Female,Male,WifeOf
"Anna, wife  of paroikos Georgios Phanterinos at Olynthos (Meander valley)","Georgios Phanterinos, paroikos at Olynthos (Meander valley)",Female,Male,WifeOf
wife of Kyrillos Phileotes,"Kyrillos Phileotes, holy man at Derkos (Thrace)",Female,Male,WifeOf
wife of inn-keeper who defended Kyrillos Phileotes,inn-keeper who defended reputation of Kyrillos of Philea,Female,Male,WifeOf
"Kale, paroikos at Gamma (Meander region)","Photeinos, husband of paroikos Kale at Gamma (Meander region)",Male,Male,WifeOf
"Kale, wife of paroikos Petros at Galaides (Meander valley)","Petros, paroikos at Galaides (Meander valley)",Female,Male,WifeOf
"Kalla, paroikos at Baris (Meander valley)","Konstantinos Kallas, husband of paroikos Kalla at Baris (Meander valley)",Female,Male,WifeOf
"Kissiane, wife of paroikos Nikephoros at Mantrakle (Meander valley)","Nikephoros, paroikos at Mantrakle (Meander valley)",Female,Male,WifeOf
"Maria, wife of paroikos Moschos at Baris (Meander valley)","Moschos, paroikos at Baris (Meander valley)",Female,Male,WifeOf
"Maria, wife of paroikos Georgios Arkoudas at Baris (Meander valley)","Georgios Arkoudas, paroikos at Baris (Meander valley)",Female,Male,WifeOf
"Maria, paroikos at proasteion of Olynthos (Meander valley)","Ioannes Sapounas, husband of paroikos Maria at Olynthos (Meander valley)",Female,Male,WifeOf
"Maria, wife of paroikos Konstantinos Kakoleon at Berboulidion (Meander valley)","Konstantinos Kakoleon, paroikos at Berboulidion (Meander valley)",Female,Male,WifeOf
"Maria, wife of epoikos Kyriakos of Patmos","Kyriakos, epoikos on Patmos",Female,Male,WifeOf
"Maria, wife of epoikos Niketas Kateas of Patmos","Niketas Kateas, epoikos on Patmos",Female,Male,WifeOf
"Maria, wife of epoikos Ioannes Koundoumas of Patmos","Ioannes Koundoumas, epoikos on Patmos",Female,Male,WifeOf
"Maria, wife of epoikos Ioannes Psomozoules of Patmos","Ioannes Psomozoules, epoikos on Patmos",Female,Male,WifeOf
"Moscho, wife of epoikos Kalos on Patmos","Kalos Patmiotes, epoikos on Patmos",Female,Male,WifeOf
"Theopempte, wife of paroikos Kyriakos Psalidas at Baris (Meander valley)","Kyriakos Psalidas, paroikos at Baris (Meander valley)",Female,Male,WifeOf
"Theopempte, wife of paroikos Petros Kalabros at Melanoudion (Meander valley)","Petros Kalabros, paroikos at Melanoudion (Meander valley)",Female,Male,WifeOf
"Theriane, wife of paroikos Georgios Maurogeorgios at Galaides (Meander valley)","Georgios Maurogeorgios, paroikos at Galaides (Meander valley)",Female,Male,WifeOf
"Maria, landowner at Thessalonike","Theodoros, furrier at Thessalonike",Female,Male,WifeOf
"Maria Lagoudia, donor of land to Lavra","Konstantinos Lagoudes, donor of land to Lavra",Female,Male,WifeOf
"Adelaide of Salona, countess of Sicily, queen of Jerusalem",Roger I of Sicily,Female,Male,WifeOf
"Adelaide of Salona, countess of Sicily, queen of Jerusalem","Baldwin of Boulogne, Baldwin I, king of Jerusalem",Female,Male,WifeOf
wife of epi ton deeseon Nikolaos,"Nikolaos, epi ton deeseon",Female,Male,WifeOf
wife of epi ton deeseon Nikolaos,first husband of wife of epi ton deeseon Nikolaos,Female,Male,WifeOf
mother of Maria Skleraina,"Skleros, father of Maria Skleraina",Female,Male,WifeOf
mother-in-law of Theodoros Dokeianos,father-in-law of Theodoros Dokeianos,Female,Male,WifeOf
wife of relative of Michael Psellos,relative of Michael Psellos with a family to support,Female,Male,WifeOf
"wife of Konstantinos, nephew of Michael Keroularios","Konstantinos, nephew of patriarch Michael I Keroularios",Female,Male,WifeOf
"wife of magistros, krites of Katotika",magistros and krites of Katotika,Female,Male,WifeOf
widow of Anastasios Lizix,"Anastasios Lizix, patrikios, krites and vestarches",Female,Male,WifeOf
"Theodora, widow of Leon Pardos",Leon Pardos,Female,Male,WifeOf
"Meleto, widow of Leon droungarios","Leon droungarios, husband of Meleto",Female,Male,WifeOf
"Meleto, widow of Komes Hypatios","Hypatios, komes, husband of Meleto",Female,Male,WifeOf
"Maria, wife of Theodoros Kamateros",Theodoros Kamateros,Female,Male,WifeOf
"Homonaia, widow of Gerontas kandidatos","Gerontas, kandidatos",Male,Male,WifeOf
"Helene, widow of Rendakios the Athenian",Rendakios the Athenian,Female,Male,WifeOf
"Eudokia, wife of Panaretos spatharios","Panaretos, spatharios",Female,Male,WifeOf
widow of Photios the Athenian,Photios the Athenian,Female,Male,WifeOf
"Rodia, wife of Adralestos","Adralestos, prominent person in Bari",Female,Male,WifeOf
"Elvira of Leon-Castile, wife of Raymond of Toulouse","Raymond of Saint-Gilles, count of Toulouse",Female,Male,WifeOf
pregnant wife of distinguished Arab prince,distinguished Arab prince,Female,Male,WifeOf
wife of Qilij Arslan I,Qilij Arslan ibn Sulayman ibn Qutlumish,Female,Male,WifeOf
second sister of Bohemond of Taranto,William of Grandmesnil,Female,Male,WifeOf
Armenian second wife [Arda?] of Baldwin I of Jerusalem,"Baldwin of Boulogne, Baldwin I, king of Jerusalem",Female,Male,WifeOf
wife of Michael Radenos,"Michael Radenos, proedros and praitor of Thrakesion",Female,Male,WifeOf
wife of friend of Michael Psellos,friend of Michael Psellos,Female,Male,WifeOf
wife of a krites,"potential krites, acquaintance of Michael Psellos",Female,Male,WifeOf
"magistrissa, relative of Michael Psellos","magistros and krites, related by marriage to Michael Psellos",Female,Male,WifeOf
wife of Theodoros Dokeianos,Theodoros Dokeianos,Female,Male,WifeOf
wife of notarios (of Macedonia) Michael,"Michael, notarios (of Macedonia)",Female,Male,WifeOf
wife of notarios of Thrakesion,notarios of Thrakesion,Female,Male,WifeOf
wife of Michael Psellos,Michael Psellos (named Konstantinos till tonsure in 1054),Female,Male,WifeOf
wife of brother of Michael Keroularios,elder brother of Michael Keroularios,Female,Male,WifeOf
wife of Leon Pegonites,"Leon Pegonites, father-in-law of kaisar Ioannes Doukas",Female,Male,WifeOf
"Bertrade de Montfort, mother of king Fulk of Jerusalem","Fulk IV, count of Touraine and Anjou, father of king Fulk",Female,Male,WifeOf
"Cecilia of France, wife of Tancred of Hauteville, then of Pons of Tripoli","Tancred of Hauteville, nephew of Bohemond of Taranto",Female,Male,WifeOf
"Cecilia of France, wife of Tancred of Hauteville, then of Pons of Tripoli","Pons, count of Tripoli",Female,Male,WifeOf
"Constance, daughter of Philip I of France, wife of Bohemond of Taranto",Bohemond of Taranto,Female,Male,WifeOf
"Godehilde of Tosny, wife of Baldwin I of Boulogne","Baldwin of Boulogne, Baldwin I, king of Jerusalem",Female,Male,WifeOf
"Mabel of Roucy, wife of count Hugh of Jaffa","Hugh of Le Puiset, count of Jaffa",Female,Male,WifeOf
"Morphia, countess of Edessa, queen of Jerusalem","Baldwin of Bourcq, Baldwin II, king of Jerusalem",Female,Male,WifeOf
"daughter of Robert Guiscard, married to Raymond of Barcelona","Raymond Berengar, son of count of Barcelona",Female,Male,WifeOf
"daughter of Robert Guiscard, wife of count Euboulos (Ebalus of Roucy?)","Euboulos, son-in-law of Robert Guiscard (count Ebalus of Roucy?)",Female,Male,WifeOf
sister of Sinan ibn 'Ulyan,Hassan ibn al-Mufarrij ibn al-Jarrah (Pinzarach),,Male,WifeOf
first wife of Theodoros Gabras,"Theodoros Gabras, ruler of Trebizond",Female,Male,WifeOf
"Alan princess, second wife of Theodoros Gabras","Theodoros Gabras, ruler of Trebizond",Female,Male,WifeOf
wife of Ioannes Solomon (implicated in Anemas plot),"Ioannes Solomon, senator involved in rebellion of Anemas",Female,Male,WifeOf
wife of Guy of Hauteville,Guy of Hauteville,,Male,WifeOf
"Anna, daughter of Konstantinos Radenos and Sophia","Ioannes Parsakoutenos, protospatharios",Female,Male,WifeOf
wife of donor to monastery of Nea Kome,donor to monastery of Nea Kome,Female,Male,WifeOf
wife of stratiotikos Paulos,"Paulos, stratiotikos",Female,Male,WifeOf
woman whose dowry was contested after her death,"Stephanos, husband involved in dowry case",Female,Male,WifeOf
wife of the nephew of a droungarios,nephew of a droungarios,Female,Male,WifeOf
wife of manglabites Kam(k)ateros,"Kamateros (Kakateros ?), manglabites",Female,Male,WifeOf
daughter of Diatimorites,husband of the daughter of Diatimorites,Female,Male,WifeOf
wife of David Saronites,David Saronites,Female,Male,WifeOf
wife of patrikios Nasr,"Nasr, patrikios",Female,Male,WifeOf
wife of the son of Arotras,son of Arotras,Female,Male,WifeOf
wife of Arotras,"Arotras, who sued his son for marrying without permission",Female,Male,WifeOf
first wife of Kamelaukas,"Kamelaukas, protospatharios",Female,Male,WifeOf
"slave, mistress then wife of Kamelaukas","Kamelaukas, protospatharios",Female,Male,WifeOf
wife of Anemas,"Anemas, whose wife was brought before an inappropriate judge",Female,Male,WifeOf
wife of son of Karandenos (Parandenos ?),son of Karandenos (Parandenos ?),Eunuch,Male,WifeOf
wife of Limnogalaktos,"Limnogalaktos, who burned the document listing his wife's dowry",Female,Male,WifeOf
mother whose second husband provided guarantors for her first family,second husband who provided guarantors for his stepchildren,Female,Male,WifeOf
mother whose second husband provided guarantors for her first family,first husband whose children needed guarantors from his wife's second husband,Female,Male,WifeOf
woman whose dowry came from her step-father's guarantors,"Lambros, who twice made demands on those who guaranteed his wife's estates",Female,Male,WifeOf
daughter of Dermokaïtes,"Roupenes (?), implicated in a case involving financial guarantees",Female,Male,WifeOf
wife of a kourator of the disakkas,kourator of the disakkas,Female,Female,WifeOf
wife of murdered soldier,soldier living in a church complex,Female,Male,WifeOf
wife of Parsakoutenos,Parsakoutenos,Female,Male,WifeOf
daughter of Brachamios,second cousin of Brachamios,Female,Male,WifeOf
daughter of Andronikos Balantes,son of protospatharios and strategos Melias,Female,Male,WifeOf
"Eirene, daughter of Gregorios Taronites","Romanos Saronites, patrikios",Female,Male,WifeOf
"Eudokia, daughter of Anna","Nikolaos, son of Anna",Female,Male,WifeOf
"Maria, daughter of Georgios","Ioannes, brother of Demetrios",Female,Male,WifeOf
"Maria, daughter of Eirene","Demetrios, brother of Ioannes and husband of Maria",Female,Male,WifeOf
"Sophia, daughter of magistros and raiktor Michael","Konstantinos Radenos, protospatharios",Female,,WifeOf
"Theophano, daughter of Ioannes Parsakoutenos","Theophylaktos, son of Romanos Saronites",Female,Male,WifeOf
wife of amir of Edessa,amir of Edessa,Female,Male,WifeOf
wife of amir of Edessa,"Sulayman ibn al-Kurji, Turkish lord of Edessa",Female,Male,WifeOf
"wife of Gagik II, sister of David of Dvin","Gagik II, king of Armenia",Female,Male,WifeOf
"wife of Gagik II, daughter of Dawit' Arcruni","Gagik II, king of Armenia",Female,Male,WifeOf
"Maria, wife of Kassandra landowner Konstantinos Phasoulos","Konstantinos Phasoulos, landowner at Kassandra (Chalkidike)",Female,Male,WifeOf
"Maria, daughter of Michael (brother of kouboukleisios Leon)","husband of Maria, daughter of Michael",Female,Male,WifeOf
"Theodote, mother of Michael Psellos",father of Michael Psellos,Female,Male,WifeOf
"Eirene Pegonitissa, wife of Ioannes the kaisar","Ioannes Doukas, kaisar",Female,Male,WifeOf
"[Emeline], wife of Folbert of Bouillon",Folbert of Bouillon,Female,Male,WifeOf
"[Emeline], wife of Folbert of Bouillon",Turkish knight who married a Christian,Female,Male,WifeOf
[Ida] of Louvain,"Baldwin of Mons, count of Hainault",Female,Male,WifeOf
wife of Adrianos - Ioannes Komnenos,"Adrianos Komnenos, later Ioannes, archbishop of Bulgaria [1141, 1157]",,,WifeOf
"Cecilia of Bourcq, sister of Baldwin II, wife of Roger of Antioch","Roger of Salerno, prince (regent?) of Antioch",,Male,WifeOf
wife of Frankish client of bathhouse at Ma'arrat al-Nu'man,Frankish client of bathhouse at Ma'arrat al-Nu'man,,,WifeOf
"wife of Thoros, doux of Edessa","Thoros, doux of Edessa",,Male,WifeOf
"sister of Nikephoros Bryennios, wife of Marianos Maurokatakalon","Marianos Maurokatakalon, military commander",,Male,WifeOf
wife of Melikshah,"Melikshah, Seljuk sultan of Rum",,,WifeOf
"beloved eldest daughter of Konstantinos, nephew of Keroularios, married to Iasites","Iasites, son-in-law of Konstantinos, nephew of Keroularios",,,WifeOf
"sister of Ilghazi ibn Artuq, wife of Yinal ibn Anushtakin",al-Amir Yinal b. Anushtakin al Husami,,,WifeOf
"Wife of caliph Muhammad, sister of Mawdud ibn Isma'il","Muhammad ibn Malik-Shah, Seljuq sultan",,,WifeOf
"Aikaterine of Bulgaria, wife of Isaakios I Komnenos",Samuel of Bulgaria,Female,Male,DaughterOf
"Anna Komnene, daughter of Alexios I and historian","Eirene Doukaina, wife of Alexios I",Female,Female,DaughterOf
"Eirene Doukaina, wife of Alexios I","Andronikos Doukas, son of the kaisar Ioannes",Female,Male,DaughterOf
"Eirene Doukaina, wife of Alexios I","Maria of Bulgaria, wife of Andronikos Doukas",Female,Female,DaughterOf
"Eudokia, daughter of Konstantinos VIII",Emperor Konstantinos VIII,Female,Male,DaughterOf
"Eudokia, daughter of Konstantinos VIII","Helena, wife of Konstantinos VIII",Female,Female,DaughterOf
"Maria Komnene, sister of Alexios I, wife of Michael Taronites","Ioannes Komnenos, father of Alexios I",Female,Male,DaughterOf
"Theodote, mother of Michael Psellos",paternal grandfather of Michael Psellos,Female,Male,DaughterOf
"Eirene Pegonitissa, wife of Ioannes the kaisar","Leon Pegonites, father-in-law of kaisar Ioannes Doukas",Female,Male,DaughterOf
"beloved eldest daughter of Konstantinos, nephew of Keroularios, married to Iasites","Konstantinos, nephew of patriarch Michael I Keroularios",,Male,DaughterOf
"beloved eldest daughter of Konstantinos, nephew of Keroularios, married to Iasites","wife of Konstantinos, nephew of Michael Keroularios",,Female,DaughterOf
Emperor Alexios I Komnenos,"Adrianos Komnenos, brother of Alexios I",Male,Male,BrotherOf
Emperor Alexios I Komnenos,"Nikephoros Komnenos, brother of Alexios I",Male,Male,BrotherOf
"Andronikos Doukas, son of the kaisar Ioannes","Konstantinos Doukas, son of Kaisar Ioannes",Male,Male,BrotherOf
"Álmos, brother of István II of Hungary","István II, king of Hungary",Male,Male,BrotherOf
elder brother of Michael Keroularios,"Michael I Keroularios, patriarch of Constantinople",Male,Male,BrotherOf
"Ananias, brother of Armenian katholikos Gagik/Xac'ik I Anec'i","Xach'ik I Anec'i, Armenian katholikos",Male,Male,BrotherOf
"Michael Radenos, proedros and praitor of Thrakesion","Christophoros, younger brother of Michael Radenos",Male,Male,BrotherOf
Boleslav III,"Oldřich, duke of Bohemia",,,BrotherOf
Emperor Alexios I Komnenos,Emperor Manuel I Komnenos,Male,,GrandFatherOf
Emperor Alexios I Komnenos,"Alexios Komnenos Bryennios, son of Anna Komnene",Male,,GrandFatherOf
"Georgios/Gregorios Psellos, father of Iveron donor Basileios","Konstantinos, protopsaltes and donor to Iveron",Male,Male,GrandFatherOf
"Ioannes Doukas, kaisar","Michael Doukas, brother of Eirene Doukaina",Male,,GrandFatherOf
"Ioannes Doukas, kaisar","Ioannes Doukas, brother of Eirene Doukaina",Male,Male,GrandFatherOf
"Ioannes Doukas, kaisar","Eirene Doukaina, wife of Alexios I",Male,Female,GrandFatherOf
"Isaakios Komnenos, elder brother of Alexios I",Maria Komnene,Male,,GrandFatherOf
Emperor Konstantinos X Doukas,"Konstantinos Doukas porphyrogennetos, son of Michael VII",Male,Male,GrandFatherOf
Michael Psellos (named Konstantinos till tonsure in 1054),infant grandchild of Michael Psellos,Male,Male,GrandFatherOf
Michael Psellos (named Konstantinos till tonsure in 1054),"grandson of Michael Psellos, protégé  of Theophylaktos of Ohrid",Male,Male,GrandFatherOf
"Michael Bourtzes, doux of Antioch","Michael Bourtzes, vestarches",Male,Male,GrandFatherOf
"Michael Bourtzes, doux of Antioch","Samuel Bourtzes, patrikios",Male,Male,GrandFatherOf
"Michael Bourtzes, doux of Antioch","Theognostos, grandson of Michael Bourtzes",Male,Male,GrandFatherOf
Emperor Nikephoros III Botaneiates,"Botaneiates, grandson (Nikephoros?) of Nikephoros III",Male,Male,GrandFatherOf
"Nikephoros Bryennios, kaisar, husband of Anna Komnene","Alexios (Doukas), sebastos, son of Eirene, daughter of Anna Komnene",Male,,GrandFatherOf
"Romanos Skleros, brother of Maria Skleraina","Skleros, grandson of Romanos (brother of Skleraina)",Male,Male,GrandFatherOf
Manuel Komnenos Erotikos,Emperor Alexios I Komnenos,Male,Male,GrandFatherOf
"Klemes, grandfather of priest Gregorios of Leaskobitza","Gregorios, priest at Leaskobitza (Macedonia)",Male,,GrandFatherOf
"Kyriakos Melimauras, villager at Philea",grandson of Kyriakos Melimauras of Philea,Male,,GrandFatherOf
"Damianos, grandfather of witness of Lavra act Ioannes","Ioannes, witness of Lavra act (at Constantinople?)",Male,Male,GrandFatherOf
bishop of Hierissos in 1080,"Georgios, grandson and oikonomos of bishop of Hierissos",Male,Male,GrandFatherOf
"Stribeles, grandfather of inhabitant of Adrameri Ioannes","Ioannes, inhabitant of Adrameri in Chalkidike",Male,Male,GrandFatherOf
"Andronikos Doukas, father of kaisar Ioannes Doukas","Andronikos Doukas, son of the kaisar Ioannes",Male,Male,GrandFatherOf
"Theodoros notarios, grandfather of Theophylaktos","Theophylaktos, grandson of Theodoros and son of Konstantinos",Male,Male,GrandFatherOf
"Sisinios, archon from Thebes","Sisinios, grandson of Sisinios the archon from Thebes",Male,Male,GrandFatherOf
Baanes Boundarchos,"Nikolaos, son of Galaton",Male,Male,GrandFatherOf
"Gerontas, protospatharios, grandfather of Symeon","Symeon, son of Gerontas, grandson of Gerontas protospatharios",Male,Male,GrandFatherOf
Aksungur (Aqsunqur) of Aleppo,Nur al-Din al-Malik al-'Adil of Aleppo,Male,,GrandFatherOf
"Baldwin of Bourcq, Baldwin II, king of Jerusalem","Baldwin III, king of Jerusalem",Male,,GrandFatherOf
Hugh I Embriaco of Jubail,Hugh II Embriaco of Jubail,Male,Male,GrandFatherOf
seller of an estate to Marandos,grandson of the seller of an estate to Marandos,Male,Male,GrandFatherOf
father of wife of donor to Nea Kome (monastery),daughter of donor to monastery of Nea Kome,Male,Female,GrandFatherOf
seller of buildings to the convent of Eleousa,entrant to the Chora monastery,Male,Male,GrandFatherOf
Mororeon (?),granddaughter of Mororeon,Male,Female,GrandFatherOf
"Pankratios Taronites, patrikios","Theophano, daughter of Agathe",Male,Female,GrandFatherOf
"maistor, grandfather of nomikos and klerikos of Hagia Sophia Ioannes","Ioannes, klerikos of Hagia Sophia (of Thessalonike) and nomikos",Male,Male,GrandFatherOf
grandfather of Romanos Skleros (brother of Skleraina),"Romanos Skleros, brother of Maria Skleraina",Male,Male,GrandFatherOf
Emperor Alexios I Komnenos,"(Ioannes) Bryennios the patrikios, father of the kaisar",Male,Male,FatherOf
Emperor Konstantinos VIII,Emperor Romanos III Argyros,Male,Male,FatherOf
Emperor Alexios I Komnenos,"Nikephoros Bryennios, kaisar, husband of Anna Komnene",Male,Male,FatherOf
Emperor Alexios I Komnenos,"Michael Iasites, husband of Eudokia, daughter of Alexios I",Male,Male,FatherOf
Emperor Alexios I Komnenos,"Konstantinos Doukas porphyrogennetos, son of Michael VII",Male,Male,FatherOf
"Tempinas, citizen of Hierissos (?)","Symeon, citizen of Hierissos",Male,Male,FatherOf
"Sklabopapas, father-in-law of tax-payer at Dobrobikeia","Marianos Stromonites, tax-payer at chorion of Dobrobikeia",Male,Male,FatherOf
"Manglabites, father-in-law of Iveron act witness Basileios","Basileios, son-in-law of Manglabites",Male,Male,FatherOf
"Psellos, father-in-law of Georgios Polites",Georgios Polites,Male,Male,FatherOf
"Brichotos, father-in-law of Iveron act witness Konstantinos","Konstantinos, son-in-law of Brichotos",Male,Male,FatherOf
"Berymos, father-in-law of Iveron act witness Strategios","Strategios Berymos, witness of Iveron act",Male,Male,FatherOf
"Basileios Pollybodas, koubouklesios at Kastri (Strymon)","Leon, son-in-law of Basileios Pollybodas",Male,Male,FatherOf
"Bileles, protospatharios","Petros, tax-payer at chorion of Obilos",Male,Male,FatherOf
Eustathios Boilas,"Michael, son-in-law of Eustathios Boilas",Male,Male,FatherOf
Eustathios Boilas,"Gregorios, son-in-law of Eustathios Boilas",Male,Male,FatherOf
"Gostelos, father-in-law of tax-payer at Dobrobikeia","Theodoros, tax-payer at chorion of Dobrobikeia",Male,Male,FatherOf
"Ioannes Doukas, kaisar","Maria of Bulgaria, wife of Andronikos Doukas",Male,Female,FatherOf
"Ioannes Komnenos, father of Alexios I","Eirene Doukaina, wife of Alexios I",Male,Female,FatherOf
"Ioannes Batatzes, supporter of Leon Tornikios",Leon Tornikios,Male,Male,FatherOf
"Ioannes, father-in-law of tax-payer at Dobrobikeia","Eustathios, tax-payer at chorion of Dobrobikeia",Male,Male,FatherOf
"Ioannilos, father-in-law of tax-payer at Dobrobikeia","Nesnastros, tax-payer at chorion of Dobrobikeia",Male,Male,FatherOf
Konstantinos Dalassenos,Emperor Konstantinos X Doukas,Male,Male,FatherOf
"Konstantinos, nephew of patriarch Michael I Keroularios","Georgios exaktor, son-in-law of Konstantinos (nephew of Keroularios), and grandfather of Tzetzes",Male,,FatherOf
"Kyriakos Belaites, father of tax-payer at Dobrobikeia","Nikolaos, tax-payer at chorion of Dobrobikeia",Male,Male,FatherOf
"Leon, father-in-law of tax-payer at Dobrobikeia","Georgios, tax-payer at chorion of Dobrobikeia",Male,Male,FatherOf
Michael Psellos (named Konstantinos till tonsure in 1054),"Elpidios Kenchres, affianced son-in-law of Michael Psellos",Male,Male,FatherOf
"Michael, father-in-law of tax-payer of Dobrobikeia","Anastasios Podogorianites, tax-payer at Dobrobikeia",Male,Male,FatherOf
"Nesnastres, father-in-law of tax-payer at Dobrobikeia","Petros, tax-payer at chorion of Dobrobikeia",Male,Male,FatherOf
"Nikolaos Petharas, witness of Iveron act","Leon, witness of Iveron act",Male,Male,FatherOf
"Paschales, citizen of Hierissos (?)","Demetrios, citizen of Hierissos",Male,Male,FatherOf
"Theodoros, priest in Macedonia","Basileios Ktistes, witness of Iveron act",Male,Male,FatherOf
"Tzachas/Chaka, Turkish amir",Qilij Arslan ibn Sulayman ibn Qutlumish,Male,Male,FatherOf
"Georgios Phatyris, paroikos at Galaides (Meander valley)","Konstantinos, paroikos at Galaides (Meander valley)",Male,Male,FatherOf
"Konstantinos Kalamiotes Persikoures, epoikos on Patmos","Maria, daughter-in-law of epoikos Konstantinos Kalamiotes Persikoures on Patmos",Male,Female,FatherOf
"Nikephoros, paroikos at Mantrakle (Meander valley)","Leon, son-in-law of paroikos Nikephoros at Mantrakle (Meander valley)",Male,Male,FatherOf
"Kakoletos, father-in-law of inhabitant of Adrameri Nikolaos","Nikolaos, inhabitant of Adrameri in Chalkidike",Male,Male,FatherOf
"Theophanes, spatharokandidatos and komes kortes","Nikolaos, son-in-law of Theophanes",Male,Male,FatherOf
Sergios Betelakes,Rendakios the Athenian,Male,Male,FatherOf
Panaretos the Athenian,son-in-law of Panaretos the Athenian,Male,Male,FatherOf
"Damianos, father-in-law of Ioannes","Ioannes, son-in-law of Damianos",Male,Male,FatherOf
"Philagres, father-in-law of Leon","Leon, son-in-law of Philagres and heir of Eirenaios (?)",Male,Male,FatherOf
Ploutinos,"Daniel, droungarios, son-in-law of Ploutinos",Male,Male,FatherOf
"Poletianos, father(-in-law) of Demetrios","Demetrios, son(-in-law) of Poletianos",Male,Male,FatherOf
sebastokrator,Isaakios Komnenodoukas,Male,Male,FatherOf
Paulos Armenopolos,"Bardas, son-in-law of the doux and vestarches Paulos",Male,Male,FatherOf
"Georgios Kalaphates, paroikos of Nea Mone at Kalothekia","Moschos, paroikos of Nea Mone at Kalothekia",Male,Male,FatherOf
"Baldwin of Bourcq, Baldwin II, king of Jerusalem","Bohemond II Guiscard, prince of Antioch",Male,,FatherOf
"Baldwin of Bourcq, Baldwin II, king of Jerusalem","Fulk V, count of Anjou, king of Jerusalem",Male,,FatherOf
"Gabriel (Khoril), amir, doux of Melitene","Baldwin of Bourcq, Baldwin II, king of Jerusalem",Male,Male,FatherOf
"Philip I, king of France",Bohemond of Taranto,Male,Male,FatherOf
"Taphnuz, father-in-law of Baldwin I of Jerusalem","Baldwin of Boulogne, Baldwin I, king of Jerusalem",Male,Male,FatherOf
Andronikos Balantes,son of protospatharios and strategos Melias,Male,Male,FatherOf
father-in-law of son of Arotras,son of Arotras,Male,Male,FatherOf
"Dermokaites, involved in a trial over financial guarantees","Roupenes (?), implicated in a case involving financial guarantees",Male,Male,FatherOf
"Ioannes Parsakoutenos, protospatharios","Theophylaktos, son of Romanos Saronites",Male,Male,FatherOf
"Ashot IV the Brave, king of Armenia","Abu'l-Aswar, ruler of Dvin",Male,Male,FatherOf
"Konstantinos Phasoulos, landowner at Kassandra (Chalkidike)","Konstantinos, priest and (son?) in-law of landowner Konstantinos Phasoulos",Male,Male,FatherOf
father-in-law of Theodoros Dokeianos,Theodoros Dokeianos,Male,Male,FatherOf
"father-in-law of Richard, prince of Capua","Richard, prince of Capua",,,FatherOf
Emperor Alexios I Komnenos,"Ioannes Komnenos, father of Alexios I",Male,Male,SonOf
Emperor Alexios I Komnenos,Theodoros Dokeianos,Male,Male,CousinOf
"Andronikos Doukas, son of the kaisar Ioannes",Emperor Michael VII Doukas,Male,Male,CousinOf
"Andronikos Doukas, son of the kaisar Ioannes","Andronikos Doukas, brother of Michael VII",Male,Male,CousinOf
"Andronikos Doukas, son of the kaisar Ioannes","Konstantios Doukas, brother of Michael VII",Male,Male,CousinOf
"Andronikos Doukas, brother of Michael VII","Andronikos Doukas, son of the kaisar Ioannes",Male,Male,CousinOf
father of Kekaumenos (the author),"Ioannes Maios, episkeptites (?) of Arabissos",Male,Male,CousinOf
"cousin of Christophoros and Georgios, beneficiaries in will of Boilas","Christophoros, beneficiary in will of Eustathios Boilas",Male,Male,CousinOf
"cousin of Christophoros and Georgios, beneficiaries in will of Boilas","Georgios, beneficiary in will of Eustathios Boilas",Male,Male,CousinOf
Basileios Kourtikios,Georgios Palaiologos,Male,Male,CousinOf
Bohemond of Taranto,huge cousin of Bohemond,Male,,CousinOf
"Christophoros, beneficiary in will of Eustathios Boilas","cousin of Christophoros and Georgios, beneficiaries in will of Boilas",Male,Male,CousinOf
Empress Eudokia Makrembolitissa,"Konstantinos, nephew of patriarch Michael I Keroularios",Female,Male,CousinOf
Empress Eudokia Makrembolitissa,"Nikephoros, nephew of patriarch Michael I Keroularios",Female,Male,CousinOf
Georgios Palaiologos,Basileios Kourtikios,Male,Male,CousinOf
"Georgios, beneficiary in will of Eustathios Boilas","cousin of Christophoros and Georgios, beneficiaries in will of Boilas",Male,Male,CousinOf
"Gregorios Taronites, rebel under Alexios I","Ioannes Taronites (Taronitopoulos), doux of Skopje",Male,Male,CousinOf
"Ioannes Taronites (Taronitopoulos), doux of Skopje","Gregorios Taronites, rebel under Alexios I",Male,Male,CousinOf
"Ioannes Maios, episkeptites (?) of Arabissos",father of Kekaumenos (the author),Male,Male,CousinOf
"Isaakios Komnenos, elder brother of Alexios I","Maria of Alania, empress",Male,Female,CousinOf
Emperor Konstantinos IX Monomachos,"Theodosios Monomachos, cousin of Konstantinos IX",Male,Male,CousinOf
"Konstantinos Doukas, son of Kaisar Ioannes",Emperor Michael VII Doukas,Male,Male,CousinOf
"Konstantinos, nephew of patriarch Michael I Keroularios",Empress Eudokia Makrembolitissa,Male,Female,CousinOf
"Konstantios Doukas, brother of Michael VII","Andronikos Doukas, son of the kaisar Ioannes",Male,Male,CousinOf
Leon Tornikios,"Euprepeia, sister of Konstantinos IX",Male,Female,CousinOf
Pope Leo IX,Frederick of Lorraine,Male,,CousinOf
"Maria of Alania, empress","Eirene of Alania, wife of Isaakios Komnenos (brother of Alexios I)",Female,Female,CousinOf
"Maria of Alania, empress","Isaakios Komnenos, elder brother of Alexios I",Female,Male,CousinOf
Emperor Michael VII Doukas,"Andronikos Doukas, son of the kaisar Ioannes",Male,Male,CousinOf
Emperor Michael VII Doukas,"Konstantinos Doukas, son of Kaisar Ioannes",Male,Male,CousinOf
"Nikephoros, nephew of patriarch Michael I Keroularios",Empress Eudokia Makrembolitissa,Male,Female,CousinOf
Theodoros Dokeianos,Emperor Alexios I Komnenos,Male,Male,CousinOf
"Theodosios, bishop of Devol",Emperor Konstantinos IX Monomachos,Male,Male,CousinOf
"Krasas, cousin of Euphrosyne Bobaina","Euphrosyne Bobaina, aunt of Michael Attaleiates' wife",Male,Female,CousinOf
"Helena, mentioned in synodal decision","Theodote, mentioned in synodal decision",Female,Female,CousinOf
"Theodote, mentioned in synodal decision","Helena, mentioned in synodal decision",Female,Female,CousinOf
"Eirene of Alania, wife of Isaakios Komnenos (brother of Alexios I)","Maria of Alania, empress",Female,Female,CousinOf
"Eirene of Alania, wife of Isaakios Komnenos (brother of Alexios I)","Alan princess, second wife of Theodoros Gabras",Female,Female,CousinOf
"Euprepeia, sister of Konstantinos IX",Leon Tornikios,Female,Male,CousinOf
cousin of Gregorios Pakourianos,"Gregorios Pakourianos, megas domestikos",Male,Male,CousinOf
father of Romanos III Argyros,Emperor Romanos II,Male,,CousinOf
Muqallad ibn Kamil ibn Mirdas,Shibl al-Dawla Abu Kamil Nasr ibn Salih ibn Mirdas,Male,Male,CousinOf
Muqallad ibn Kamil ibn Mirdas,"Mu'izz al-Dawla Thimal, Mirdasid lord of Aleppo",Male,,CousinOf
Shibl al-Dawla Abu Kamil Nasr ibn Salih ibn Mirdas,Muqallad ibn Kamil ibn Mirdas,Male,Male,CousinOf
"Nikolaos Stribos, landowner at Thessalonike","Maria, landowner at Thessalonike",Male,Female,CousinOf
"Nikolaos Stribos, landowner at Thessalonike","Ioannes, landowner at Thessalonike",Male,Male,CousinOf
"Maria, landowner at Thessalonike","Nikolaos Stribos, landowner at Thessalonike",Female,Male,CousinOf
"Ioannes, landowner at Thessalonike","Nikolaos Stribos, landowner at Thessalonike",Male,Male,CousinOf
"Philippos, son of Agallianos",Konstantinos the bishop,Male,Male,CousinOf
Konstantinos the bishop,"Philippos, son of Agallianos",Male,Male,CousinOf
"Leon, cousin of Adralestos","Adralestos, prominent person in Bari",Male,Male,CousinOf
"Adralestos, prominent person in Bari","Leon, cousin of Adralestos",Male,Male,CousinOf
"Baldwin of Bourcq, Baldwin II, king of Jerusalem","Joscelin I of Courtenay, count of Edessa",Male,Male,CousinOf
"Joscelin I of Courtenay, count of Edessa","Baldwin of Bourcq, Baldwin II, king of Jerusalem",Male,Male,CousinOf
Najm al-Din Ilghazi ibn Artuq,"Savanj, besieged by Fatimids in Jerusalem",Male,,CousinOf
"Alan princess, second wife of Theodoros Gabras","Eirene of Alania, wife of Isaakios Komnenos (brother of Alexios I)",Female,Female,CousinOf
"Nikephoros Exazenos Hyaleas, doux of Smyrna","Konstantinos Exazenos Doukas, military leader involved in rebellion of Anemas",Male,Male,CousinOf
"Konstantinos Exazenos Doukas, military leader involved in rebellion of Anemas","Nikephoros Exazenos Hyaleas, doux of Smyrna",Male,Male,CousinOf
"Maria, daughter of Mitze","Nikolaos, son of Anna",Female,Male,CousinOf
"Nikolaos, patrikios and eparchos","Maria, daughter of Mitze",Male,Female,CousinOf
"Theodoulos, founder of Hagios Nikolaos Chrysokamarou on Athos","Xenophon, founder of Xenophontos on Athos",Male,Male,CousinOf
"Xenophon, founder of Xenophontos on Athos","Theodoulos, founder of Hagios Nikolaos Chrysokamarou on Athos",Male,Male,CousinOf
Frederick of Lorraine,Pope Leo IX,,Male,CousinOf
Frederick of Lorraine,"king, relative of Frederick of Lorraine",,,CousinOf
"king, relative of Frederick of Lorraine",Frederick of Lorraine,,,CousinOf
"Suqman ibn Artuq, ex-ruler of Jerusalem","Savanj, besieged by Fatimids in Jerusalem",Male,,CousinOf
"Georgios Tornikes, man of letters and metropolitan of Ephesos","Euthymios, cousin of Georgios Tornikes",,,CousinOf
"Mu'izz al-Dawla Thimal, Mirdasid lord of Aleppo",Muqallad ibn Kamil ibn Mirdas,,Male,CousinOf
huge cousin of Bohemond,Bohemond of Taranto,,Male,CousinOf
"Savanj, besieged by Fatimids in Jerusalem","Suqman ibn Artuq, ex-ruler of Jerusalem",,Male,CousinOf
"Savanj, besieged by Fatimids in Jerusalem",Najm al-Din Ilghazi ibn Artuq,,Male,CousinOf
Emperor Alexios I Komnenos,Manuel Komnenos Erotikos,Male,Male,GrandSonOf
"Andronikos Doukas, son of the kaisar Ioannes","Andronikos Doukas, father of kaisar Ioannes Doukas",Male,Male,GrandSonOf
"(Ioannes) Bryennios the patrikios, father of the kaisar","Anna the kouropalatissa, mother of Nikephoros Bryennios the usurper",Male,Female,GrandSonOf
"grandson of Michael Psellos, protégé  of Theophylaktos of Ohrid",Michael Psellos (named Konstantinos till tonsure in 1054),Male,Male,GrandSonOf
"Kekaumenos, author of the Strategikon","Kekaumenos, grandfather of author",Male,Male,GrandSonOf
"Kekaumenos, author of the Strategikon","Demetrios Polemarchios, grandfather of Kekaumenos",Male,Male,GrandSonOf
Bardas Phokas the younger,"Bardas Phokas the elder, doux of Antioch",Male,,GrandSonOf
"Ioannes Doukas, brother of Eirene Doukaina","Ioannes Doukas, kaisar",Male,Male,GrandSonOf
"Ioannes Doukas, brother of Eirene Doukaina","Eirene Pegonitissa, wife of Ioannes the kaisar",Male,Female,GrandSonOf
"Konstantinos Doukas porphyrogennetos, son of Michael VII",Emperor Konstantinos X Doukas,Male,Male,GrandSonOf
"Konstantinos, protopsaltes and donor to Iveron","Georgios/Gregorios Psellos, father of Iveron donor Basileios",Male,Male,GrandSonOf
"Michael Bourtzes, vestarches","Michael Bourtzes, doux of Antioch",Male,Male,GrandSonOf
"Michael Doukas, brother of Eirene Doukaina","Ioannes Doukas, kaisar",,Male,GrandSonOf
"Michael Doukas, brother of Eirene Doukaina","Eirene Pegonitissa, wife of Ioannes the kaisar",,Female,GrandSonOf
"Romanos Skleros, brother of Maria Skleraina",grandfather of Romanos Skleros (brother of Skleraina),Male,Male,GrandSonOf
"Samuel Bourtzes, patrikios","Michael Bourtzes, doux of Antioch",Male,Male,GrandSonOf
"Theognostos, grandson of Michael Bourtzes","Michael Bourtzes, doux of Antioch",Male,Male,GrandSonOf
infant grandchild of Michael Psellos,Michael Psellos (named Konstantinos till tonsure in 1054),Male,Male,GrandSonOf
"Ioannes, grandson of paroikos Kale at Gamma (Meander region)","Kale, paroikos at Gamma (Meander region)",Male,Male,GrandSonOf
"Niketas, grandson of epoikos Kyriake of Patmos","Kyriake, epoikos on Patmos",Male,Female,GrandSonOf
"Ioannes, witness of Lavra act (at Constantinople?)","Damianos, grandfather of witness of Lavra act Ioannes",Male,Male,GrandSonOf
"Ioannes, inhabitant of Adrameri in Chalkidike","Stribeles, grandfather of inhabitant of Adrameri Ioannes",Male,Male,GrandSonOf
"Georgios, grandson and oikonomos of bishop of Hierissos",bishop of Hierissos in 1080,Male,Male,GrandSonOf
"Theophylaktos, grandson of Theodoros and son of Konstantinos","Theodoros notarios, grandfather of Theophylaktos",Male,Male,GrandSonOf
"Symeon, son of Gerontas, grandson of Gerontas protospatharios","Gerontas, protospatharios, grandfather of Symeon",Male,Male,GrandSonOf
"Sisinios, grandson of Sisinios the archon from Thebes","Sisinios, archon from Thebes",Male,Male,GrandSonOf
"Nikolaos, son of Galaton",Baanes Boundarchos,Male,Male,GrandSonOf
"Niketas, grandson of Baanes",Baanes Boundarchos,Male,Male,GrandSonOf
sebastos,"Eumathios Philokales, grammatikos",Male,,GrandSonOf
Hugh II Embriaco of Jubail,Hugh I Embriaco of Jubail,Male,Male,GrandSonOf
"Botaneiates, grandson (Nikephoros?) of Nikephoros III",Emperor Nikephoros III Botaneiates,Male,Male,GrandSonOf
grandson of Maria Kastorissa,"Maria Kastorissa, patrikia",Male,Female,GrandSonOf
grandson of the seller of an estate to Marandos,seller of an estate to Marandos,Male,Male,GrandSonOf
entrant to the Chora monastery,seller of buildings to the convent of Eleousa,Male,Male,GrandSonOf
"Ioannes, klerikos of Hagia Sophia (of Thessalonike) and nomikos","maistor, grandfather of nomikos and klerikos of Hagia Sophia Ioannes",Male,Male,GrandSonOf
"Skleros, grandson of Romanos (brother of Skleraina)","Romanos Skleros, brother of Maria Skleraina",Male,Male,GrandSonOf
"Ioannes Iberitzes, protospatharios and vestiarites","Stephanos Iberitzes, protospatharios",Male,,GrandSonOf
"Ioannes Iberitzes, protospatharios and vestiarites",grandmother of Ioannes Iberitzes,Male,,GrandSonOf
Emperor Konstantinos VIII,Emperor Konstantinos VII Porphyrogennetos,Male,,GrandSonOf
Emperor Romanos III Argyros,"Romanos Argyros/Argyropoulos, grandfather of Romanos III",Male,,GrandSonOf
Emperor Alexios I Komnenos,Georgios Palaiologos,Male,Male,HusbandOf
Georgios Palaiologos,Emperor Alexios I Komnenos,Male,Male,HusbandOf
Emperor Alexios I Komnenos,Emperor Alexios III Angelos,Male,,GreatGrandFatherOf
Emperor Alexios I Komnenos,"Godfrey of Bouillon, duke of Lower Lorraine, first Latin ruler of Jerusalem",Male,Male,FatherOf
Emperor Michael VI Stratiotikos,Emperor Isaakios I Komnenos,Male,Male,FatherOf
Michael Psellos (named Konstantinos till tonsure in 1054),"Euphemia, adopted daughter of Michael Psellos",Male,Female,FatherOf
"Thoros, doux of Edessa","Baldwin of Boulogne, Baldwin I, king of Jerusalem",Male,Male,FatherOf
"Godfrey Struma (the Hunchback), duke of Lorraine","Godfrey of Bouillon, duke of Lower Lorraine, first Latin ruler of Jerusalem",Male,Male,FatherOf
Emperor Alexios I Komnenos,"Maria of Alania, empress",Male,Female,AdoptedSonOf
Emperor Isaakios I Komnenos,Emperor Michael VI Stratiotikos,Male,Male,AdoptedSonOf
Emperor Michael V Kalaphates,Empress Zoe,Male,Female,AdoptedSonOf
"Ignatios, brother of Lazaros of Galesion","Iouditta, patron of Lazaros of Galesion",Male,Female,AdoptedSonOf
"Baldwin of Boulogne, Baldwin I, king of Jerusalem","Thoros, doux of Edessa",Male,Male,AdoptedSonOf
"Godfrey of Bouillon, duke of Lower Lorraine, first Latin ruler of Jerusalem",Emperor Alexios I Komnenos,Male,Male,AdoptedSonOf
"Godfrey of Bouillon, duke of Lower Lorraine, first Latin ruler of Jerusalem","Godfrey Struma (the Hunchback), duke of Lorraine",Male,Male,AdoptedSonOf
Emperor Alexios I Komnenos,"Michael, logothetes of the sekreta and gambros of the Komnenoi",Male,,UncleOf
Emperor Romanos III Argyros,Emperor Konstantinos IX Monomachos,Male,Male,UncleOf
Emperor Romanos III Argyros,"Konstantinos Diogenes, father of Romanos IV",Male,Male,UncleOf
"Alousianos, son of Ioannes/John Vladislav","Aaron, brother of Alousianos",Male,Male,SonOf
"Isaakios Komnenos, elder brother of Alexios I","Ioannes Komnenos, father of Alexios I",Male,Male,SonOf
"Anastasios Podogorianites, tax-payer at Dobrobikeia","Michael, father-in-law of tax-payer of Dobrobikeia",Male,Male,SonInLawOf
"Abu'l-Aswar, ruler of Dvin","Ashot IV the Brave, king of Armenia",Male,Male,SonInLawOf
"Basileios, son-in-law of Manglabites","Manglabites, father-in-law of Iveron act witness Basileios",Male,Male,SonInLawOf
"Basileios Ktistes, witness of Iveron act","Theodoros, priest in Macedonia",Male,Male,SonInLawOf
"Blasios Stromonites, tax-payer at chorion of Dobrobikeia","Kaletza, mother-in-law of tax-payer at Dobrobikeia",Male,Female,SonInLawOf
Bohemond of Taranto,"Philip I, king of France",Male,Male,SonInLawOf
"Demetrios, citizen of Hierissos","Paschales, citizen of Hierissos (?)",Male,Male,SonInLawOf
"Eustathios, tax-payer at chorion of Dobrobikeia","Ioannes, father-in-law of tax-payer at Dobrobikeia",Male,Male,SonInLawOf
Georgios Palaiologos,"Maria of Bulgaria, wife of Andronikos Doukas",Male,Female,SonInLawOf
"Georgios, tax-payer at chorion of Dobrobikeia","Leon, father-in-law of tax-payer at Dobrobikeia",Male,Male,SonInLawOf
Georgios Polites,"Psellos, father-in-law of Georgios Polites",Male,Male,SonInLawOf
"Gregorios, son-in-law of Eustathios Boilas",Eustathios Boilas,Male,Male,SonInLawOf
"Ioannes, son-in-law of a baker and witness to Iveron act","baker, mother-in-law of Iveron act witness Ioannes",Male,Female,SonInLawOf
Emperor Konstantinos IX Monomachos,father of first wife of Konstantinos IX,Male,,SonInLawOf
Emperor Konstantinos X Doukas,Konstantinos Dalassenos,Male,Male,SonInLawOf
"Konstantinos Doukas porphyrogennetos, son of Michael VII",Emperor Alexios I Komnenos,Male,Male,SonInLawOf
"Konstantinos Doukas porphyrogennetos, son of Michael VII","Eirene Doukaina, wife of Alexios I",Male,Female,SonInLawOf
"Konstantinos, son-in-law of Brichotos","Brichotos, father-in-law of Iveron act witness Konstantinos",Male,Male,SonInLawOf
Leon Tornikios,"Ioannes Batatzes, supporter of Leon Tornikios",Male,Male,SonInLawOf
"Leon, son-in-law of Basileios Pollybodas","Basileios Pollybodas, koubouklesios at Kastri (Strymon)",Male,Male,SonInLawOf
"Leon, witness of Iveron act","Nikolaos Petharas, witness of Iveron act",Male,Male,SonInLawOf
"Marianos Stromonites, tax-payer at chorion of Dobrobikeia","Sklabopapas, father-in-law of tax-payer at Dobrobikeia",Male,Male,SonInLawOf
"Michael, son-in-law of Eustathios Boilas",Eustathios Boilas,Male,Male,SonInLawOf
"Nesnastros, tax-payer at chorion of Dobrobikeia","Ioannilos, father-in-law of tax-payer at Dobrobikeia",Male,Male,SonInLawOf
"Nikephoros Bryennios, kaisar, husband of Anna Komnene","Eirene Doukaina, wife of Alexios I",Male,Female,SonInLawOf
"Nikephoros Bryennios, kaisar, husband of Anna Komnene",Emperor Alexios I Komnenos,Male,Male,SonInLawOf
"Nikolaos, tax-payer at chorion of Dobrobikeia","Kyriakos, father of tax-payer at Dobrobikeia",Male,Male,SonInLawOf
"Petros, tax-payer at chorion of Obilos","Bileles, protospatharios",Male,Male,SonInLawOf
"Petros, tax-payer at chorion of Dobrobikeia","Nesnastres, father-in-law of tax-payer at Dobrobikeia",Male,Male,SonInLawOf
"Strategios Berymos, witness of Iveron act","Berymos, father-in-law of Iveron act witness Strategios",Male,Male,SonInLawOf
"Symeon, citizen of Hierissos","Tempinas, citizen of Hierissos (?)",Male,Male,SonInLawOf
Theodoros Dokeianos,father-in-law of Theodoros Dokeianos,Male,Male,SonInLawOf
Theodoros Dokeianos,mother-in-law of Theodoros Dokeianos,Male,Female,SonInLawOf
"Theodoros, tax-payer at chorion of Dobrobikeia","Gostelos, father-in-law of tax-payer at Dobrobikeia",Male,Male,SonInLawOf
Michael Attaleiates,mother-in-law of Michael Attaleiates,Male,Female,SonInLawOf
"Michael Iasites, husband of Eudokia, daughter of Alexios I","Eirene Doukaina, wife of Alexios I",Male,Female,SonInLawOf
"Michael Iasites, husband of Eudokia, daughter of Alexios I",Emperor Alexios I Komnenos,Male,Male,SonInLawOf
"Konstantinos, paroikos at Galaides (Meander valley)","Georgios Phatyris, paroikos at Galaides (Meander valley)",Male,Male,SonInLawOf
"Leon, son-in-law of paroiikos Anna at Baris (Meander valley)","Anna, paroikos at Baris (Meander valley)",Male,Female,SonInLawOf
"Leon, son-in-law of paroikos Nikephoros at Mantrakle (Meander valley)","Nikephoros, paroikos at Mantrakle (Meander valley)",Male,Male,SonInLawOf
"Nikolaos, inhabitant of Adrameri in Chalkidike","Kakoletos, father-in-law of inhabitant of Adrameri Nikolaos",Male,Male,SonInLawOf
"Xiphias, patrikios",grandmother of Ioannes Iberitzes,Male,,SonInLawOf
"Michael, son-in-law of the widow Sophronia","Sophronia, widow, mother-in-law of Michael",Male,Female,SonInLawOf
"Leon, son-in-law of Philagres and heir of Eirenaios (?)","Philagres, father-in-law of Leon",Male,Male,SonInLawOf
"Nikephoros Katakalon Euphorbenos, son-in-law of Alexios I",Emperor Alexios I Komnenos,,Male,SonInLawOf
"Ioannes, son-in-law of Damianos","Damianos, father-in-law of Ioannes",Male,Male,SonInLawOf
"Ioannes, son-in-law of Marianos","Marianos, father-in-law of Ioannes",Male,,SonInLawOf
Georgios Roslinos,"Poletiane, widow, daughter of Basileios Chage",Male,Male,SonInLawOf
"Daniel, droungarios, son-in-law of Ploutinos",Ploutinos,Male,Male,SonInLawOf
Rendakios the Athenian,Sergios Betelakes,Male,Male,SonInLawOf
Isaakios Komnenodoukas,sebastokrator,Male,Male,SonInLawOf
"Moschos, paroikos of Nea Mone at Kalothekia","Georgios Kalaphates, paroikos of Nea Mone at Kalothekia",Male,Male,SonInLawOf
"Baldwin of Boulogne, Baldwin I, king of Jerusalem","Taphnuz, father-in-law of Baldwin I of Jerusalem",Male,Male,SonInLawOf
"Baldwin of Bourcq, Baldwin II, king of Jerusalem","Gabriel (Khoril), amir, doux of Melitene",Male,Male,SonInLawOf
Qilij Arslan ibn Sulayman ibn Qutlumish,"Tzachas/Chaka, Turkish amir",Male,Male,SonInLawOf
son of Arotras,father-in-law of son of Arotras,Male,Male,SonInLawOf
"Roupenes (?), implicated in a case involving financial guarantees","Dermokaites, involved in a trial over financial guarantees",Male,Male,SonInLawOf
son of protospatharios and strategos Melias,Andronikos Balantes,Male,Male,SonInLawOf
"Theophylaktos, son of Romanos Saronites","Ioannes Parsakoutenos, protospatharios",Male,Male,SonInLawOf
"Konstantinos, priest and (son?) in-law of landowner Konstantinos Phasoulos","Konstantinos Phasoulos, landowner at Kassandra (Chalkidike)",Male,Male,SonInLawOf
"Elpidios Kenchres, affianced son-in-law of Michael Psellos",Michael Psellos (named Konstantinos till tonsure in 1054),Male,Male,SonInLawOf
"Bardas, son-in-law of the doux and vestarches Paulos",Paulos Armenopolos,Male,Male,SonInLawOf
"Konstantinos Kourtikios, son-in-law of Eirene Doukaina","Eirene Doukaina, wife of Alexios I",,Female,SonInLawOf
"Richard, prince of Capua","father-in-law of Richard, prince of Capua",,,SonInLawOf
son-in-law of Beatrice of Tuscany,"Beatrice, countess of Tuscany",,,SonInLawOf
Emperor Romanos III Argyros,Emperor Konstantinos VIII,Male,Male,SonInLawOf
"Andronikos Doukas, son of the kaisar Ioannes","Ioannes Doukas, kaisar",Male,Male,SonOf
Emperor Isaakios I Komnenos,Manuel Komnenos Erotikos,Male,Male,SonOf
"Manuel Komnenos, eldest brother of Alexios I","Ioannes Komnenos, father of Alexios I",Male,Male,SonOf
Emperor Michael VII Doukas,Empress Eudokia Makrembolitissa,Male,Female,SonOf
"Michael Doukas, brother of Eirene Doukaina","Andronikos Doukas, son of the kaisar Ioannes",,Male,SonOf
"Manuel eldest son of Andronikos I, sebastokrator",Emperor Andronikos I Komnenos,Male,,SonOf
"Roger Borsa, Duke of Apulia, son of Robert Guiscard",Robert Guiscard,Male,Male,SonOf
"Andronikos Doukas, son of the kaisar Ioannes","Eirene Pegonitissa, wife of Ioannes the kaisar",Male,Female,SonOf
"Andronikos Doukas, brother of Michael VII",Emperor Romanos IV Diogenes,Male,Male,StepSonOf
"Konstantios Doukas, brother of Michael VII",Emperor Romanos IV Diogenes,Male,Male,StepSonOf
Emperor Michael VII Doukas,Emperor Romanos IV Diogenes,Male,Male,StepSonOf
"Fakhr al-Mulk Ridwan, ruler of Aleppo","Janah al-Dawla, amir of Homs",Male,,StepSonOf
Anna Dalassene,"Anna Komnene, daughter of Alexios I and historian",Female,Female,GrandMotherOf
"Cecilia of France, wife of Tancred of Hauteville, then of Pons of Tripoli","Raymond III, count of Tripoli",Female,,GrandMotherOf
Anna Dalassene,"Anna Komnene, daughter of Alexios I and historian",Female,Female,GrandMotherOf
Anna Dalassene,"daughter (Anna?) of Manuel Komnenos, brother of Alexios I",Female,Female,GrandMotherOf
"Eirene Doukaina, wife of Alexios I","Eirene Doukaina, daughter of Anna Komnene",Female,,GrandMotherOf
"Maria of Bulgaria, wife of Andronikos Doukas","Anna Komnene, daughter of Alexios I and historian",Female,Female,GrandMotherOf
"Maria, daughter of Alexios I Komnenos","granddaughter of Maria (daughter of Alexios I), who died before her grandmother",Female,,GrandMotherOf
"Anna the kouropalatissa, mother of Nikephoros Bryennios the usurper","(Ioannes) Bryennios the patrikios, father of the kaisar",Female,Male,GrandMotherOf
"Kale, paroikos at Gamma (Meander region)","Ioannes, grandson of paroikos Kale at Gamma (Meander region)",Male,Male,GrandMotherOf
"Kyriake, epoikos on Patmos","Niketas, grandson of epoikos Kyriake of Patmos",Female,Male,GrandMotherOf
mother of wife of donor to Nea Kome (monastery),daughter of donor to monastery of Nea Kome,Female,Female,GrandMotherOf
"Maria Kastorissa, patrikia",grandson of Maria Kastorissa,Female,Male,GrandMotherOf
"Eirene Pegonitissa, wife of Ioannes the kaisar","Michael Doukas, brother of Eirene Doukaina",Female,,GrandMotherOf
"Eirene Pegonitissa, wife of Ioannes the kaisar","Ioannes Doukas, brother of Eirene Doukaina",Female,Male,GrandMotherOf
"Eirene Pegonitissa, wife of Ioannes the kaisar","Eirene Doukaina, wife of Alexios I",Female,Female,GrandMotherOf
Anna Dalassene,Emperor Isaakios I Komnenos,Female,Male,SisterOf
"Anna Komnene, daughter of Alexios I and historian","Nikephoros Katakalon Euphorbenos, son-in-law of Alexios I",Female,,SisterOf
Empress Theodora,Emperor Konstantinos IX Monomachos,Female,Male,SisterOf
"Anastaso, sister-in-law of Michael Attaleiates",Michael Attaleiates,Female,Male,SisterOf
"Eirene of Alania, wife of Isaakios Komnenos (brother of Alexios I)",Emperor Alexios I Komnenos,Female,Male,SisterOf
"Eirene Pegonitissa, wife of Ioannes the kaisar",Emperor Konstantinos X Doukas,Female,Male,SisterOf
Anna Dalassene,"Botaneiates, grandson (Nikephoros?) of Nikephoros III",Female,Male,GrandMotherOf
Anna Dalassene,"Eirene of Alania, wife of Isaakios Komnenos (brother of Alexios I)",Female,Female,MotherOf
Anna Dalassene,"Eirene Doukaina, wife of Alexios I",Female,Female,MotherOf
"baker, mother-in-law of Iveron act witness Ioannes","Ioannes, son-in-law of a baker and witness to Iveron act",Female,Male,MotherOf
"Eirene Doukaina, wife of Alexios I","Nikephoros Bryennios, kaisar, husband of Anna Komnene",Female,Male,MotherOf
"Eirene Doukaina, wife of Alexios I","Michael Iasites, husband of Eudokia, daughter of Alexios I",Female,Male,MotherOf
"Eirene Doukaina, wife of Alexios I","Konstantinos Doukas porphyrogennetos, son of Michael VII",Female,Male,MotherOf
"Eirene Doukaina, wife of Alexios I","Eirene-Piroska, wife of Ioannes II Komnenos",Female,,MotherOf
"Eirene Doukaina, wife of Alexios I","Konstantinos Kourtikios, son-in-law of Eirene Doukaina",Female,,MotherOf
"Eirene Doukaina, wife of Alexios I","Eirene, wife of Andronikos Komnenos (son of Alexios I)",Female,,MotherOf
"Eirene Doukaina, wife of Alexios I","Eirene, wife of Isaakios Komnenos (son of Alexios I)",Female,,MotherOf
"Ioannes Taronites (Taronitopoulos), doux of Skopje",Emperor Alexios I Komnenos,Male,Male,MotherOf
"Kaletza, mother-in-law of tax-payer at Dobrobikeia","Blasios Stromonites, tax-payer at chorion of Dobrobikeia",Female,Male,MotherOf
"Maria of Bulgaria, wife of Andronikos Doukas",Georgios Palaiologos,Female,Male,MotherOf
mother-in-law of Michael Attaleiates,Michael Attaleiates,Female,Male,MotherOf
"Anna, paroikos at Baris (Meander valley)","Leon, son-in-law of paroiikos Anna at Baris (Meander valley)",Female,Male,MotherOf
"Kale, paroikos at Gamma (Meander region)","Anna, daughter-in-law of paroikos Kale at Gamma (Meander region)",Male,Female,MotherOf
mother-in-law of Theodoros Dokeianos,Theodoros Dokeianos,Female,Male,MotherOf
"Sophronia, widow, mother-in-law of Michael","Michael, son-in-law of the widow Sophronia",Female,Male,MotherOf
"Poletiane, widow, daughter of Basileios Chage",Georgios Roslinos,Male,Male,MotherOf
"Beatrice, countess of Tuscany",son-in-law of Beatrice of Tuscany,,,MotherOf
Anna Dalassene,"Maria of Bulgaria, wife of Andronikos Doukas",Female,Female,RelativeOf
"Ioannes Doukas, kaisar","Nikephoros Palaiologos, advisor to Romanos IV and Nikephoros III",Male,Male,RelativeOf
Konstantinos Choirosphaktes,Emperor Nikephoros III Botaneiates,Male,Male,RelativeOf
"Maria of Bulgaria, wife of Andronikos Doukas",Anna Dalassene,Female,Female,RelativeOf
Emperor Michael VII Doukas,Robert Guiscard,Male,Male,RelativeOf
Emperor Nikephoros III Botaneiates,Konstantinos Choirosphaktes,Male,Male,RelativeOf
"Nikephoros Palaiologos, advisor to Romanos IV and Nikephoros III","Ioannes Doukas, kaisar",Male,Male,RelativeOf
"Petros III, patriarch of Antioch",relative by marriage of patriarch Petros III of Antioch,Male,,RelativeOf
Robert Guiscard,Emperor Michael VII Doukas,Male,Male,RelativeOf
"Himerios, monk (?) on Mount Galesion","Ioannes Mitas, official in Thrakesion",Male,Male,RelativeOf
"Ioannes Mitas, official in Thrakesion","Himerios, monk (?) on Mount Galesion",Male,Male,RelativeOf
writer known to Michael Psellos,"magistros, relative of writer known to Michael Psellos",Male,Male,RelativeOf
"magistros, relative of writer known to Michael Psellos",writer known to Michael Psellos,Male,Male,RelativeOf
relative by marriage of patriarch Petros III of Antioch,"Petros III, patriarch of Antioch",,Male,RelativeOf
Emperor Romanos III Argyros,Emperor Konstantinos VIII,Male,Male,RelativeOf
"Anna Komnene, daughter of Alexios I and historian",Anna Dalassene,Female,Female,GrandDaughterOf
"Anna Komnene, daughter of Alexios I and historian","Ioannes Komnenos, father of Alexios I",Female,Male,GrandDaughterOf
"Anna Komnene, daughter of Alexios I and historian","Maria of Bulgaria, wife of Andronikos Doukas",Female,Female,GrandDaughterOf
"Eirene Doukaina, wife of Alexios I","Ioannes Doukas, kaisar",Female,Male,GrandDaughterOf
"Eirene Doukaina, wife of Alexios I","Eirene Pegonitissa, wife of Ioannes the kaisar",Female,Female,GrandDaughterOf
"Eirene Doukaina, wife of Alexios I","Traianos/Trojan, son of John Vladislav of Bulgaria",Female,,GrandDaughterOf
Empress Zoe,Emperor Romanos II,Female,,GrandDaughterOf
"daughter (Anna?) of Manuel Komnenos, brother of Alexios I",Anna Dalassene,Female,Female,GrandDaughterOf
daughter of donor to monastery of Nea Kome,mother of wife of donor to Nea Kome (monastery),Female,Female,GrandDaughterOf
daughter of donor to monastery of Nea Kome,father of wife of donor to Nea Kome (monastery),Female,Male,GrandDaughterOf
granddaughter of Mororeon,Mororeon (?),Female,Male,GrandDaughterOf
"Theophano, daughter of Agathe","Pankratios Taronites, patrikios",Female,Male,GrandDaughterOf
"Theophano, daughter of Agathe","Helena, daughter of magistros and raiktor Michael",Female,,GrandDaughterOf
"Anna Komnene, daughter of Alexios I and historian","Konstantinos Doukas porphyrogennetos, son of Michael VII",Female,Male,PartnerOf
"Zoe Doukaina, daughter of Konstantinos X","Adrianos Komnenos, brother of Alexios I",Female,Male,PartnerOf
daughter of Theodoros Karmalikios,son of Basileios Kalokairos,Female,Male,PartnerOf
daughter (Maria?) of Isaakios Komnenos (brother of Alexios I),"Gregorios Gabras, son of Theodoros Gabras",Female,Male,PartnerOf
"Anna Komnene, daughter of Alexios I and historian",Emperor Manuel I Komnenos,Female,,AuntOf
"Eirene Doukaina, wife of Alexios I","Nikephoros Doukas Palaiologos, sebastos",Female,,AuntOf
"Maria, daughter of Stephanos Sthlabotas","Anna, landowner at Thessalonike",Female,Female,AuntOf
"Maria, daughter of Stephanos Sthlabotas","Agathe, landowner at Thessalonike",Female,Female,AuntOf
"second wife of Konstantinos IX, aunt of Maria Skleraina","Maria Skleraina, mistress of Konstantinos IX",Female,Female,AuntOf
"Maria, daughter of protospatharios Theodoros Gymnos","Theodora, donor of estate to Esphigmenou",Female,Female,AuntOf
"first wife of Romanos IV, sister of Samuel Alousianos",Emperor Romanos IV Diogenes,Female,Male,WifeOf
"Bebdene, first wife of Nikephoros III Botaneiates",Emperor Nikephoros III Botaneiates,Female,Male,WifeOf
"Helena, first wife of Romanos III",Emperor Romanos III Argyros,Female,Male,WifeOf
"Sophia, first wife of Michael Attaleiates",Michael Attaleiates,Female,Male,WifeOf
"first wife of Alexios I Komnenos, daughter of an Argyros",Emperor Alexios I Komnenos,Female,Male,WifeOf
"Eirene, wife of paroikos Theodoulos at Baris (Meander valley)","Theodoulos, paroikos at Baris (Meander valley)",Female,Male,WifeOf
"Auberee/Alberada of Buonalbergo, first wife of Robert Guiscard",Robert Guiscard,Female,Male,WifeOf
first wife of proedros Nikephoros Kephalas,"Nikephoros Kephalas, proedros and Lavra donor",Female,Male,WifeOf
child (daughter?) of Alp Arslan,child (son?) of Romanos IV,Female,Male,WifeOf
"Helena-Olympias, daughter of Robert Guiscard","Konstantinos Doukas porphyrogennetos, son of Michael VII",Female,Male,WifeOf
"Euphemia, adopted daughter of Michael Psellos","Elpidios Kenchres, affianced son-in-law of Michael Psellos",Female,Male,WifeOf
"daughter (Anna?) of Manuel Komnenos, brother of Alexios I","Botaneiates, grandson (Nikephoros?) of Nikephoros III",Female,Male,WifeOf
daughter of protospatharios and strategos Melias,son of Andronikos Balantes,Female,Male,WifeOf
"Maria, daughter of Mitze","Kosmas, son of Kale",Female,Male,WifeOf
"Batatzina, supporter of Bryennios at Raidestos in 1077",Nikephoros Bryennios usurper [1077],Female,Male,RelativeOf
Michael Psellos (named Konstantinos till tonsure in 1054),"magistros and krites, related by marriage to Michael Psellos",Male,Male,RelativeOf
Nikephoros Bryennios usurper [1077],"Batatzina, supporter of Bryennios at Raidestos in 1077",Male,Female,RelativeOf
"magistros and krites, related by marriage to Michael Psellos",Michael Psellos (named Konstantinos till tonsure in 1054),Male,Male,RelativeOf
"Niketas, synkellos and chartophylax, son of Koronis","Niketas Stethatos, monk, then hegoumenos of Stoudios",,Male,FatherOf
Bohemond of Taranto,"Bohemond, Turkish godson of Bohemond of Taranto",Male,Male,FatherOf
"Niketas Stethatos, monk, then hegoumenos of Stoudios","Niketas, deacon of Hagia Sophia and ecumenical didaskalos",Male,,FatherOf
"(Ioannes) Bryennios the patrikios, father of the kaisar","Nikephoros Bryennios, kaisar, husband of Anna Komnene",Male,Male,FatherOf
"Janah al-Dawla, amir of Homs","Fakhr al-Mulk Ridwan, ruler of Aleppo",,Male,FatherOf
Emperor Romanos IV Diogenes,"Andronikos Doukas, brother of Michael VII",Male,Male,FatherOf
Emperor Romanos IV Diogenes,Emperor Michael VII Doukas,Male,Male,FatherOf
Emperor Romanos IV Diogenes,"Konstantios Doukas, brother of Michael VII",Male,Male,FatherOf
second husband who provided guarantors for his stepchildren,woman whose dowry came from her step-father's guarantors,Male,Female,FatherOf
"Niketas, deacon of Hagia Sophia and ecumenical didaskalos","Niketas Stethatos, monk, then hegoumenos of Stoudios",,Male,SonOf
"Niketas Stethatos, monk, then hegoumenos of Stoudios","Niketas, synkellos and chartophylax, son of Koronis",Male,,SonOf
"Bohemond, Turkish godson of Bohemond of Taranto",Bohemond of Taranto,Male,Male,SonOf
"Tornikios, relative of Theophylaktos of Ohrid","Theophylaktos, archbishop of Ohrid",Male,Male,HusbandOf
"Konstantinos Diogenes, father of Romanos IV",Emperor Romanos III Argyros,Male,Male,HusbandOf
"Kekaumenos, grandfather of author","Kekaumenos, author of the Strategikon",Male,Male,GrandFatherOf
"Ioannes Komnenos, father of Alexios I","Anna Komnene, daughter of Alexios I and historian",Male,Female,GrandFatherOf
"Kekaumenos, author of the Strategikon","Nikoulitzas Delphinas, official at Larissa",Male,Male,FatherOf
"Nikoulitzas Delphinas, official at Larissa","Kekaumenos, author of the Strategikon",Male,Male,FatherOf
"Bebdene, first wife of Nikephoros III Botaneiates",Emperor Nikephoros III Botaneiates,Female,Male,WifeOf
"Eirene of Larissa, second wife of Radomir of Bulgaria","Radomir, son of Samuel of Bulgaria",Female,Male,WifeOf
Empress Eudokia Makrembolitissa,Emperor Romanos IV Diogenes,Female,Male,WifeOf
"Gaita/Sykelgaite, second wife of Robert Guiscard",Robert Guiscard,Female,Male,WifeOf
"Maria of Alania, empress",Emperor Nikephoros III Botaneiates,Female,Male,WifeOf
Empress Zoe,Emperor Romanos III Argyros,Female,Male,WifeOf
"Eirene, second wife of Michael Attaleiates",Michael Attaleiates,Female,Male,WifeOf
"second wife of Konstantinos IX, aunt of Maria Skleraina",Emperor Konstantinos IX Monomachos,Female,Male,WifeOf
"Maria, wife of paroikos Theodoulos at Baris (Meander valley)","Theodoulos, paroikos at Baris (Meander valley)",Female,Male,WifeOf
second wife of proedros Nikephoros Kephalas,"Nikephoros Kephalas, proedros and Lavra donor",Female,Male,WifeOf
Armenian second wife [Arda?] of Baldwin I of Jerusalem,"Baldwin of Boulogne, Baldwin I, king of Jerusalem",Female,Male,WifeOf
"second wife of Konstantinos, nephew of Michael Keroularios","Konstantinos, nephew of patriarch Michael I Keroularios",Female,Male,WifeOf
"second wife of Traulos, daughter of Pecheneg leader","Traulos, former Manichaean and servant of Alexios Komnenos",Female,,WifeOf
second wife of Romanised barbarian,Romanised barbarian,Female,Male,WifeOf
second wife of Mororeon,Mororeon (?),Female,Male,WifeOf
Bohemond of Taranto,"Tancred of Hauteville, nephew of Bohemond of Taranto",Male,Male,UncleOf
"Ioannes Doukas, brother of Eirene Doukaina","Anna Komnene, daughter of Alexios I and historian",Male,Female,UncleOf
"Ioannes the Orphanotrophos, brother of Michael IV",Emperor Michael V Kalaphates,Eunuch,Male,UncleOf
"Michael Doukas, brother of Eirene Doukaina","Anna Komnene, daughter of Alexios I and historian",,Female,UncleOf
Bohemond of Taranto,"Roger II, king of Sicily",Male,,RelativeOf
"Bertrand of St Gilles, count of Tripoli","William Jordan, count of Cerdagne",Male,Male,RelativeOf
Franco of Mechelen,Henry of Esch,Male,Male,RelativeOf
Henry of Esch,Franco of Mechelen,Male,Male,RelativeOf
Henry of Esch,Sigemar of Mechelen,Male,Male,RelativeOf
Sigemar of Mechelen,Henry of Esch,Male,Male,RelativeOf
"William Jordan, count of Cerdagne","Bertrand of St Gilles, count of Tripoli",Male,Male,RelativeOf
Bohemond of Taranto,Roger I of Sicily,Male,Male,BrotherOf
Bohemond of Taranto,Guy of Hauteville,Male,Male,UncleOf
Bohemond of Taranto,Robert Guiscard,Male,Male,SonOf
"Konstantinos Doukas, son of Kaisar Ioannes","Eirene Pegonitissa, wife of Ioannes the kaisar",Male,Female,SonOf
Bohemond of Taranto,Richard of the Principate,Male,Male,UncleOf
"Isaakios Komnenos, son of Alexios I",Emperor Manuel I Komnenos,Male,,UncleOf
Abu-l-fath (compilation of Alp Arslan and Malik Shah),Qilij Arslan ibn Sulayman ibn Qutlumish,Male,Male,UncleOf
"Samuel, Armenian archbishop","Theodoros, nephew of Armenian archbishop Samuel",Male,Male,UncleOf
"Demetrios Polemarchios, grandfather of Kekaumenos","Kekaumenos, author of the Strategikon",Male,Male,GrandFatherOf
"Eirene Doukaina, wife of Alexios I","Ioannes Komnenos, father of Alexios I",Female,Male,DaughterInLawOf
"Eirene Doukaina, wife of Alexios I",Anna Dalassene,Female,Female,DaughterInLawOf
"Maria of Bulgaria, wife of Andronikos Doukas","Ioannes Doukas, kaisar",Female,Male,DaughterInLawOf
"Eirene of Alania, wife of Isaakios Komnenos (brother of Alexios I)",Anna Dalassene,Female,Female,DaughterInLawOf
"Anna, daughter-in-law of paroikos Kale at Gamma (Meander region)","Kale, paroikos at Gamma (Meander region)",Female,Male,DaughterInLawOf
"Maria, daughter-in-law of epoikos Konstantinos Kalamiotes Persikoures on Patmos","Konstantinos Kalamiotes Persikoures, epoikos on Patmos",Female,Male,DaughterInLawOf
"Eirene, daughter of Eustathios Boilas",Eustathios Boilas,Female,Male,DaughterOf
Empress Zoe,Emperor Konstantinos VIII,Female,Male,DaughterOf
"Gagik II, king of Armenia","Ioannes Smbat, king of Armenia",Male,Male,SonOf
"Helena-Olympias, daughter of Robert Guiscard","Konstantinos Doukas porphyrogennetos, son of Michael VII",Female,Male,WifeOf
"Ioannes Doukas, kaisar",Emperor Michael VII Doukas,Male,Male,NephewOf
"Theodoros, nephew of Armenian archbishop Samuel","Samuel, Armenian archbishop",Male,Male,NephewOf
"Ioannes Komnenos, father of Alexios I",Manuel Komnenos Erotikos,Male,Male,SonOf
"Konstantinos Doukas, son of Kaisar Ioannes","Ioannes Doukas, kaisar",Male,Male,SonOf
"Michael I Keroularios, patriarch of Constantinople",father of Michael Keroularios,Male,Male,SonOf
"Michael I Keroularios, patriarch of Constantinople",mother of Michael Keroularios,Male,Female,SonOf
"Nikephoros Komnenos, brother of Alexios I","Ioannes Komnenos, father of Alexios I",Male,Male,SonOf
Mansur ibn Sadaqa,Sadaqa ibn Mansur Sayf al-Dawla,,,SonOf
"Ioannes the Orphanotrophos, brother of Michael IV","Konstantinos, cousin of Ioannes Orphanotrophos",Eunuch,Male,CousinOf
"Ioannes the Orphanotrophos, brother of Michael IV",Emperor Michael IV Paphlagon,Eunuch,Male,BrotherOf
"Ioannes Smbat, king of Armenia","Gagik II, king of Armenia",Male,Male,FatherOf
Emperor Konstantinos IX Monomachos,"Maria Skleraina, mistress of Konstantinos IX",Male,Female,PartnerOf
Emperor Konstantinos IX Monomachos,Alan mistress of Konstantinos IX Monomachos,Male,Female,PartnerOf
"Maria Skleraina, mistress of Konstantinos IX",Emperor Konstantinos IX Monomachos,Female,Male,PartnerOf
Emperor Michael IV Paphlagon,Empress Zoe,Male,Female,PartnerOf
Empress Zoe,Emperor Michael IV Paphlagon,Female,Male,PartnerOf
Alan mistress of Konstantinos IX Monomachos,Emperor Konstantinos IX Monomachos,Female,Male,PartnerOf
Emperor Konstantinos IX Monomachos,Emperor Romanos III Argyros,Male,Male,NephewOf
"Konstantinos Diogenes, father of Romanos IV",Emperor Romanos III Argyros,Male,Male,NephewOf
"Michael, logothetes of the sekreta and gambros of the Komnenoi",Emperor Alexios I Komnenos,,Male,NephewOf
"Georgios Tornikes, man of letters and metropolitan of Ephesos","Tornikios, relative of Theophylaktos of Ohrid",,Male,NephewOf
Emperor Konstantinos IX Monomachos,Empress Zoe,Male,Female,HusbandOf
Emperor Konstantinos X Doukas,Empress Eudokia Makrembolitissa,Male,Female,HusbandOf
Emperor Michael VII Doukas,"Maria of Alania, empress",Male,Female,HusbandOf
first husband of wife of epi ton deeseon Nikolaos,wife of epi ton deeseon Nikolaos,Male,Female,HusbandOf
"Eustace Garnier (Grenier), lord of Caesarea and Sidon","Emelota, wife of Eustace Garnier",Male,,HusbandOf
first husband whose children needed guarantors from his wife's second husband,mother whose second husband provided guarantors for her first family,Male,Female,HusbandOf
amir of Edessa,wife of amir of Edessa,Male,Female,HusbandOf
Emperor Romanos III Argyros,Empress Zoe,Male,Female,HusbandOf
"Konstantinos Doukas porphyrogennetos, son of Michael VII","Helena-Olympias, daughter of Robert Guiscard",Male,Female,HusbandOf
"Botaneiates, grandson (Nikephoros?) of Nikephoros III","daughter (Anna?) of Manuel Komnenos, brother of Alexios I",Male,Female,HusbandOf
son of Andronikos Balantes,daughter of protospatharios and strategos Melias,Male,Female,HusbandOf
"Kosmas, son of Kale","Maria, daughter of Mitze",Male,Female,HusbandOf
"Elpidios Kenchres, affianced son-in-law of Michael Psellos","Euphemia, adopted daughter of Michael Psellos",Male,Female,HusbandOf
"Konstantinos Doukas porphyrogennetos, son of Michael VII","Helena-Olympias, daughter of Robert Guiscard",Male,Female,HusbandOf
"Konstantinos Doukas porphyrogennetos, son of Michael VII","Maria of Alania, empress",Male,Female,SonOf
"Konstantinos, nephew of patriarch Michael I Keroularios",Michael Psellos (named Konstantinos till tonsure in 1054),Male,Male,NephewOf
"Konstantinos, nephew of patriarch Michael I Keroularios",Emperor Michael VII Doukas,Male,Male,RelativeOf
Emperor Michael VII Doukas,"Konstantinos, nephew of patriarch Michael I Keroularios",Male,Male,RelativeOf
"Qutlumish, cousin of Tughrul Beg","Ibrahim Yinal, half-brother of Tughrul Beg",Male,Male,NephewOf
Leon Tornikios,Emperor Konstantinos IX Monomachos,Male,Male,CousinOf
"Basileios, mentioned in synodal decision","Demetrios, mentioned in synodal decision",Male,Male,CousinOf
"Demetrios, mentioned in synodal decision","Basileios, mentioned in synodal decision",Male,Male,CousinOf
"Euphemios, involved in lawsuit about validity of marriage","Georgios, involved in lawsuit about validity of marriage",Male,Male,CousinOf
"Georgios, involved in lawsuit about validity of marriage","Euphemios, involved in lawsuit about validity of marriage",Male,Male,CousinOf
Brachamios,second cousin of Brachamios,Male,Male,CousinOf
second cousin of Brachamios,Brachamios,Male,Male,CousinOf
"Theophano, daughter of Ioannes Parsakoutenos","Theophano, daughter of Agathe",Female,Female,CousinOf
"Theophano, daughter of Agathe","Theophylaktos, son of Romanos Saronites",Female,Male,CousinOf
"Theophano, daughter of Agathe","Theophano, daughter of Ioannes Parsakoutenos",Female,Female,CousinOf
"Theophylaktos, son of Romanos Saronites","Theophano, daughter of Agathe",Male,Female,CousinOf
"Maria of Alania, empress",Emperor Alexios I Komnenos,Female,Male,MotherOf
Empress Zoe,Emperor Michael V Kalaphates,Female,Male,MotherOf
"Iouditta, patron of Lazaros of Galesion","Ignatios, brother of Lazaros of Galesion",Female,Male,MotherOf
"Maria of Alania, empress","second wife of Konstantinos, nephew of Michael Keroularios",Female,Female,RelativeOf
"second wife of Konstantinos, nephew of Michael Keroularios","Maria of Alania, empress",Female,Female,RelativeOf
"Maria Komnene, sister of Alexios I, wife of Michael Taronites","Alexios, son of paroikos Rosanna at Radolibos",Female,,SisterOf
"Zoe Doukaina, daughter of Konstantinos X","Konstantios Doukas, brother of Michael VII",Female,Male,SisterOf
"Maria, daughter of Eustathios Boilas",Eustathios Boilas,Female,Male,DaughterOf
Emperor Michael IV Paphlagon,Empress Zoe,Male,Female,HusbandOf
Emperor Nikephoros III Botaneiates,"Maria of Alania, empress",Male,Female,HusbandOf
Emperor Romanos IV Diogenes,Empress Eudokia Makrembolitissa,Male,Female,HusbandOf
"Sulayman ibn al-Kurji, Turkish lord of Edessa",wife of amir of Edessa,Male,Female,HusbandOf
"Theodoulos, paroikos at Baris (Meander valley)","Eirene, wife of paroikos Theodoulos at Baris (Meander valley)",Male,Female,HusbandOf
"Pons, count of Tripoli","Cecilia of France, wife of Tancred of Hauteville, then of Pons of Tripoli",Male,Female,HusbandOf
second husband who provided guarantors for his stepchildren,mother whose second husband provided guarantors for her first family,Male,Female,HusbandOf
"Nikolaos, epi ton deeseon",wife of epi ton deeseon Nikolaos,Male,Female,HusbandOf
Turkish knight who married a Christian,"[Emeline], wife of Folbert of Bouillon",Male,Female,HusbandOf
Emperor Michael V Kalaphates,Emperor Michael IV Paphlagon,Male,Male,NephewOf
"Tancred of Hauteville, nephew of Bohemond of Taranto",Bohemond of Taranto,Male,Male,NephewOf
Emperor Michael VII Doukas,"Nikephoros Diogenes, son of Romanos IV",Male,Female,StepBrotherOf
"Nikephoros Diogenes, son of Romanos IV",Emperor Michael VII Doukas,Female,Male,StepBrotherOf
"Nikephoros Diogenes, son of Romanos IV","Zoe Doukaina, daughter of Konstantinos X",Female,Female,StepBrotherOf
Michael Psellos (named Konstantinos till tonsure in 1054),father of Eudokia Makrembolitissa,Male,Male,BrotherOf
Michael Psellos (named Konstantinos till tonsure in 1054),spiritual brother of Michael Psellos,Male,Male,BrotherOf
father of Eudokia Makrembolitissa,Michael Psellos (named Konstantinos till tonsure in 1054),Male,Male,BrotherOf
Christodoulos of Patmos,"Theodosios, chartoularios and patriarchal notarios, nephew of kastresios Basileios",Male,Male,BrotherOf
"Theodosios, chartoularios and patriarchal notarios, nephew of kastresios Basileios",Christodoulos of Patmos,Male,Male,BrotherOf
"Theoktistos, hegoumenos of Esphigmenou and protos of Athos","Nikephoros, monk at Esphigmenou, founder of monastery in Charsianon",Male,Male,BrotherOf
"Ioannes, monk at Katzare on Athos","Euthymios, hegoumenos of Hagios Tryphon on Athos",Male,Male,BrotherOf
"Nikephoros, monk at Esphigmenou, founder of monastery in Charsianon","Theoktistos, hegoumenos of Esphigmenou and protos of Athos",Male,Male,BrotherOf
spiritual brother of Michael Psellos,Michael Psellos (named Konstantinos till tonsure in 1054),Male,Male,BrotherOf
"Euthymios, hegoumenos of Hagios Tryphon on Athos","Ioannes, monk at Katzare on Athos",Male,Male,BrotherOf
"Euthymios, hegoumenos of Hagios Tryphon on Athos","Christodoulos, hegoumenos of Katzare on Athos",Male,Male,BrotherOf
"Christodoulos, hegoumenos of Katzare on Athos","Euthymios, hegoumenos of Hagios Tryphon on Athos",Male,Male,BrotherOf
Michael Psellos (named Konstantinos till tonsure in 1054),"Konstantinos, nephew of patriarch Michael I Keroularios",Male,Male,UncleOf
Michael Psellos (named Konstantinos till tonsure in 1054),spiritual son of Michael Psellos,Male,Male,FatherOf
"Symeon, hegoumenos of Galeagra on Athos","Theodoros, monk at Galeagra on Athos",Male,Male,FatherOf
Christodoulos of Patmos,"Theodosios, chartoularios and patriarchal notarios, nephew of kastresios Basileios",Male,Male,FatherOf
Christodoulos of Patmos,"Georgios, priest and notary of Euripos, formerly of Strobilos",Male,Male,FatherOf
Christodoulos of Patmos,"Epiphanios, scribe of Christodoulos of Patmos' codicil",Male,Male,FatherOf
"Athanasios II, hegoumenos of Lavra on Athos","Symeon Polites, hegoumenos of Theotokos on Athos",Male,Male,FatherOf
"Athanasios II, hegoumenos of Lavra on Athos","Theoktistos, hegoumenos of Esphigmenou and protos of Athos",Male,Male,FatherOf
spiritual father of Michael Psellos,Michael Psellos (named Konstantinos till tonsure in 1054),Male,Male,FatherOf
spiritual father of Michael Psellos,spiritual brother of Michael Psellos,Male,Male,FatherOf
"Antonios, monk on Athos","Ioannes, monk at Katzare on Athos",Male,Male,FatherOf
"Antonios, monk on Athos","Christodoulos, hegoumenos of Katzare on Athos",Male,Male,FatherOf
Michael Psellos (named Konstantinos till tonsure in 1054),spiritual father of Michael Psellos,Male,Male,SonOf
"Theodosios, chartoularios and patriarchal notarios, nephew of kastresios Basileios",Christodoulos of Patmos,Male,Male,SonOf
"Georgios, priest and notary of Euripos, formerly of Strobilos",Christodoulos of Patmos,Male,Male,SonOf
"Epiphanios, scribe of Christodoulos of Patmos' codicil",Christodoulos of Patmos,Male,Male,SonOf
"Theoktistos, hegoumenos of Esphigmenou and protos of Athos","Theodoros, hegoumenos of Esphigmenou on Athos",Male,,SonOf
"Theoktistos, hegoumenos of Esphigmenou and protos of Athos","Athanasios II, hegoumenos of Lavra on Athos",Male,Male,SonOf
"Symeon Polites, hegoumenos of Theotokos on Athos","Athanasios II, hegoumenos of Lavra on Athos",Male,Male,SonOf
"Ioannes, monk at Katzare on Athos","Antonios, monk on Athos",Male,Male,SonOf
"Nikephoros, monk at Esphigmenou, founder of monastery in Charsianon","Theodoros, hegoumenos of Esphigmenou on Athos",Male,,SonOf
"Theodoros, monk at Galeagra on Athos","Symeon, hegoumenos of Galeagra on Athos",Male,Male,SonOf
spiritual son of Michael Psellos,Michael Psellos (named Konstantinos till tonsure in 1054),Male,Male,SonOf
spiritual brother of Michael Psellos,spiritual father of Michael Psellos,Male,Male,SonOf
"Christodoulos, hegoumenos of Katzare on Athos","Antonios, monk on Athos",Male,Male,SonOf
"Michael Bourtzes, doux of Antioch","Bardas Bourtzes, commander in Alexios I's army",Male,,AncestorOf
Nikephoros Bryennios usurper [1077],"Nikephoros Bryennios, kaisar, husband of Anna Komnene",Male,Male,AncestorOf
Emperor Romanos III Argyros,"Theophano, daughter of Romanos Argyros (probably the future Romanos III)",Male,Female,AncestorOf
"Nikephoros Bryennios, kaisar, husband of Anna Komnene",Nikephoros Bryennios usurper [1077],Male,Male,DescendantOf
"Bardas Bourtzes, commander in Alexios I's army","Michael Bourtzes, doux of Antioch",,Male,DescendantOf
Empress Theodora,Emperor Konstantinos VIII,Female,Male,DaughterOf
"Eudokia, daughter of Alexios I Komnenos",Emperor Alexios I Komnenos,Female,Male,DaughterOf
Empress Theodora,Emperor Konstantinos VIII,Female,Male,DaughterOf
"Theodora - Xene Komnene, sister of Alexios I Komnenos","Ioannes Komnenos, father of Alexios I",Female,Male,DaughterOf
"Theodora, sister of Eirene Doukaina","Andronikos Doukas, son of the kaisar Ioannes",Female,Male,DaughterOf
"Theodora, sister of Eirene Doukaina","Maria of Bulgaria, wife of Andronikos Doukas",Female,Female,DaughterOf
"Theophylaktos, archbishop of Ohrid","Tornikios, relative of Theophylaktos of Ohrid",Male,Male,UncleOf
Emperor Romanos III Argyros,"Konstantinos Diogenes, father of Romanos IV",Male,Male,UncleOf
Empress Zoe,Emperor Konstantinos VIII,Female,Male,DaughterOf
Empress Zoe,"Helena, wife of Konstantinos VIII",Female,Female,DaughterOf
"Eudokia Komnene, sister of Alexios I, wife of Nikephoros Melissenos","Ioannes Komnenos, father of Alexios I",Female,Male,DaughterOf
"Anna Doukaina, sister of Eirene Doukaina and wife of Georgios Palaiologos","Andronikos Doukas, son of the kaisar Ioannes",Female,Male,DaughterOf
"Anna Doukaina, sister of Eirene Doukaina and wife of Georgios Palaiologos","Maria of Bulgaria, wife of Andronikos Doukas",Female,Female,DaughterOf
"Zoe Doukaina, daughter of Konstantinos X","Nikephoros Diogenes, son of Romanos IV",Female,Female,HalfSisterOf
"Cecilia of France, wife of Tancred of Hauteville, then of Pons of Tripoli","Fulk V, count of Anjou, king of Jerusalem",Female,,HalfSisterOf
"Euphrosyne Bobaina, aunt of Michael Attaleiates' wife",Michael Attaleiates,Female,Male,RelativeOf
"Georgios, involved in lawsuit about validity of marriage","Theodote, young girl whose marriage was annulled",Male,Female,HusbandOf
Michael Attaleiates,"Euphrosyne Bobaina, aunt of Michael Attaleiates' wife",Male,Female,RelativeOf
"Theodote, young girl whose marriage was annulled","Georgios, involved in lawsuit about validity of marriage",Female,Male,WifeOf
"Euphemia, adopted daughter of Michael Psellos",Michael Psellos (named Konstantinos till tonsure in 1054),Female,Male,AdoptedDaughterOf
"Konstantinos, cousin of Ioannes Orphanotrophos","Ioannes the Orphanotrophos, brother of Michael IV",Male,Eunuch,CousinOf
"Baldwin of Bourcq, Baldwin II, king of Jerusalem","Hugh of Le Puiset, count of Jaffa",Male,Male,CousinOf
"Hugh of Le Puiset, count of Jaffa","Baldwin of Bourcq, Baldwin II, king of Jerusalem",Male,Male,CousinOf
"Henry IV, king of Germany and western emperor","Adalbero, son of Conrad, Count of Luxembourg",Male,Male,RelativeOf
"Adalbero, son of Conrad, Count of Luxembourg","Henry IV, king of Germany and western emperor",Male,Male,RelativeOf
krites of Armeniakon,Michael Psellos (named Konstantinos till tonsure in 1054),Male,Male,SonOf
Kosmas Anemosphaktes,"Kosmas, great-grandfather of Kosmas Anemosphaktes",Male,,GreatGrandSonOf
"Demetrios, son(-in-law) of Poletianos","Poletianos, father(-in-law) of Demetrios",Male,Male,SonInLawOf
"Georgios exaktor, son-in-law of Konstantinos (nephew of Keroularios), and grandfather of Tzetzes","Konstantinos, nephew of patriarch Michael I Keroularios",,Male,SonInLawOf
"Romuald, prominent person in Bari, full brother of Petros","Petros, prominent person in Bari, full brother of Romoaldus",Male,Male,BrotherOf
"Petros, prominent person in Bari, full brother of Romoaldus","Romuald, prominent person in Bari, full brother of Petros",Male,Male,BrotherOf
"Baldwin of Boulogne, Baldwin I, king of Jerusalem","Godfrey of Bouillon, duke of Lower Lorraine, first Latin ruler of Jerusalem",Male,Male,BrotherOf
"Godfrey of Bouillon, duke of Lower Lorraine, first Latin ruler of Jerusalem","Baldwin of Boulogne, Baldwin I, king of Jerusalem",Male,Male,BrotherOf
"Muhammad ibn Malik-Shah, Seljuq sultan","Sanjar ibn Malik-Shah, Seljuq sultan, ruler of Khurasan",,,BrotherOf
"Sanjar ibn Malik-Shah, Seljuq sultan, ruler of Khurasan","Muhammad ibn Malik-Shah, Seljuq sultan",,,BrotherOf
two daughters from first marriage of wife of epi ton deeseon Nikolaos,"Nikolaos, epi ton deeseon",Female,Male,StepDaughterOf
daughter of first marriage of Romanised barbarian,second wife of Romanised barbarian,Eunuch,Female,StepDaughterOf
woman whose dowry came from her step-father's guarantors,second husband who provided guarantors for his stepchildren,Female,Male,StepDaughterOf
"Baldwin of Bourcq, Baldwin II, king of Jerusalem","Godfrey of Bouillon, duke of Lower Lorraine, first Latin ruler of Jerusalem",Male,Male,RelativeOf
"Garnier (Warner), count of Grez","Godfrey of Bouillon, duke of Lower Lorraine, first Latin ruler of Jerusalem",Male,Male,RelativeOf
"Godfrey of Bouillon, duke of Lower Lorraine, first Latin ruler of Jerusalem","Garnier (Warner), count of Grez",Male,Male,RelativeOf
"Godfrey of Bouillon, duke of Lower Lorraine, first Latin ruler of Jerusalem","Baldwin of Bourcq, Baldwin II, king of Jerusalem",Male,Male,RelativeOf
"Baldwin of Bourcq, Baldwin II, king of Jerusalem","Roger of Salerno, prince (regent?) of Antioch",Male,Male,RelativeOf
"Roger of Salerno, prince (regent?) of Antioch","Baldwin of Bourcq, Baldwin II, king of Jerusalem",Male,Male,RelativeOf
"Bertrade de Montfort, mother of king Fulk of Jerusalem","Philip I, king of France",Female,Male,WifeOf
"Bertrand of St Gilles, count of Tripoli","William Jordan, count of Cerdagne",Male,Male,CousinOf
"William Jordan, count of Cerdagne","Bertrand of St Gilles, count of Tripoli",Male,Male,CousinOf
"Cecilia of France, wife of Tancred of Hauteville, then of Pons of Tripoli","Philip I, king of France",Female,Male,DaughterOf
Guy of Hauteville,Bohemond of Taranto,Male,Male,NephewOf
"Philip I, king of France","Bertrade de Montfort, mother of king Fulk of Jerusalem",Male,Female,HusbandOf
Richard of the Principate,"Tancred of Hauteville, nephew of Bohemond of Taranto",Male,Male,RelativeOf
"Tancred of Hauteville, nephew of Bohemond of Taranto",Richard of the Principate,Male,Male,RelativeOf
Roger I of Sicily,Bohemond of Taranto,Male,Male,BrotherOf
"Stephen, count of Chartres and Blois","Robert [Curthose], count [duke] of Normandy",Male,Male,HusbandOf
"Botaneiates, grandson (Nikephoros?) of Nikephoros III",Anna Dalassene,Male,Female,PartnerOf
"Malik-Shah, Seljuk sultan","freed concubine of sultan Malik-Shah, mother of sultans Muhammad and Sanjar",Male,,HusbandOf
Andronikos Balantes,"Melias, protospatharios and strategos",Male,Male,FatherOf
"Melias, protospatharios and strategos",Andronikos Balantes,Male,Male,FatherOf
"Anna, step-sister of Kale","Kale, step-sister of Anna",Female,Female,StepSisterOf
"Kale, step-sister of Anna","Anna, step-sister of Kale",Female,Female,StepSisterOf
"Mitze, sister of Anna","Anna, sister of Mitze",Female,Female,StepSisterOf
second wife of Romanised barbarian,daughter of first marriage of Romanised barbarian,Female,Eunuch,StepMotherOf
daughter of magistros Gorgoploutos,husband of the daughter of Gorgoploutos,Female,Male,ExWifeOf
"(Bertha, countess of Holland), first wife of Philip I of France","Philip I, king of France",,Male,ExWifeOf
grandson of Maria Kastorissa,Basileios Synadenos,Male,Male,SonInLawOf
husband of the daughter of Gorgoploutos,daughter of magistros Gorgoploutos,Male,Female,ExHusbandOf
first son of Kamelaukas,"Kamelaukas, protospatharios",Male,Male,SonOf
Basileios Synadenos,grandson of Maria Kastorissa,Male,Male,FatherOf
"Ioannes, brother of Demetrios","Theoktistos, abductor of his nephew and his betrothed",Male,Male,NephewOf
"Theoktistos, abductor of his nephew and his betrothed","Ioannes, brother of Demetrios",Male,Male,UncleOf
"Theophano, daughter of Ioannes Parsakoutenos","Theophylaktos, son of Romanos Saronites",Female,Male,RelativeOf
"Theophylaktos, son of Romanos Saronites","Theophano, daughter of Ioannes Parsakoutenos",Male,Female,RelativeOf
"Theophano, daughter of Agathe","Michael, magistros and raiktor",Female,,GrandDaughterOf
"(Elizabeth), mother of Joscelin I, aunt of Baldwin II","Baldwin of Bourcq, Baldwin II, king of Jerusalem",Female,Male,AuntOf
"freed concubine of sultan Malik-Shah, mother of sultans Muhammad and Sanjar","Malik-Shah, Seljuk sultan",,Male,WifeOf
Emperor Konstantinos VIII,Konstantinos Dalassenos,Male,Male,FatherOf
"Nikolaos, protospatharios and man of krites of the velon Christophoros","Christophoros, krites of the velon and of Boleron, Strymon and Thessalonike",Male,Male,RelativeOf
"Christophoros Kopsenos, magistros, megas chartoularios and anagrapheus of Kos",Emperor Alexios I Komnenos,Male,Male,RelativeOf
imperial agent who went with Christodoulos of Patmos to Kos (Nikolaos Tzanzes?),Emperor Alexios I Komnenos,Male,Male,RelativeOf
"Ioannes Melidones, krites of the hippodrome","Nikephoros Melissenos, kaisar",Male,Male,RelativeOf
"Ioannikios, megas oikonomos of Hagia Sophia","Ioannes VIII Xiphilinos, patriarch of Constantinople",Male,Male,RelativeOf
"Eustathios Charsianites, strategos of Samos",Anna Dalassene,Male,Female,RelativeOf
"Eugenios, kouboukleisios, subordinate of krites Niketas Xiphilinos","Niketas Xiphilinos, krites and anagrapheus of Boleron, Strymon and Thessalonike",Male,Male,RelativeOf
man of Katakalon Kekaumenos,Katakalon Kekaumenos,Male,Male,RelativeOf
